datetime,thermal_load_baseline(kW),thermal_load_MPC(kW),TOU($/kWh),temp_amb,q_sol,elec_load(kW)
2024-02-16 00:00:00,-56.933366528657615,1.5189037437706399e-05,0.0192,1.9555555555555533,0.0,2.512463064
2024-02-16 00:15:00,-53.53946890803876,1.5189037437706399e-05,0.0192,2.0222222222222226,0.0,2.507019794
2024-02-16 00:30:00,0.0,0.11586878354062034,0.0192,1.9444444444444444,0.0,2.501576525
2024-02-16 00:45:00,-50.318517964166205,0.06024509462075607,0.0192,1.8222222222222189,0.0,2.508265856
2024-02-16 01:00:00,-48.11629951668288,0.08762436452893234,0.0192,1.6666666666666667,0.0,2.514955187
2024-02-16 01:15:00,0.0,0.10754262085605792,0.0192,1.5000000000000016,0.0,2.521644519
2024-02-16 01:30:00,-42.849697400418606,0.09207342328842257,0.0192,1.3444444444444454,0.0,2.52833385
2024-02-16 01:45:00,-38.86912273994978,0.12550464837552608,0.0192,1.1111111111111112,0.0,2.52534234
2024-02-16 02:00:00,0.0,0.13355287732180782,0.0192,0.9222222222222244,0.0,2.52235083
2024-02-16 02:15:00,-32.87298900712725,0.14722123880001856,0.0192,0.2999999999999995,0.0,2.51935932
2024-02-16 02:30:00,-33.32670358390577,0.18959962319947082,0.0192,0.3111111111111124,0.0,2.51636781
2024-02-16 02:45:00,0.0,1.5508048024892664,0.0192,0.6333333333333336,0.0,2.512579801
2024-02-16 03:00:00,-27.39004012662956,0.8365186256710279,0.0192,0.5444444444444466,0.0,2.508791791
2024-02-16 03:15:00,-26.73887585526141,1.3619641389839012,0.0192,0.4111111111111082,0.0,2.505003782
2024-02-16 03:30:00,0.0,3.48290003188578,0.0192,0.2111111111111085,0.0,2.501215772
2024-02-16 03:45:00,-17.793905408992877,1.252818755379316,0.0192,-0.211111111,0.0,2.500290348
2024-02-16 04:00:00,-17.794642675967815,3.188173531191802,0.0192,-0.688888889,0.0,2.499364923
2024-02-16 04:15:00,0.0,22.37533710298832,0.0192,-1.088888889,0.0,2.498439499
2024-02-16 04:30:00,-7.53904288419049,3.5485923583516086,0.0192,-1.088888889,0.0,2.497514074
2024-02-16 04:45:00,-12.009694083717017,16.826004395886994,0.0192,-0.555555556,0.0,2.546246349
2024-02-16 05:00:00,0.0,32.36717984333496,0.0192,0.0222222222222217,0.0,2.594978623
2024-02-16 05:15:00,-1.430207315960197,11.112890675909412,0.0192,-0.233333333,0.0,2.643710897
2024-02-16 05:30:00,-9.139504638805244,102.94148318598116,0.0192,-0.644444444,0.0,2.692443171
2024-02-16 05:45:00,0.0,263.9335653410714,0.0192,-0.922222222,0.0,2.932605093
2024-02-16 06:00:00,1.2723593642080853,278.21806907274663,0.0192,-1.177777778,0.0,3.172767015
2024-02-16 06:15:00,513.4263990847874,284.6282372503465,0.0192,-1.344444444,0.0,3.412928937
2024-02-16 06:30:00,0.0,280.44306593771864,0.0192,-1.411111111,0.0,3.653090859
2024-02-16 06:45:00,391.42194791454,280.7867263271166,0.0192,-1.344444444,0.0,4.198524971
2024-02-16 07:00:00,406.4496538228619,277.5477768354674,0.0192,-1.355555556,0.0,4.743959082
2024-02-16 07:15:00,335.693719000416,277.1587907794313,0.0192,-1.455555556,9.8,5.289393193
2024-02-16 07:30:00,305.20049067831076,274.7927104119935,0.0192,-1.555555556,21.2,5.834827304
2024-02-16 07:45:00,275.4401989136065,274.7296699720209,0.0192,-1.555555556,55.6,6.267754466
2024-02-16 08:00:00,249.92458236126285,273.2946809990695,0.2583,-1.455555556,63.4,6.700681628
2024-02-16 08:15:00,227.68550715001575,104.80555918332132,0.2583,-1.555555556,79.8,7.13360879
2024-02-16 08:30:00,208.00764363254828,68.73773633416184,0.2583,-1.522222222,72.8,7.566535952
2024-02-16 08:45:00,190.7609771651936,55.180049690161034,0.2583,-1.744444444,107.6,7.620890109
2024-02-16 09:00:00,174.7588322671044,44.62416260563883,0.2583,-1.722222222,99.8,7.675244265
2024-02-16 09:15:00,159.57818873355694,32.33473209262769,0.2583,-1.777777778,197.6,7.729598421
2024-02-16 09:30:00,144.90134930558844,19.4881718976645,0.2583,-1.844444444,205.4,7.783952577
2024-02-16 09:45:00,128.0277910361244,10.375311122004705,0.2583,-1.7,123.8,7.912261707
2024-02-16 10:00:00,110.52397625446656,6.470380225215812,0.2583,-1.055555556,358.2,8.040570837
2024-02-16 10:15:00,93.88060643920988,3.0948095017595247,0.2583,-1.222222222,435.0,8.168879966
2024-02-16 10:30:00,76.51746471915457,0.2201372311269628,0.2583,-1.388888889,145.6,8.297189096
2024-02-16 10:45:00,60.88896339200184,0.12009912970330867,0.2583,-1.411111111,128.4,8.259370396
2024-02-16 11:00:00,46.806801168559296,0.12200373973460428,0.2583,-1.255555556,532.6,8.221551696
2024-02-16 11:15:00,33.53254098488482,0.1219193137813052,0.2583,-0.855555556,251.6,8.183732996
2024-02-16 11:30:00,22.22417922368101,0.13805861029638986,0.2583,-1.355555556,92.0,8.145914296
2024-02-16 11:45:00,11.9656798104717,0.1648717692720094,0.2583,-1.922222222,73.0,8.152832369
2024-02-16 12:00:00,1.91894944286702,-3.1811627347348685,0.2583,-1.777777778,455.0,8.159750443
2024-02-16 12:15:00,-4.330260484490082,-82.3481446402588,0.2583,-1.833333333,169.6,8.166668516
2024-02-16 12:30:00,-9.697745455498916,-68.4346239605329,0.2583,-1.7,268.2,8.17358659
2024-02-16 12:45:00,-13.475054048307712,-54.52106676198677,0.2583,-1.488888889,301.2,8.164622613
2024-02-16 13:00:00,-16.380694185304215,-40.607507748337696,0.2583,-1.433333333,226.0,8.155658637
2024-02-16 13:15:00,-18.182330391984586,-29.700699920987134,0.2583,-1.355555556,305.4,8.14669466
2024-02-16 13:30:00,-17.88367008796821,-15.7871418039311,0.2583,-1.244444444,193.8,8.137730684
2024-02-16 13:45:00,-16.560897661437455,-1.8735947885875712,0.2583,-1.044444444,207.4,8.052335713
2024-02-16 14:00:00,-14.981922035399332,2.4445968283330544,0.2583,-0.666666667,150.0,7.966940742
2024-02-16 14:15:00,-10.370614252702325,3.478712477176373,0.2583,-0.8,146.8,7.88154577
2024-02-16 14:30:00,-5.4345120016078585,4.510657114425384,0.2583,-0.922222222,71.4,7.796150799
2024-02-16 14:45:00,0.6165716164604101,4.968155337994022,0.2583,-0.966666667,104.4,7.643312227
2024-02-16 15:00:00,7.353944021127244,8.22487590401455,0.2583,-0.966666667,70.2,7.490473654
2024-02-16 15:15:00,14.357423585318337,11.900467228990712,0.2583,-1.011111111,45.2,7.337635082
2024-02-16 15:30:00,21.541283049242516,15.872372589849231,0.2583,-1.055555556,44.0,7.184796509
2024-02-16 15:45:00,30.082962926499505,19.767260294406608,0.2583,-1.155555556,47.6,6.936108118
2024-02-16 16:00:00,39.64188731512792,23.764826125173688,0.2583,-1.211111111,31.2,6.687419728
2024-02-16 16:15:00,49.927888955359855,30.155995595061903,0.2583,-1.066666667,20.6,6.438731337
2024-02-16 16:30:00,61.064576604341966,41.93453552909185,0.2583,-1.022222222,11.8,6.190042946
2024-02-16 16:45:00,74.67252641855497,53.709883533017674,0.2583,-1.333333333,13.2,6.056652038
2024-02-16 17:00:00,88.81557452066465,65.41523974210938,0.2583,-1.4,14.0,5.92326113
2024-02-16 17:15:00,105.47473574058645,76.8267104125303,0.2583,-1.422222222,7.4,5.789870222
2024-02-16 17:30:00,122.01513770766364,89.27950936095144,0.2583,-1.433333333,0.0,5.656479314
2024-02-16 17:45:00,141.16985582149712,116.40390002488988,0.2583,-1.433333333,0.0,5.564043579
2024-02-16 18:00:00,153.5977188098188,145.88353512161262,0.2583,-1.411111111,0.0,5.471607844
2024-02-16 18:15:00,158.86118765502357,206.7848035676985,0.2583,-1.5,0.0,5.379172109
2024-02-16 18:30:00,162.540044029052,206.7848046527551,0.2583,-1.555555556,0.0,5.286736374
2024-02-16 18:45:00,166.3507737031673,206.7848039538732,0.2583,-1.555555556,0.0,5.032338588
2024-02-16 19:00:00,169.64024909134176,206.78480571284663,0.2583,-1.633333333,0.0,4.777940802
2024-02-16 19:15:00,172.7457642140405,207.70481412998348,0.2583,-1.555555556,0.0,4.523543016
2024-02-16 19:30:00,175.9343959445065,207.70481414609432,0.2583,-1.588888889,0.0,4.26914523
2024-02-16 19:45:00,180.5392767509203,221.7515823975397,0.2583,-1.711111111,0.0,4.150947249
2024-02-16 20:00:00,186.1260912725236,235.7983523543905,0.2583,-1.855555556,0.0,4.032749269
2024-02-16 20:15:00,208.81595206604248,251.68513963655627,0.2583,-1.833333333,0.0,3.914551289
2024-02-16 20:30:00,214.2688117448954,265.7319080962615,0.2583,-1.722222222,0.0,3.796353309
2024-02-16 20:45:00,0.0,273.0583560949202,0.2583,-1.833333333,0.0,3.642111457
2024-02-16 21:00:00,222.93860162661164,273.0540183252483,0.2583,-1.833333333,0.0,3.487869605
2024-02-16 21:15:00,-137.23449944858967,9.650473415026496e-08,0.2583,-1.866666667,0.0,3.333627754
2024-02-16 21:30:00,0.0,-6.985523052783943e-08,0.2583,-1.877777778,0.0,3.179385902
2024-02-16 21:45:00,-107.15650241234691,9.543900787648153e-08,0.2583,-1.888888889,0.0,3.018163703
2024-02-16 22:00:00,-96.11529351404559,1.470203382754e-07,0.0192,-1.833333333,0.0,2.856941505
2024-02-16 22:15:00,0.0,-5.94971791505058e-08,0.0192,-1.777777778,0.0,2.695719306
2024-02-16 22:30:00,-89.3936443620306,1.058950432113e-07,0.0192,-1.722222222,0.0,2.534497107
2024-02-16 22:45:00,-76.15354097633647,4.2212838223494676e-08,0.0192,-1.866666667,0.0,2.531710231
2024-02-16 23:00:00,0.0,1.003915669541e-07,0.0192,-1.944444444,0.0,2.528923355
2024-02-16 23:15:00,-72.22409596967825,1.34517167916e-07,0.0192,-1.988888889,0.0,2.526136478
2024-02-16 23:30:00,-67.26407953701019,8.306203039309443e-08,0.0192,-1.888888889,0.0,2.523349602
2024-02-16 23:45:00,0.0,2.3651008135899998e-07,0.0192,-2.0,0.0,2.517906333
2024-02-17 00:00:00,-60.56404684284104,1.0826057641687099e-05,0.0192,-1.933333333,0.0,2.512463064
2024-02-17 00:15:00,-50.20136241057616,2.20057975469997e-05,0.0192,-1.955555556,0.0,0.193914484
2024-02-17 00:30:00,0.0,0.16734012687065838,0.0192,-2.077777778,0.0,2.188883547
2024-02-17 00:45:00,-50.68945590227182,0.11178481125834967,0.0192,-2.022222222,0.0,2.123607252
2024-02-17 01:00:00,-46.80683459490468,0.13995426545729775,0.0192,-2.211111111,0.0,2.058330958
2024-02-17 01:15:00,0.0,0.1869785863669645,0.0192,-2.566666667,0.0,1.993054664
2024-02-17 01:30:00,-41.42236115071253,0.14836091576810223,0.0192,-2.888888889,0.0,1.927778369
2024-02-17 01:45:00,-37.948377453508286,0.1924324137274755,0.0192,-3.1,0.0,1.858787563
2024-02-17 02:00:00,0.0,0.210236158948011,0.0192,-3.288888889,0.0,1.789796758
2024-02-17 02:15:00,-27.552071889794856,0.2165265886837588,0.0192,-3.255555556,0.0,1.720805952
2024-02-17 02:30:00,-24.695213423673348,1.1197031182859212,0.0192,-3.266666667,0.0,1.651815146
2024-02-17 02:45:00,0.0,2.6249489864339237,0.0192,-3.266666667,0.0,1.517014315
2024-02-17 03:00:00,-14.3203514207211,1.522466607052032,0.0192,-3.444444444,0.0,1.382213483
2024-02-17 03:15:00,-13.809939322309623,2.122719575652571,0.0192,-3.411111111,0.0,1.247412652
2024-02-17 03:30:00,0.0,5.587916750198251,0.0192,-3.344444444,0.0,1.112611821
2024-02-17 03:45:00,0.03099804602126869,2.2155190739608455,0.0192,-3.233333333,0.0,1.07298562
2024-02-17 04:00:00,-6.291169300653247,4.559483853904663,0.0192,-3.455555556,0.0,1.03335942
2024-02-17 04:15:00,0.0,32.25485968711901,0.0192,-3.988888889,0.0,0.99373322
2024-02-17 04:30:00,17.363336479111915,4.087514874335212,0.0192,-4.222222222,0.0,0.95410702
2024-02-17 04:45:00,9.035611430901435,18.42177342438355,0.0192,-4.311111111,0.0,0.934626858
2024-02-17 05:00:00,0.0,47.73237881711306,0.0192,-4.444444444,0.0,0.915146697
2024-02-17 05:15:00,31.837206547388647,13.788583966695183,0.0192,-4.444444444,0.0,0.895666535
2024-02-17 05:30:00,17.38997357328114,130.62234199434891,0.0192,-4.444444444,0.0,0.876186374
2024-02-17 05:45:00,0.0,273.0268587997333,0.0192,-4.388888889,0.0,0.857864149
2024-02-17 06:00:00,42.262342753806465,279.86569771142825,0.0192,-4.344444444,0.0,0.839541925
2024-02-17 06:15:00,501.0384277102689,289.8204289588343,0.0192,-4.677777778,0.0,0.8212197
2024-02-17 06:30:00,0.0,287.3727380028922,0.0192,-4.677777778,0.0,0.802897476
2024-02-17 06:45:00,471.18001565470354,282.6279559392845,0.0192,-4.588888889,0.0,0.792731903
2024-02-17 07:00:00,471.5008191139306,282.15395007699124,0.0192,-4.777777778,0.0,0.78256633
2024-02-17 07:15:00,0.0,282.1242222274085,0.0192,-4.8,10.6,0.772400757
2024-02-17 07:30:00,404.809901881714,279.6867462271153,0.0192,-4.822222222,17.4,0.762235184
2024-02-17 07:45:00,453.86713748127755,284.7418398012773,0.0192,-4.666666667,39.8,0.69491219
2024-02-17 08:00:00,0.0,283.1748033373613,0.2583,-4.877777778,52.0,0.627589196
2024-02-17 08:15:00,357.71914082442186,281.63993116085777,0.2583,-4.766666667,85.6,0.560266203
2024-02-17 08:30:00,430.1902051774832,282.020355615095,0.2583,-4.566666667,98.0,0.492943209
2024-02-17 08:45:00,0.0,282.55616951916227,0.2583,-4.433333333,90.8,0.438600654
2024-02-17 09:00:00,339.8271554444066,282.36255487277566,0.2583,-4.155555556,104.8,0.384258098
2024-02-17 09:15:00,404.3951615932983,282.0257449305757,0.2583,-4.588888889,138.0,0.329915543
2024-02-17 09:30:00,0.0,281.1084382899321,0.2583,-4.711111111,178.8,0.275572987
2024-02-17 09:45:00,324.611182340172,279.56042397273615,0.2583,-4.311111111,133.2,0.25469647
2024-02-17 10:00:00,383.3752836617672,281.02770766670653,0.2583,-4.422222222,266.8,0.233819953
2024-02-17 10:15:00,0.0,279.6906295380957,0.2583,-4.277777778,340.4,0.212943435
2024-02-17 10:30:00,307.35151091587386,279.42858949437397,0.2583,-3.877777778,195.2,0.192066918
2024-02-17 10:45:00,363.60792670933927,279.71367130229686,0.2583,-3.733333333,303.4,0.218476802
2024-02-17 11:00:00,0.0,279.90455677811246,0.2583,-3.966666667,345.6,0.219061619
2024-02-17 11:15:00,290.2366946940094,278.9997075357359,0.2583,-3.955555556,257.4,0.219646436
2024-02-17 11:30:00,344.6212547485388,279.9524942359991,0.2583,-4.022222222,376.4,0.220231253
2024-02-17 11:45:00,0.0,277.51826534212785,0.2583,-4.422222222,52.8,0.22081607
2024-02-17 12:00:00,285.96989161657694,279.9251454208912,0.2583,-5.488888889,112.6,0.221400887
2024-02-17 12:15:00,337.63972968091235,280.6031388153858,0.2583,-5.344444444,318.2,0.221985705
2024-02-17 12:30:00,0.0,279.7684528048326,0.2583,-5.555555556,241.8,0.222570522
2024-02-17 12:45:00,280.28853306880256,279.085044621781,0.2583,-5.5,305.4,0.223155339
2024-02-17 13:00:00,336.37172974249495,278.78535089901794,0.2583,-5.511111111,226.2,0.223740156
2024-02-17 13:15:00,0.0,278.1224938622842,0.2583,-4.811111111,406.2,0.224324973
2024-02-17 13:30:00,285.8131201187725,276.6849960365146,0.2583,-4.644444444,292.6,0.22490979
2024-02-17 13:45:00,334.6263315591552,278.73363452633305,0.2583,-4.477777778,258.6,0.225494607
2024-02-17 14:00:00,0.0,279.7524347542418,0.2583,-3.833333333,362.0,0.226079424
2024-02-17 14:15:00,288.17431023615455,279.5939280628757,0.2583,-3.511111111,623.8,0.226664241
2024-02-17 14:30:00,338.8455753721842,278.28037990722714,0.2583,-3.822222222,135.6,0.227249058
2024-02-17 14:45:00,0.0,278.56092198927536,0.2583,-4.333333333,169.4,0.244840618
2024-02-17 15:00:00,292.5975302871339,278.69353707939035,0.2583,-4.244444444,254.4,0.262432178
2024-02-17 15:15:00,347.44852813060385,278.66222716262183,0.2583,-4.111111111,179.0,0.280023738
2024-02-17 15:30:00,0.0,277.61050658806585,0.2583,-4.211111111,180.4,0.297615298
2024-02-17 15:45:00,307.9918747564758,279.1827859730892,0.2583,-3.933333333,352.4,0.332660464
2024-02-17 16:00:00,358.5353161921588,280.08433721035226,0.2583,-3.888888889,118.2,0.36770563
2024-02-17 16:15:00,0.0,280.4294924161299,0.2583,-4.433333333,67.2,0.402750796
2024-02-17 16:30:00,320.31033828481986,281.0102899196828,0.2583,-5.655555556,195.4,0.437795962
2024-02-17 16:45:00,374.22960028474614,280.92661082798736,0.2583,-5.388888889,67.0,0.48699594
2024-02-17 17:00:00,0.0,280.41317453898785,0.2583,-5.011111111,33.2,0.536195918
2024-02-17 17:15:00,339.1920987213965,281.4410843714311,0.2583,-5.1,33.0,0.585395896
2024-02-17 17:30:00,389.1887414590664,281.44705235654646,0.2583,-5.5,4.2,0.634595874
2024-02-17 17:45:00,0.0,281.5387533841008,0.2583,-5.344444444,0.0,0.687433824
2024-02-17 18:00:00,351.8806309384875,280.9023502914074,0.2583,-5.177777778,0.0,0.740271774
2024-02-17 18:15:00,402.5403909330176,281.2433695251557,0.2583,-5.133333333,0.0,0.793109724
2024-02-17 18:30:00,0.0,281.87565845326964,0.2583,-5.122222222,0.0,0.845947674
2024-02-17 18:45:00,354.01883376977656,281.5930007214098,0.2583,-5.233333333,0.0,1.056741172
2024-02-17 19:00:00,402.01464751197113,282.1466550274069,0.2583,-5.4,0.0,1.26753467
2024-02-17 19:15:00,0.0,281.44072465986386,0.2583,-5.411111111,0.0,1.478328168
2024-02-17 19:30:00,350.05026530104243,281.3312151506426,0.2583,-5.644444444,0.0,1.689121665
2024-02-17 19:45:00,398.9161816170364,280.78899906929723,0.2583,-5.833333333,0.0,2.084486611
2024-02-17 20:00:00,0.0,280.9506651431433,0.2583,-6.077777778,0.0,2.479851556
2024-02-17 20:15:00,344.54442102259827,282.3453062506262,0.2583,-6.211111111,0.0,2.875216501
2024-02-17 20:30:00,396.0778570839308,280.1811193525073,0.2583,-6.2,0.0,3.270581447
2024-02-17 20:45:00,0.0,276.72365639788546,0.2583,-6.166666667,0.0,3.253101885
2024-02-17 21:00:00,347.20956944149486,273.9775502262359,0.2583,-6.222222222,0.0,3.235622324
2024-02-17 21:15:00,-190.35082877385253,-9.354865263490253e-08,0.2583,-6.333333333,0.0,3.218142762
2024-02-17 21:30:00,0.0,-3.515645833880322e-08,0.2583,-6.455555556,0.0,3.200663201
2024-02-17 21:45:00,-80.38852918583359,7.649939745300372e-08,0.2583,-6.5,0.0,3.102091963
2024-02-17 22:00:00,-46.051699493287984,7.139403231452289e-08,0.0192,-6.444444444,0.0,3.003520725
2024-02-17 22:15:00,0.0,1.087456815059e-07,0.0192,-6.488888889,0.0,2.904949487
2024-02-17 22:30:00,-20.355556929120443,-3.0122774745189264e-08,0.0192,-6.566666667,0.0,2.806378249
2024-02-17 22:45:00,-11.80972252507867,5.7812986044347864e-08,0.0192,-6.611111111,0.0,2.760354948
2024-02-17 23:00:00,0.0,3.986973625356323e-09,0.0192,-6.211111111,0.0,2.714331647
2024-02-17 23:15:00,10.76425042130038,-5.232274810447445e-08,0.0192,-5.944444444,0.0,2.668308346
2024-02-17 23:30:00,5.032244067077448,1.650205130970942e-08,0.0192,-5.888888889,0.0,2.622285045
2024-02-17 23:45:00,0.0,1.0997733946391e-06,0.0192,-5.955555556,0.0,2.51393467
2024-02-18 00:00:00,30.194396826491257,1.3488789858409201e-05,0.0192,-5.777777778,0.0,2.405584296
2024-02-18 00:15:00,25.311080528954196,1.02433412653432e-05,0.0192,-5.677777778,0.0,0.178021895
2024-02-18 00:30:00,0.0,0.1940740084428927,0.0192,-5.766666667,0.0,1.505684648
2024-02-18 00:45:00,42.18196061948382,0.12474113733066945,0.0192,-6.188888889,0.0,1.527531097
2024-02-18 01:00:00,13.942317119444096,0.15374243980419047,0.0192,-6.122222222,0.0,1.549377546
2024-02-18 01:15:00,0.0,0.2173623848300515,0.0192,-6.3,0.0,1.571223995
2024-02-18 01:30:00,54.41602686381122,0.16396209912858573,0.0192,-6.355555556,0.0,1.593070443
2024-02-18 01:45:00,23.896924371306845,0.21503729461176133,0.0192,-6.444444444,0.0,1.597524272
2024-02-18 02:00:00,0.0,0.23888213057078,0.0192,-6.566666667,0.0,1.6019781
2024-02-18 02:15:00,67.17967534465403,0.22942872506852682,0.0192,-6.544444444,0.0,1.606431928
2024-02-18 02:30:00,30.790480046103784,1.2777126510211856,0.0192,-6.377777778,0.0,1.610885756
2024-02-18 02:45:00,0.0,2.889874203689676,0.0192,-5.944444444,0.0,1.593622844
2024-02-18 03:00:00,78.55956680758257,1.6239903629916645,0.0192,-5.644444444,0.0,1.576359932
2024-02-18 03:15:00,36.1810633184072,2.25454398341454,0.0192,-5.366666667,0.0,1.559097019
2024-02-18 03:30:00,0.0,6.303970917347667,0.0192,-5.222222222,0.0,1.541834107
2024-02-18 03:45:00,98.6392083755692,2.3606320979697397,0.0192,-5.166666667,0.0,1.566184265
2024-02-18 04:00:00,41.74233208691338,4.7279339778148906,0.0192,-5.022222222,0.0,1.590534422
2024-02-18 04:15:00,0.0,36.731182902552625,0.0192,-5.266666667,0.0,1.61488458
2024-02-18 04:30:00,108.23908474944004,3.775238140589158,0.0192,-5.5,0.0,1.639234738
2024-02-18 04:45:00,48.831666401725094,18.38530239017361,0.0192,-5.7,0.0,1.691198106
2024-02-18 05:00:00,0.0,53.284987876016686,0.0192,-5.811111111,0.0,1.743161474
2024-02-18 05:15:00,119.34950999190244,14.21152399045705,0.0192,-5.511111111,0.0,1.795124842
2024-02-18 05:30:00,84.0166313366005,144.42801391842914,0.0192,-5.055555556,0.0,1.847088211
2024-02-18 05:45:00,0.0,273.2825630988597,0.0192,-4.9,0.0,1.730712434
2024-02-18 06:00:00,131.3553139990856,281.11142825055606,0.0192,-4.9,0.0,1.614336658
2024-02-18 06:15:00,503.05716231901,285.77123713757373,0.0192,-5.144444444,0.0,1.497960882
2024-02-18 06:30:00,0.0,287.86650163817825,0.0192,-5.322222222,0.0,1.381585106
2024-02-18 06:45:00,494.59482243084534,284.4733027978014,0.0192,-5.388888889,0.0,1.313924315
2024-02-18 07:00:00,482.2533298656213,284.2478242351919,0.0192,-5.377777778,2.8,1.246263524
2024-02-18 07:15:00,0.0,282.90687406473495,0.0192,-5.388888889,16.8,1.178602733
2024-02-18 07:30:00,457.5972647626502,281.87656952626213,0.0192,-5.111111111,33.4,1.110941942
2024-02-18 07:45:00,468.9525083846309,282.2673970421855,0.0192,-5.1,52.0,0.95663645
2024-02-18 08:00:00,0.0,284.81404404172065,0.2583,-4.966666667,60.2,0.802330958
2024-02-18 08:15:00,401.3669599981024,282.9138926539257,0.2583,-4.811111111,92.4,0.648025466
2024-02-18 08:30:00,451.92120194672475,283.3181093483226,0.2583,-4.755555556,80.8,0.493719975
2024-02-18 08:45:00,0.0,282.7899778131978,0.2583,-4.611111111,82.6,0.43266926
2024-02-18 09:00:00,374.91198206154365,281.77508661962406,0.2583,-4.966666667,73.4,0.371618546
2024-02-18 09:15:00,429.7444969827648,281.6098352450483,0.2583,-4.833333333,105.4,0.310567831
2024-02-18 09:30:00,0.0,280.0634795187788,0.2583,-4.733333333,125.0,0.249517117
2024-02-18 09:45:00,345.73002375058775,281.5038822913544,0.2583,-4.733333333,115.8,0.25527764
2024-02-18 10:00:00,403.5779564456429,281.92952874286203,0.2583,-4.544444444,124.0,0.261038162
2024-02-18 10:15:00,0.0,281.2039647288608,0.2583,-4.444444444,131.4,0.266798684
2024-02-18 10:30:00,323.87585463173014,278.1754678419014,0.2583,-4.133333333,135.8,0.272559207
2024-02-18 10:45:00,370.02093738536126,281.02848251211003,0.2583,-4.144444444,144.4,0.172179441
2024-02-18 11:00:00,0.0,279.47159389324054,0.2583,-3.855555556,178.6,0.172040335
2024-02-18 11:15:00,306.365220768088,278.27249178530644,0.2583,-3.811111111,168.2,0.171901229
2024-02-18 11:30:00,339.8977545391783,280.0874742054716,0.2583,-3.933333333,178.2,0.171762123
2024-02-18 11:45:00,0.0,278.34346992384,0.2583,-3.633333333,169.4,0.171623017
2024-02-18 12:00:00,287.7773593576467,278.90997636157596,0.2583,-3.388888889,195.4,0.171483911
2024-02-18 12:15:00,315.55816488854873,277.706382861735,0.2583,-3.255555556,208.6,0.171344805
2024-02-18 12:30:00,0.0,280.0258391808405,0.2583,-3.044444444,192.4,0.171205699
2024-02-18 12:45:00,271.77539697160125,278.7879262108001,0.2583,-2.833333333,166.0,0.171066592
2024-02-18 13:00:00,294.50803560648967,278.860428566574,0.2583,-2.733333333,146.2,0.170927486
2024-02-18 13:15:00,0.0,277.178988212346,0.2583,-2.611111111,151.0,0.17078838
2024-02-18 13:30:00,264.47496746841495,279.1204903844952,0.2583,-2.333333333,163.4,0.170649274
2024-02-18 13:45:00,288.6305628526609,278.8920476065097,0.2583,-2.144444444,134.2,0.170510168
2024-02-18 14:00:00,0.0,278.465319048088,0.2583,-2.133333333,119.2,0.170371062
2024-02-18 14:15:00,263.1059477441781,278.0826311087485,0.2583,-1.966666667,129.4,0.170231956
2024-02-18 14:30:00,294.44917790574857,279.05136907572324,0.2583,-1.744444444,115.4,0.17009285
2024-02-18 14:45:00,0.0,278.3473224389738,0.2583,-1.655555556,109.0,0.180315358
2024-02-18 15:00:00,260.84580490363606,278.20154245229156,0.2583,-1.488888889,81.0,0.190537865
2024-02-18 15:15:00,300.8133611312922,277.80606554521387,0.2583,-1.3,49.6,0.200760373
2024-02-18 15:30:00,0.0,277.66115268605023,0.2583,-1.311111111,69.0,0.210982881
2024-02-18 15:45:00,263.9444492102777,277.052093000899,0.2583,-1.177777778,50.6,0.367663269
2024-02-18 16:00:00,314.86274683691886,278.34751746305955,0.2583,-1.188888889,38.0,0.524343657
2024-02-18 16:15:00,0.0,278.6229740738796,0.2583,-1.388888889,30.8,0.681024046
2024-02-18 16:30:00,281.9254144500958,278.4355235787191,0.2583,-1.544444444,38.2,0.837704434
2024-02-18 16:45:00,346.3275676232726,278.94540477859715,0.2583,-1.422222222,28.0,0.83540473
2024-02-18 17:00:00,0.0,278.6013980166421,0.2583,-1.322222222,17.4,0.833105025
2024-02-18 17:15:00,318.1539083765647,278.2707635893225,0.2583,-1.4,8.2,0.830805321
2024-02-18 17:30:00,376.49164301016174,278.635328823194,0.2583,-1.477777778,0.0,0.828505616
2024-02-18 17:45:00,0.0,278.81914845546567,0.2583,-1.477777778,0.0,0.838582507
2024-02-18 18:00:00,335.82367830395464,277.1988503960481,0.2583,-1.366666667,0.0,0.848659398
2024-02-18 18:15:00,391.1775470494382,279.0417136642615,0.2583,-1.311111111,0.0,0.858736288
2024-02-18 18:30:00,0.0,277.85426747205776,0.2583,-1.2,0.0,0.868813179
2024-02-18 18:45:00,339.9569811783832,277.2916857968131,0.2583,-1.1,0.0,0.908907545
2024-02-18 19:00:00,393.3515270433636,278.88011682815653,0.2583,-1.022222222,0.0,0.949001911
2024-02-18 19:15:00,0.0,278.62954358480135,0.2583,-0.8,0.0,0.989096277
2024-02-18 19:30:00,339.8951471710175,278.06531919027566,0.2583,-0.722222222,0.0,1.029190643
2024-02-18 19:45:00,393.6957447233922,278.2714712841338,0.2583,-0.688888889,0.0,1.116549178
2024-02-18 20:00:00,0.0,277.2610901464016,0.2583,-0.611111111,0.0,1.203907714
2024-02-18 20:15:00,336.8196419329453,278.26400761778143,0.2583,-0.522222222,0.0,1.291266249
2024-02-18 20:30:00,389.08158394091197,276.8013949452314,0.2583,-0.522222222,0.0,1.378624785
2024-02-18 20:45:00,0.0,275.30779167196664,0.2583,-0.444444444,0.0,1.404024526
2024-02-18 21:00:00,327.6069572332615,273.6817404599159,0.2583,-0.455555556,0.0,1.429424266
2024-02-18 21:15:00,-101.69773438510241,-3.604659049459414e-08,0.2583,-0.511111111,0.0,1.454824007
2024-02-18 21:30:00,0.0,-8.024607825560766e-09,0.2583,-0.555555556,0.0,1.480223747
2024-02-18 21:45:00,-60.31009834414841,1.038387445834e-07,0.2583,-0.5,0.0,1.508182484
2024-02-18 22:00:00,-45.616253968579,1.237336742141e-07,0.0192,-0.477777778,0.0,1.53614122
2024-02-18 22:15:00,0.0,-5.324255867929988e-08,0.0192,-0.4,0.0,1.564099956
2024-02-18 22:30:00,-26.472972394538058,-7.912378526372945e-08,0.0192,-0.333333333,0.0,1.592058692
2024-02-18 22:45:00,-22.628650837871657,6.52279802468055e-08,0.0192,-0.711111111,0.0,1.59670461
2024-02-18 23:00:00,0.0,-3.173637584565435e-08,0.0192,-0.477777778,0.0,1.601350528
2024-02-18 23:15:00,-6.842762033072859,-3.10295895038922e-08,0.0192,-0.277777778,0.0,1.605996446
2024-02-18 23:30:00,-8.154898698981027,-6.259960710182524e-08,0.0192,-0.3,0.0,1.610642364
2024-02-18 23:45:00,0.0,9.492067129705364e-08,0.0192,-0.5,0.0,1.584402935
2024-02-19 00:00:00,8.468422118116509,2.0667986163089e-06,0.0192,-0.288888889,0.0,1.558163506
2024-02-19 00:15:00,-5.547770976800414,2.60125593231361e-05,0.0192,-0.266666667,0.0,2.507019794
2024-02-19 00:30:00,0.0,0.17500344056348432,0.0192,-0.922222222,0.0,2.501576525
2024-02-19 00:45:00,9.590494751288615,0.1125935154077821,0.0192,-1.544444444,0.0,2.508265856
2024-02-19 01:00:00,-3.535819086683524,0.13449576810073105,0.0192,-1.744444444,0.0,2.514955187
2024-02-19 01:15:00,0.0,0.17760302552504212,0.0192,-1.833333333,0.0,2.521644519
2024-02-19 01:30:00,20.893776483274518,0.1263100936576176,0.0192,-1.911111111,0.0,2.52833385
2024-02-19 01:45:00,1.5313405136488065,0.16848843393698343,0.0192,-1.933333333,0.0,2.52534234
2024-02-19 02:00:00,0.0,0.18931182123568627,0.0192,-1.722222222,0.0,2.52235083
2024-02-19 02:15:00,34.76008614021681,0.1818409433285239,0.0192,-1.966666667,0.0,2.51935932
2024-02-19 02:30:00,10.77274819209099,0.3065983396832,0.0192,-2.555555556,0.0,2.51636781
2024-02-19 02:45:00,0.0,2.4872546593121303,0.0192,-3.011111111,0.0,2.512579801
2024-02-19 03:00:00,47.380845440817964,0.9918008912003767,0.0192,-3.288888889,0.0,2.508791791
2024-02-19 03:15:00,20.006403601114854,1.679034691647223,0.0192,-3.422222222,0.0,2.505003782
2024-02-19 03:30:00,0.0,5.251510006301446,0.0192,-3.533333333,0.0,2.501215772
2024-02-19 03:45:00,63.06704064350245,1.5623643997625924,0.0192,-3.811111111,0.0,2.500290348
2024-02-19 04:00:00,30.863927995682445,3.9183086546824835,0.0192,-4.133333333,0.0,2.499364923
2024-02-19 04:15:00,0.0,33.710294339687366,0.0192,-4.233333333,0.0,2.498439499
2024-02-19 04:30:00,87.675749936055,2.67614651976506,0.0192,-4.711111111,0.0,2.497514074
2024-02-19 04:45:00,37.5725969886702,18.40566384569078,0.0192,-5.122222222,0.0,2.546246349
2024-02-19 05:00:00,0.0,45.76474858766629,0.0192,-5.433333333,0.0,2.594978623
2024-02-19 05:15:00,98.61413865296724,14.681544040022274,0.0192,-5.588888889,0.0,2.643710897
2024-02-19 05:30:00,44.42818544017798,135.89280398239174,0.0192,-5.788888889,0.0,2.692443171
2024-02-19 05:45:00,0.0,273.0391922729491,0.0192,-5.955555556,0.0,2.932605093
2024-02-19 06:00:00,105.6312109683874,280.5434410057721,0.0192,-6.166666667,0.0,3.172767015
2024-02-19 06:15:00,490.9225425809327,287.0518458035369,0.0192,-6.277777778,0.0,3.412928937
2024-02-19 06:30:00,0.0,286.66493780339465,0.0192,-6.477777778,0.0,3.653090859
2024-02-19 06:45:00,467.07791140087784,282.2242721886648,0.0192,-6.688888889,0.0,4.198524971
2024-02-19 07:00:00,460.7619472989485,279.1712197231683,0.0192,-6.944444444,2.8,4.743959082
2024-02-19 07:15:00,447.92580768313536,278.16759342500285,0.0192,-6.944444444,12.0,5.289393193
2024-02-19 07:30:00,436.7056619497175,276.90327784797324,0.0192,-6.944444444,20.0,5.834827304
2024-02-19 07:45:00,417.18131709230266,276.4335487967651,0.0192,-6.9,54.8,6.267754466
2024-02-19 08:00:00,392.2813951614149,274.91495480913403,0.2583,-6.733333333,94.8,6.700681628
2024-02-19 08:15:00,371.1373145001364,273.90979813927095,0.2583,-6.411111111,140.6,7.13360879
2024-02-19 08:30:00,349.171839854105,159.17088078945758,0.2583,-6.377777778,191.6,7.566535952
2024-02-19 08:45:00,329.3404606434205,91.79388463547104,0.2583,-6.377777778,238.4,7.620890109
2024-02-19 09:00:00,311.2935113937951,66.61180496019749,0.2583,-6.111111111,280.0,7.675244265
2024-02-19 09:15:00,294.48521470557375,51.421905064547616,0.2583,-5.688888889,319.4,7.729598421
2024-02-19 09:30:00,275.89069441504813,38.98850047319873,0.2583,-5.466666667,357.6,7.783952577
2024-02-19 09:45:00,253.77282910859842,27.236113809117043,0.2583,-5.433333333,392.0,7.912261707
2024-02-19 10:00:00,233.79602033489888,15.228816687964809,0.2583,-5.388888889,425.4,8.040570837
2024-02-19 10:15:00,222.92765541213296,10.8421106031211,0.2583,-5.288888889,455.0,8.168879966
2024-02-19 10:30:00,211.3437361330521,7.462943781763168,0.2583,-5.088888889,483.6,8.297189096
2024-02-19 10:45:00,203.07095602635215,3.9248696130872895,0.2583,-5.044444444,506.2,8.259370396
2024-02-19 11:00:00,197.07283776552472,0.5605213451366634,0.2583,-4.8,538.6,8.221551696
2024-02-19 11:15:00,185.21778254832327,0.5012263130087146,0.2583,-4.233333333,570.0,8.183732996
2024-02-19 11:30:00,173.55206784703432,0.4073621109407383,0.2583,-4.5,268.2,8.145914296
2024-02-19 11:45:00,163.33583026772405,0.5569918135200858,0.2583,-4.644444444,281.6,8.152832369
2024-02-19 12:00:00,155.09370497481146,0.5622347524034913,0.2583,-4.7,241.2,8.159750443
2024-02-19 12:15:00,155.98635783614682,0.7447765944620651,0.2583,-4.722222222,243.0,8.166668516
2024-02-19 12:30:00,158.607667384058,-43.271202355960554,0.2583,-4.2,792.4,8.17358659
2024-02-19 12:45:00,165.41351880094737,-42.056592430547994,0.2583,-4.211111111,606.6,8.164622613
2024-02-19 13:00:00,172.30187984495893,-28.14303353304963,0.2583,-4.877777778,166.4,8.155658637
2024-02-19 13:15:00,176.82652399225748,-6.00227268495962,0.2583,-4.366666667,668.6,8.14669466
2024-02-19 13:30:00,181.82150354117996,2.008363513904813,0.2583,-4.788888889,189.4,8.137730684
2024-02-19 13:45:00,185.7177799123654,2.9791488885373423,0.2583,-4.533333333,623.4,8.052335713
2024-02-19 14:00:00,189.6005203591054,3.484564243383549,0.2583,-4.0,632.0,7.966940742
2024-02-19 14:15:00,194.23289514610244,4.380935709609541,0.2583,-3.933333333,480.2,7.88154577
2024-02-19 14:30:00,198.5987428903575,5.948394967336062,0.2583,-4.255555556,544.8,7.796150799
2024-02-19 14:45:00,203.34940350623128,8.76014789113623,0.2583,-3.811111111,460.0,7.643312227
2024-02-19 15:00:00,207.98095318602702,13.657868222992581,0.2583,-3.722222222,503.2,7.490473654
2024-02-19 15:15:00,160.67039536577212,17.39779433432512,0.2583,-3.944444444,245.6,7.337635082
2024-02-19 15:30:00,166.66776844367445,21.750353315992093,0.2583,-4.211111111,129.0,7.184796509
2024-02-19 15:45:00,173.64565441899964,25.336077008403905,0.2583,-4.466666667,299.8,6.936108118
2024-02-19 16:00:00,180.81325250975573,30.306669514516802,0.2583,-3.7,244.0,6.687419728
2024-02-19 16:15:00,187.4915223048395,42.917568016038004,0.2583,-3.766666667,200.6,6.438731337
2024-02-19 16:30:00,194.42766932578704,53.84324628910209,0.2583,-3.966666667,153.8,6.190042946
2024-02-19 16:45:00,200.56731476868455,66.22857065656073,0.2583,-3.733333333,101.4,6.056652038
2024-02-19 17:00:00,206.5055864202509,78.76816319063674,0.2583,-3.955555556,59.8,5.92326113
2024-02-19 17:15:00,213.62368445098318,93.07968359337589,0.2583,-4.155555556,21.2,5.789870222
2024-02-19 17:30:00,219.88996810046999,116.72118364632593,0.2583,-4.555555556,8.2,5.656479314
2024-02-19 17:45:00,229.9699611847818,147.12169995059838,0.2583,-4.777777778,0.0,5.564043579
2024-02-19 18:00:00,237.70017646709533,197.6497039829908,0.2583,-5.022222222,0.0,5.471607844
2024-02-19 18:15:00,238.5789919344284,241.74517353796696,0.2583,-5.166666667,0.0,5.379172109
2024-02-19 18:30:00,239.16978093954262,241.74517491909415,0.2583,-5.355555556,0.0,5.286736374
2024-02-19 18:45:00,240.1587779004602,241.7451752749425,0.2583,-5.522222222,0.0,5.032338588
2024-02-19 19:00:00,240.6932346198574,241.7451743783095,0.2583,-5.777777778,0.0,4.777940802
2024-02-19 19:15:00,242.06321816431068,247.26523348759272,0.2583,-5.977777778,0.0,4.523543016
2024-02-19 19:30:00,243.00320236543382,247.2652331402291,0.2583,-5.8,0.0,4.26914523
2024-02-19 19:45:00,247.07323185872505,261.3120036923059,0.2583,-5.844444444,0.0,4.150947249
2024-02-19 20:00:00,249.93415073781816,273.05559333800136,0.2583,-5.811111111,0.0,4.032749269
2024-02-19 20:15:00,229.31591711571153,273.2922858500802,0.2583,-6.133333333,0.0,3.914551289
2024-02-19 20:30:00,232.68265803434696,273.7917023757657,0.2583,-6.633333333,0.0,3.796353309
2024-02-19 20:45:00,0.0,273.5469856796679,0.2583,-6.877777778,0.0,3.642111457
2024-02-19 21:00:00,242.41432548633523,273.1740229291049,0.2583,-7.011111111,0.0,3.487869605
2024-02-19 21:15:00,-209.4395225153676,-7.409884163081083e-08,0.2583,-7.155555556,0.0,3.333627754
2024-02-19 21:30:00,0.0,1.448947237076e-07,0.2583,-7.322222222,0.0,3.179385902
2024-02-19 21:45:00,-122.03334373970237,3.2684096423344375e-08,0.2583,-7.466666667,0.0,3.018163703
2024-02-19 22:00:00,-88.10410651181466,-9.661982938029872e-08,0.0192,-7.488888889,0.0,2.856941505
2024-02-19 22:15:00,0.0,3.8646545329141485e-08,0.0192,-7.711111111,0.0,2.695719306
2024-02-19 22:30:00,-57.910043525762546,6.527103919046837e-08,0.0192,-7.844444444,0.0,2.534497107
2024-02-19 22:45:00,-39.532194486784896,1.050593834629e-07,0.0192,-8.055555556,0.0,2.531710231
2024-02-19 23:00:00,0.0,3.648519334427383e-08,0.0192,-8.311111111,0.0,2.528923355
2024-02-19 23:15:00,-21.056101335294873,-2.060788560415996e-08,0.0192,-8.477777778,0.0,2.526136478
2024-02-19 23:30:00,-15.171691992370645,-1.2507045680239998e-07,0.0192,-8.5,0.0,2.523349602
2024-02-19 23:45:00,0.0,1.734673393451e-07,0.0192,-8.588888889,0.0,2.517906333
2024-02-20 00:00:00,1.4713817252265058,2.1492105313705997e-06,0.0192,-8.811111111,0.0,2.512463064
2024-02-20 00:15:00,-1.8256789820753632,5.9679945155062e-06,0.0192,-8.988888889,0.0,2.507019794
2024-02-20 00:30:00,0.0,0.3934922767960921,0.0192,-8.888888889,0.0,2.501576525
2024-02-20 00:45:00,24.413616397255623,0.3431925914802579,0.0192,-8.622222222,0.0,2.508265856
2024-02-20 01:00:00,12.67321301259147,0.18116110512038697,0.0192,-8.577777778,0.0,2.514955187
2024-02-20 01:15:00,0.0,0.29231162883751405,0.0192,-8.833333333,0.0,2.521644519
2024-02-20 01:30:00,41.97735855365531,0.25582665411602723,0.0192,-8.888888889,0.0,2.52833385
2024-02-20 01:45:00,20.575085929289198,0.2514373665060701,0.0192,-8.911111111,0.0,2.52534234
2024-02-20 02:00:00,0.0,0.3842097956583642,0.0192,-8.877777778,0.0,2.52235083
2024-02-20 02:15:00,61.74654455151684,0.384502695737862,0.0192,-8.688888889,0.0,2.51935932
2024-02-20 02:30:00,25.53354275687748,0.6711516803880591,0.0192,-8.577777778,0.0,2.51636781
2024-02-20 02:45:00,0.0,4.316200793320002,0.0192,-8.566666667,0.0,2.512579801
2024-02-20 03:00:00,71.65309200864884,3.6549138369848913,0.0192,-8.777777778,0.0,2.508791791
2024-02-20 03:15:00,32.41325677308066,1.5802411484956016,0.0192,-8.977777778,0.0,2.505003782
2024-02-20 03:30:00,0.0,9.847885282769441,0.0192,-8.855555556,0.0,2.501215772
2024-02-20 03:45:00,86.41142429272688,5.180490272229859,0.0192,-8.844444444,0.0,2.500290348
2024-02-20 04:00:00,41.760476140348665,3.0821026535717677,0.0192,-8.888888889,0.0,2.499364923
2024-02-20 04:15:00,0.0,68.37437983029805,0.0192,-9.011111111,0.0,2.498439499
2024-02-20 04:30:00,102.0370375462402,28.39746797152989,0.0192,-9.144444444,0.0,2.497514074
2024-02-20 04:45:00,75.42996534173652,5.219157403472794,0.0192,-9.166666667,0.0,2.546246349
2024-02-20 05:00:00,0.0,88.10650620917934,0.0192,-9.166666667,0.0,2.594978623
2024-02-20 05:15:00,102.73720133291883,34.475530200244755,0.0192,-9.144444444,0.0,2.643710897
2024-02-20 05:30:00,48.72863979947097,221.19417706600805,0.0192,-8.877777778,0.0,2.692443171
2024-02-20 05:45:00,0.0,275.0211290436068,0.0192,-8.688888889,0.0,2.932605093
2024-02-20 06:00:00,105.61337398150684,282.02567803495015,0.0192,-9.144444444,0.0,3.172767015
2024-02-20 06:15:00,458.0059779219853,290.8190001387354,0.0192,-9.522222222,0.0,3.412928937
2024-02-20 06:30:00,0.0,289.29435584535867,0.0192,-9.566666667,0.0,3.653090859
2024-02-20 06:45:00,444.23254228662944,287.720642881456,0.0192,-9.488888889,0.0,4.198524971
2024-02-20 07:00:00,427.1784744263799,284.3862743450931,0.0192,-9.577777778,6.0,4.743959082
2024-02-20 07:15:00,413.52996823349116,280.39679357253317,0.0192,-9.811111111,14.8,5.289393193
2024-02-20 07:30:00,398.69147606542646,277.5565142654758,0.0192,-9.577777778,22.4,5.834827304
2024-02-20 07:45:00,365.56057760811035,278.17222237137423,0.0192,-9.177777778,55.8,6.267754466
2024-02-20 08:00:00,340.80119132275627,275.9419012883464,0.2583,-9.044444444,99.8,6.700681628
2024-02-20 08:15:00,316.6222552707714,274.45893394465213,0.2583,-7.977777778,143.8,7.13360879
2024-02-20 08:30:00,294.21854268583144,273.1431422392265,0.2583,-6.466666667,191.6,7.566535952
2024-02-20 08:45:00,274.13483560608,102.2614589835761,0.2583,-6.2,245.6,7.620890109
2024-02-20 09:00:00,247.92016548626424,66.79302557262397,0.2583,-5.955555556,274.0,7.675244265
2024-02-20 09:15:00,225.98602910823223,44.252789644461664,0.2583,-5.177777778,318.6,7.729598421
2024-02-20 09:30:00,203.05016365403358,32.56052603535871,0.2583,-4.022222222,361.2,7.783952577
2024-02-20 09:45:00,180.66043818877964,20.48454307526293,0.2583,-2.666666667,394.8,7.912261707
2024-02-20 10:00:00,157.77978071223703,3.045374285533666,0.2583,-0.644444444,421.6,8.040570837
2024-02-20 10:15:00,138.86994315115552,2.4892830684960003e-07,0.2583,-0.155555556,451.4,8.168879966
2024-02-20 10:30:00,120.02067258040769,6.975514732642258e-08,0.2583,0.077777778,486.8,8.297189096
2024-02-20 10:45:00,102.96141888430836,1.767459591422e-07,0.2583,0.255555555555556,513.0,8.259370396
2024-02-20 11:00:00,86.7216809045633,-2.115864512912361e-09,0.2583,1.555555555555554,520.8,8.221551696
2024-02-20 11:15:00,74.12506190599905,1.0160112414600001e-07,0.2583,1.8666666666666665,515.8,8.183732996
2024-02-20 11:30:00,63.299663465259776,0.003796986109591351,0.2583,1.0777777777777766,545.8,8.145914296
2024-02-20 11:45:00,53.5726165744217,-36.935801436958016,0.2583,1.71111111111111,572.0,8.152832369
2024-02-20 12:00:00,45.17900867917796,-125.25453670482143,0.2583,2.3000000000000003,579.2,8.159750443
2024-02-20 12:15:00,38.259209375842026,-125.32128700120562,0.2583,2.944444444444443,583.8,8.166668516
2024-02-20 12:30:00,32.174264886521726,-125.3134891725077,0.2583,2.755555555555556,585.0,8.17358659
2024-02-20 12:45:00,27.933253582913625,-125.29968907786841,0.2583,3.188888888888886,582.8,8.164622613
2024-02-20 13:00:00,24.653929547265623,-109.75669130367923,0.2583,3.544444444444446,576.6,8.155658637
2024-02-20 13:15:00,22.405767221300767,-90.57732042559776,0.2583,3.2333333333333334,566.0,8.14669466
2024-02-20 13:30:00,22.950950567995573,-76.66376160419175,0.2583,3.555555555555555,553.4,8.137730684
2024-02-20 13:45:00,24.221285292283056,-62.75020476089929,0.2583,3.766666666666668,532.8,8.052335713
2024-02-20 14:00:00,26.35356827910612,-48.83664213810809,0.2583,3.777777777777776,510.4,7.966940742
2024-02-20 14:15:00,31.640589767384203,-24.84726176258481,0.2583,3.744444444444442,488.2,7.88154577
2024-02-20 14:30:00,37.132635314499375,0.2804478000080615,0.2583,4.766666666666666,461.8,7.796150799
2024-02-20 14:45:00,42.77467103907548,0.3595980013101394,0.2583,4.622222222222223,436.0,7.643312227
2024-02-20 15:00:00,48.739689045165484,0.945540930966116,0.2583,4.188888888888888,401.4,7.490473654
2024-02-20 15:15:00,54.259650811465335,1.5818096733912497,0.2583,5.188888888888886,367.6,7.337635082
2024-02-20 15:30:00,60.49690702912005,2.1978617992674123,0.2583,5.199999999999999,331.2,7.184796509
2024-02-20 15:45:00,68.43164946630846,3.2083332083242704,0.2583,4.777777777777779,291.6,6.936108118
2024-02-20 16:00:00,77.83355567611814,4.749961050319217,0.2583,4.144444444444445,249.0,6.687419728
2024-02-20 16:15:00,87.76793910245891,8.884094731883513,0.2583,4.9,199.6,6.438731337
2024-02-20 16:30:00,99.33010382438856,12.721410799884874,0.2583,4.299999999999997,148.0,6.190042946
2024-02-20 16:45:00,109.3284214001459,17.96961479857074,0.2583,5.022222222222222,102.0,6.056652038
2024-02-20 17:00:00,119.46890873898228,22.307952976069693,0.2583,4.844444444444448,59.6,5.92326113
2024-02-20 17:15:00,130.51855709872336,38.16868863492883,0.2583,4.188888888888888,24.6,5.789870222
2024-02-20 17:30:00,143.17912026422493,51.28000067122626,0.2583,4.166666666666667,9.8,5.656479314
2024-02-20 17:45:00,156.53280007784178,61.456761109466164,0.2583,3.1333333333333337,0.0,5.564043579
2024-02-20 18:00:00,167.51986328604,74.20027282877196,0.2583,2.444444444444444,0.0,5.471607844
2024-02-20 18:15:00,172.74490430783473,101.0455688816173,0.2583,2.177777777777779,0.0,5.379172109
2024-02-20 18:30:00,177.333315462583,149.87625231742987,0.2583,1.933333333333336,0.0,5.286736374
2024-02-20 18:45:00,181.7073628659733,174.584463420482,0.2583,1.6666666666666667,0.0,5.032338588
2024-02-20 19:00:00,185.7495468863377,174.5844635662283,0.2583,1.3999999999999977,0.0,4.777940802
2024-02-20 19:15:00,188.62193682483888,183.78455956409445,0.2583,1.1555555555555546,0.0,4.523543016
2024-02-20 19:30:00,190.73758609300464,183.78456056408479,0.2583,0.9555555555555588,0.0,4.26914523
2024-02-20 19:45:00,195.09052833427063,197.8313289765488,0.2583,0.8222222222222244,0.0,4.150947249
2024-02-20 20:00:00,200.17579807288635,211.878099592934,0.2583,0.6111111111111119,0.0,4.032749269
2024-02-20 20:15:00,217.8785136097499,234.20495397988333,0.2583,0.3777777777777776,0.0,3.914551289
2024-02-20 20:30:00,222.43572813044062,248.25172247709645,0.2583,-0.033333333,0.0,3.796353309
2024-02-20 20:45:00,0.0,262.2984920260875,0.2583,-0.422222222,0.0,3.642111457
2024-02-20 21:00:00,261.2560551053213,273.03023703783975,0.2583,-0.444444444,0.0,3.487869605
2024-02-20 21:15:00,-115.392221009845,5.4122627065661125e-08,0.2583,-0.822222222,0.0,3.333627754
2024-02-20 21:30:00,0.0,-7.215149450289257e-08,0.2583,-0.7,0.0,3.179385902
2024-02-20 21:45:00,-85.07744185797812,-1.8135479255504243e-08,0.2583,-0.811111111,0.0,3.018163703
2024-02-20 22:00:00,-70.60929771739146,6.810424352601338e-08,0.0192,-1.377777778,0.0,2.856941505
2024-02-20 22:15:00,0.0,-7.843735056983457e-08,0.0192,-1.4,0.0,2.695719306
2024-02-20 22:30:00,-74.9308869244559,-2.986429966056067e-10,0.0192,-1.377777778,0.0,2.534497107
2024-02-20 22:45:00,-64.5088893459751,1.080141770077e-07,0.0192,-1.855555556,0.0,2.531710231
2024-02-20 23:00:00,0.0,-9.051650493147985e-08,0.0192,-1.777777778,0.0,2.528923355
2024-02-20 23:15:00,-63.26532971988873,-4.277735732088801e-08,0.0192,-1.777777778,0.0,2.526136478
2024-02-20 23:30:00,-58.58568615262635,2.580198682513046e-08,0.0192,-1.433333333,0.0,2.523349602
2024-02-20 23:45:00,0.0,1.5761779919169998e-07,0.0192,-0.944444444,0.0,2.517906333
2024-02-21 00:00:00,-50.453036686840285,9.058023446279402e-06,0.0192,-0.444444444,0.0,2.512463064
2024-02-21 00:15:00,-44.76649646246059,2.08229179774168e-05,0.0192,-0.6,0.0,2.507019794
2024-02-21 00:30:00,0.0,0.12022869144953491,0.0192,-0.088888889,0.0,2.501576525
2024-02-21 00:45:00,-36.64925889050787,0.0592671926222888,0.0192,0.4777777777777774,0.0,2.508265856
2024-02-21 01:00:00,-35.03568306357774,0.08653589956302667,0.0192,0.8333333333333334,0.0,2.514955187
2024-02-21 01:15:00,0.0,0.10672668063470137,0.0192,0.5555555555555556,0.0,2.521644519
2024-02-21 01:30:00,-28.163897651619003,0.09017021369820707,0.0192,0.2999999999999995,0.0,2.52833385
2024-02-21 01:45:00,-26.311861897800817,0.12353632517316313,0.0192,0.1333333333333305,0.0,2.52534234
2024-02-21 02:00:00,0.0,0.13102648346407428,0.0192,0.1111111111111126,0.0,2.52235083
2024-02-21 02:15:00,-20.26825476707908,0.14448604660045572,0.0192,0.0,0.0,2.51935932
2024-02-21 02:30:00,-19.11859310087577,0.18509490572173784,0.0192,0.5111111111111121,0.0,2.51636781
2024-02-21 02:45:00,0.0,1.5170422214071075,0.0192,0.6666666666666683,0.0,2.512579801
2024-02-21 03:00:00,-12.753296224412315,0.7804694502582905,0.0192,0.4444444444444428,0.0,2.508791791
2024-02-21 03:15:00,-16.79449117587586,1.266131340736131,0.0192,0.3888888888888904,0.0,2.505003782
2024-02-21 03:30:00,0.0,3.450550140303734,0.0192,0.3888888888888904,0.0,2.501215772
2024-02-21 03:45:00,-4.038666182959492,1.1283639796853675,0.0192,0.088888889,0.0,2.500290348
2024-02-21 04:00:00,-10.691701916983085,3.036222127526021,0.0192,-0.6,0.0,2.499364923
2024-02-21 04:15:00,0.0,22.66241093255333,0.0192,-1.166666667,0.0,2.498439499
2024-02-21 04:30:00,6.925540783355866,3.2204068220280893,0.0192,-1.222222222,0.0,2.497514074
2024-02-21 04:45:00,-3.288360656747276,16.57599595009509,0.0192,-1.022222222,0.0,2.546246349
2024-02-21 05:00:00,0.0,32.215822847604436,0.0192,-0.9,0.0,2.594978623
2024-02-21 05:15:00,12.86785644608891,11.024336716789612,0.0192,-0.922222222,0.0,2.643710897
2024-02-21 05:30:00,-0.2523170996343757,104.67363699106068,0.0192,-1.044444444,0.0,2.692443171
2024-02-21 05:45:00,0.0,267.47824378517726,0.0192,-1.055555556,0.0,2.932605093
2024-02-21 06:00:00,17.709614120175377,278.06858507589317,0.0192,-0.544444444,0.0,3.172767015
2024-02-21 06:15:00,522.9603993346757,283.8712033199103,0.0192,-0.511111111,0.0,3.412928937
2024-02-21 06:30:00,0.0,282.1372097122329,0.0192,-0.666666667,0.0,3.653090859
2024-02-21 06:45:00,384.4934084307533,280.5620390807777,0.0192,-0.188888889,0.0,4.198524971
2024-02-21 07:00:00,428.3059051658864,277.46359589537764,0.0192,-0.055555556,8.2,4.743959082
2024-02-21 07:15:00,353.3117194647925,276.25845472291587,0.0192,0.011111111,16.0,5.289393193
2024-02-21 07:30:00,322.436625886651,274.5968045762617,0.0192,0.088888889,28.2,5.834827304
2024-02-21 07:45:00,288.1630125854722,274.5748189400581,0.0192,0.2444444444444432,61.8,6.267754466
2024-02-21 08:00:00,261.5533841053327,273.1078793569441,0.2583,0.3555555555555558,99.8,6.700681628
2024-02-21 08:15:00,235.79045362871085,62.59118920712357,0.2583,0.688888889,145.6,7.13360879
2024-02-21 08:30:00,213.33528584233048,50.71984309196914,0.2583,0.9111111111111114,191.6,7.566535952
2024-02-21 08:45:00,193.8730310732487,39.4536381648576,0.2583,1.1444444444444457,241.8,7.620890109
2024-02-21 09:00:00,175.4824904394639,25.97371362658147,0.2583,1.533333333333336,259.8,7.675244265
2024-02-21 09:15:00,157.60094489208748,9.067421732417237,0.2583,1.833333333333332,321.0,7.729598421
2024-02-21 09:30:00,140.06877681903956,1.6547929424322774,0.2583,2.077777777777775,355.4,7.783952577
2024-02-21 09:45:00,122.92655957605471,1.1353242635168e-06,0.2583,2.377777777777778,387.4,7.912261707
2024-02-21 10:00:00,105.91259226324824,3.2258647488566236e-08,0.2583,2.6555555555555563,418.4,8.040570837
2024-02-21 10:15:00,92.12587051934297,1.2648202737028e-06,0.2583,2.966666666666665,447.6,8.168879966
2024-02-21 10:30:00,78.24973400399556,-4.583224507942297e-08,0.2583,3.2333333333333334,474.0,8.297189096
2024-02-21 10:45:00,66.10507479814433,1.571319544355e-07,0.2583,3.533333333333333,497.6,8.259370396
2024-02-21 11:00:00,54.36206703968632,-1.0354002825e-07,0.2583,3.933333333333332,517.0,8.221551696
2024-02-21 11:15:00,45.51920708610298,-1.6573338275045e-06,0.2583,4.02222222222222,535.2,8.183732996
2024-02-21 11:30:00,37.43635270349148,-90.815131147789,0.2583,4.388888888888888,553.0,8.145914296
2024-02-21 11:45:00,30.750225571488247,-125.28341500636853,0.2583,4.866666667,573.4,8.152832369
2024-02-21 12:00:00,25.131798071159505,-125.18170230297659,0.2583,5.599999999999999,574.6,8.159750443
2024-02-21 12:15:00,19.12324788460282,-125.42773951338732,0.2583,5.944444444444446,578.8,8.166668516
2024-02-21 12:30:00,12.800755580635116,-125.49470776532684,0.2583,6.188888888888889,577.4,8.17358659
2024-02-21 12:45:00,7.112650507783953,-125.35368982695636,0.2583,6.677777777777775,575.0,8.164622613
2024-02-21 13:00:00,1.4054645076660595,-125.28764935987364,0.2583,6.788888888888888,570.6,8.155658637
2024-02-21 13:15:00,-3.1668656031555837,-125.41887619526695,0.2583,6.922222222222223,559.8,8.14669466
2024-02-21 13:30:00,-6.563642387014076,-125.30250707002288,0.2583,7.133333333333332,568.8,8.137730684
2024-02-21 13:45:00,-7.3021624394744835,-125.3322456497813,0.2583,7.955555555555555,539.0,8.052335713
2024-02-21 14:00:00,-8.747079455197415,-110.7082980949484,0.2583,7.988888889,512.2,7.966940742
2024-02-21 14:15:00,-4.7177793049601755,-57.58302302196111,0.2583,7.766666666666669,483.4,7.88154577
2024-02-21 14:30:00,-0.20963052671545346,-31.01343950066413,0.2583,7.911111111111108,457.8,7.796150799
2024-02-21 14:45:00,7.625567567480524,-4.443902410845532,0.2583,8.077777777777776,428.2,7.643312227
2024-02-21 15:00:00,17.309107412707228,0.26071847338703263,0.2583,7.988888888888886,397.0,7.490473654
2024-02-21 15:15:00,27.592382088619242,0.3417627243597932,0.2583,8.244444444444444,361.4,7.337635082
2024-02-21 15:30:00,39.01060293919285,0.6886773414761003,0.2583,8.333333333333334,330.0,7.184796509
2024-02-21 15:45:00,48.58920910021784,1.3418054048734496,0.2583,8.511111111111111,231.2,6.936108118
2024-02-21 16:00:00,56.7047792699479,2.1395792646589666,0.2583,8.211111111111112,146.4,6.687419728
2024-02-21 16:15:00,63.839945175240445,2.9939298725456607,0.2583,7.888888889,69.6,6.438731337
2024-02-21 16:30:00,70.06178464040612,3.7393312917265837,0.2583,7.744444444444444,182.2,6.190042946
2024-02-21 16:45:00,77.58188436607279,8.887130535792158,0.2583,7.944444444444443,96.8,6.056652038
2024-02-21 17:00:00,85.62338406606479,12.775226296270755,0.2583,7.766666666666669,61.0,5.92326113
2024-02-21 17:15:00,96.08471998357689,18.42253596778708,0.2583,7.366666667,31.2,5.789870222
2024-02-21 17:30:00,108.5698906725461,29.33746920195169,0.2583,7.022222222222222,11.0,5.656479314
2024-02-21 17:45:00,122.85000581083257,39.927570473008466,0.2583,6.833333333333332,0.0,5.564043579
2024-02-21 18:00:00,133.72428725850713,51.182241452868,0.2583,6.477777778,0.0,5.471607844
2024-02-21 18:15:00,137.45554713216083,61.12980765641975,0.2583,6.388888888888889,0.0,5.379172109
2024-02-21 18:30:00,139.84794756584895,68.85385740932742,0.2583,6.333333333333332,0.0,5.286736374
2024-02-21 18:45:00,142.61320583541578,111.1201100346001,0.2583,6.233333333333337,0.0,5.032338588
2024-02-21 19:00:00,144.75398605595007,135.02404351716694,0.2583,6.100000000000002,0.0,4.777940802
2024-02-21 19:15:00,147.81232168857048,139.62409250623443,0.2583,5.955555555555559,0.0,4.523543016
2024-02-21 19:30:00,150.98794915513005,139.62409285406392,0.2583,5.833333333333333,0.0,4.26914523
2024-02-21 19:45:00,155.4060477560379,153.67086145364783,0.2583,5.655555555555555,0.0,4.150947249
2024-02-21 20:00:00,160.0526318996618,167.71762910370458,0.2583,5.466666666666665,0.0,4.032749269
2024-02-21 20:15:00,173.30000676752488,187.28445718354743,0.2583,5.288888888888887,0.0,3.914551289
2024-02-21 20:30:00,178.42479541540587,201.33122593402337,0.2583,5.1111111111111125,0.0,3.796353309
2024-02-21 20:45:00,0.0,215.37799492043519,0.2583,4.955555555555557,0.0,3.642111457
2024-02-21 21:00:00,194.7977858572102,229.4247632023367,0.2583,4.844444444444448,0.0,3.487869605
2024-02-21 21:15:00,-120.36469175803495,-3.716844800577149e-08,0.2583,4.633333333333331,0.0,3.333627754
2024-02-21 21:30:00,0.0,-5.934581606699652e-10,0.2583,4.466666666666666,0.0,3.179385902
2024-02-21 21:45:00,-89.48324822821203,5.6512366788729546e-08,0.2583,4.222222222222223,0.0,3.018163703
2024-02-21 22:00:00,-82.77051311843798,1.7267302763840002e-07,0.0192,4.166666666666667,0.0,2.856941505
2024-02-21 22:15:00,0.0,1.24028521594e-07,0.0192,4.166666666666667,0.0,2.695719306
2024-02-21 22:30:00,0.0,5.2846526002676556e-08,0.0192,4.044444444444441,0.0,2.534497107
2024-02-21 22:45:00,0.0,-3.388697284697779e-08,0.0192,4.011111111111115,0.0,2.531710231
2024-02-21 23:00:00,0.0,-2.2601940288820216e-08,0.0192,4.000000000000002,0.0,2.528923355
2024-02-21 23:15:00,-78.42534645360847,2.720189804633313e-08,0.0192,3.8333333333333326,0.0,2.526136478
2024-02-21 23:30:00,-72.42919796636887,-3.429901681573478e-08,0.0192,3.744444444444442,0.0,2.523349602
2024-02-21 23:45:00,0.0,9.83253767034315e-08,0.0192,3.711111111111111,0.0,2.517906333
2024-02-22 00:00:00,-71.71952384795698,8.1511312673688e-06,0.0192,3.611111111111111,0.0,2.512463064
2024-02-22 00:15:00,-61.866900685374645,1.3014984171414499e-05,0.0192,3.544444444444442,0.0,2.507019794
2024-02-22 00:30:00,0.0,0.08461221955015767,0.0192,3.4999999999999982,0.0,2.501576525
2024-02-22 00:45:00,-61.542834095062396,0.05161156094923468,0.0192,3.444444444444446,0.0,2.508265856
2024-02-22 01:00:00,-56.65398613020266,0.07506704325389278,0.0192,3.377777777777777,0.0,2.514955187
2024-02-22 01:15:00,0.0,0.09212138672834176,0.0192,3.2333333333333334,0.0,2.521644519
2024-02-22 01:30:00,-55.987276840792184,0.07775031736693916,0.0192,3.266666666666664,0.0,2.52833385
2024-02-22 01:45:00,-52.135358437026504,0.10627635118890735,0.0192,3.1666666666666683,0.0,2.52534234
2024-02-22 02:00:00,0.0,0.11251203864230677,0.0192,3.0444444444444465,0.0,2.52235083
2024-02-22 02:15:00,-51.199506874510824,0.12381118391389175,0.0192,2.944444444444443,0.0,2.51935932
2024-02-22 02:30:00,-49.39118960196976,0.1587030957393053,0.0192,2.944444444444443,0.0,2.51636781
2024-02-22 02:45:00,0.0,1.2701415022098823,0.0192,3.0888888888888903,0.0,2.512579801
2024-02-22 03:00:00,-45.6988794583231,0.6721891373789756,0.0192,3.2444444444444422,0.0,2.508791791
2024-02-22 03:15:00,-45.016969128811695,1.0256493477518345,0.0192,3.122222222222225,0.0,2.505003782
2024-02-22 03:30:00,0.0,2.9899065541218337,0.0192,3.111111111111112,0.0,2.501215772
2024-02-22 03:45:00,-40.46114270112697,0.9811976386161556,0.0192,2.944444444444443,0.0,2.500290348
2024-02-22 04:00:00,-39.05513736917401,2.634104819991364,0.0192,3.077777777777777,0.0,2.499364923
2024-02-22 04:15:00,0.0,19.719378852628488,0.0192,3.177777777777781,0.0,2.498439499
2024-02-22 04:30:00,-30.61175563803404,2.8486840067730084,0.0192,3.177777777777781,0.0,2.497514074
2024-02-22 04:45:00,-28.021054297915608,14.415776047937605,0.0192,3.0888888888888903,0.0,2.546246349
2024-02-22 05:00:00,0.0,28.225355060394893,0.0192,2.833333333333334,0.0,2.594978623
2024-02-22 05:15:00,-22.998349540789622,9.496112885246204,0.0192,2.944444444444443,0.0,2.643710897
2024-02-22 05:30:00,-21.08626133991736,92.13959675198082,0.0192,2.7333333333333343,0.0,2.692443171
2024-02-22 05:45:00,0.0,238.04291484004227,0.0192,2.722222222222221,0.0,2.932605093
2024-02-22 06:00:00,-17.432841982579962,276.7773086947147,0.0192,2.811111111111112,0.0,3.172767015
2024-02-22 06:15:00,500.87554148958367,282.4010086101189,0.0192,2.833333333333334,0.0,3.412928937
2024-02-22 06:30:00,0.0,280.06339360274643,0.0192,2.933333333,0.0,3.653090859
2024-02-22 06:45:00,344.52723342444415,277.78450667362205,0.0192,2.9888888888888863,0.0,4.198524971
2024-02-22 07:00:00,385.3015238102164,276.5428958268743,0.0192,3.111111111111112,0.0,4.743959082
2024-02-22 07:15:00,303.40685478014285,275.24619933763364,0.0192,3.0888888888888903,14.2,5.289393193
2024-02-22 07:30:00,268.5173944603405,273.7874279700338,0.0192,3.255555555555555,9.8,5.834827304
2024-02-22 07:45:00,236.27199858769416,273.1443532520844,0.0192,3.299999999999999,12.0,6.267754466
2024-02-22 08:00:00,205.74846989886447,99.86486995029965,0.2583,3.299999999999999,15.0,6.700681628
2024-02-22 08:15:00,178.90604737442985,49.67177014076015,0.2583,3.255555555555555,19.0,7.13360879
2024-02-22 08:30:00,153.54576742005028,40.6264832359663,0.2583,3.455555555555559,32.2,7.566535952
2024-02-22 08:45:00,131.3348181773749,30.215807952318574,0.2583,3.566666666666668,29.6,7.620890109
2024-02-22 09:00:00,109.99998444493384,17.822418081536505,0.2583,3.722222222222224,22.2,7.675244265
2024-02-22 09:15:00,89.07369348689166,4.4102652213626135,0.2583,4.033333333333336,21.4,7.729598421
2024-02-22 09:30:00,68.4151918225379,0.4781071190355166,0.2583,4.333333333333332,16.0,7.783952577
2024-02-22 09:45:00,47.99017390905192,0.013745131823008445,0.2583,4.411111111,35.2,7.912261707
2024-02-22 10:00:00,28.36434285478512,0.015847152560263252,0.2583,4.766666666666666,76.2,8.040570837
2024-02-22 10:15:00,9.82992693301706,0.018278997272278212,0.2583,4.788888888888891,58.8,8.168879966
2024-02-22 10:30:00,-7.56824262029821,0.02100852360076601,0.2583,5.122222222222225,47.4,8.297189096
2024-02-22 10:45:00,-23.390963803394385,0.024273881394735776,0.2583,5.288888888888887,55.0,8.259370396
2024-02-22 11:00:00,-37.52125332944648,0.0280515873926095,0.2583,5.266666666666669,44.8,8.221551696
2024-02-22 11:15:00,-48.23110076446946,0.03194142000626434,0.2583,5.088888888888891,46.6,8.183732996
2024-02-22 11:30:00,-58.079988459282404,-34.62818881530203,0.2583,4.8555555555555525,56.8,8.145914296
2024-02-22 11:45:00,-66.33109151445576,-125.28002304029434,0.2583,4.344444444444445,74.0,8.152832369
2024-02-22 12:00:00,-75.20016722886649,-125.310479469933,0.2583,4.255555555555557,53.8,8.159750443
2024-02-22 12:15:00,-77.49486345749744,-125.27335620331743,0.2583,4.177777777777775,66.2,8.166668516
2024-02-22 12:30:00,-79.52792598594557,-125.27709320129487,0.2583,3.988888888888889,68.6,8.17358659
2024-02-22 12:45:00,-81.84899922681498,-98.94402907130645,0.2583,4.088888888888889,79.6,8.164622613
2024-02-22 13:00:00,-83.32570579249578,-83.19957977582139,0.2583,4.055555555555554,87.0,8.155658637
2024-02-22 13:15:00,-83.13245397089926,-67.94046545111318,0.2583,3.8333333333333326,73.6,8.14669466
2024-02-22 13:30:00,-82.32320969086614,-54.02690945643592,0.2583,3.877777778,94.8,8.137730684
2024-02-22 13:45:00,-77.53115732512022,-40.11335602208646,0.2583,3.8333333333333326,68.6,8.052335713
2024-02-22 14:00:00,-71.58623104637608,-26.19978869684683,0.2583,3.733333333333337,44.0,7.966940742
2024-02-22 14:15:00,-63.648268677068565,0.8326679125610735,0.2583,3.777777777777776,55.4,7.88154577
2024-02-22 14:30:00,-48.83036773724092,1.1013745803540664,0.2583,3.777777777777776,47.2,7.796150799
2024-02-22 14:45:00,-39.6263238474125,1.5450971470527368,0.2583,3.933333333333332,36.0,7.643312227
2024-02-22 15:00:00,-29.119815856638063,2.0149209157145176,0.2583,4.000000000000002,44.2,7.490473654
2024-02-22 15:15:00,-19.13894046361764,2.7737897762856125,0.2583,4.144444444444445,48.8,7.337635082
2024-02-22 15:30:00,-9.164780770657137,3.8212751023509566,0.2583,4.299999999999997,44.4,7.184796509
2024-02-22 15:45:00,2.4522616991383495,5.001010387159589,0.2583,4.333333333333332,39.4,6.936108118
2024-02-22 16:00:00,15.823269342964867,8.827030854880134,0.2583,4.311111111111114,30.8,6.687419728
2024-02-22 16:15:00,29.79176940475721,13.104498399236183,0.2583,4.166666666666667,17.2,6.438731337
2024-02-22 16:30:00,44.37734133549223,16.0322920299745,0.2583,4.211111111,14.0,6.190042946
2024-02-22 16:45:00,55.40256027517202,21.09613541073125,0.2583,4.222222222222223,9.0,6.056652038
2024-02-22 17:00:00,64.40713336546919,29.772984719425732,0.2583,4.222222222222223,11.0,5.92326113
2024-02-22 17:15:00,74.20406380957783,40.8627753851709,0.2583,4.211111111,7.0,5.789870222
2024-02-22 17:30:00,84.46129967363046,53.77245484071383,0.2583,4.27777777777778,0.0,5.656479314
2024-02-22 17:45:00,99.35207319162889,62.91844141886748,0.2583,4.27777777777778,0.0,5.564043579
2024-02-22 18:00:00,109.84160462660992,71.25767145116555,0.2583,4.333333333333332,0.0,5.471607844
2024-02-22 18:15:00,113.30185474085536,88.79362017909654,0.2583,4.388888888888888,0.0,5.379172109
2024-02-22 18:30:00,116.26837614995988,143.18195227118335,0.2583,4.422222222222223,0.0,5.286736374
2024-02-22 18:45:00,118.58617811610978,152.50423065909843,0.2583,4.444444444444445,0.0,5.032338588
2024-02-22 19:00:00,121.2234829472357,152.5042275638171,0.2583,4.655555555555553,0.0,4.777940802
2024-02-22 19:15:00,123.61224415115291,150.6642091595446,0.2583,4.833333333333335,0.0,4.523543016
2024-02-22 19:30:00,126.40836583421611,150.66420983154737,0.2583,4.588888888888892,0.0,4.26914523
2024-02-22 19:45:00,130.1883227094309,164.7109777783691,0.2583,4.544444444444444,0.0,4.150947249
2024-02-22 20:00:00,134.59579475222037,178.7577470520391,0.2583,4.455555555555553,0.0,4.032749269
2024-02-22 20:15:00,147.33010260699032,195.56454491201325,0.2583,4.288888888888892,0.0,3.914551289
2024-02-22 20:30:00,152.58126109276512,209.6113137776656,0.2583,4.333333333333332,0.0,3.796353309
2024-02-22 20:45:00,0.0,223.65808225481456,0.2583,4.299999999999997,0.0,3.642111457
2024-02-22 21:00:00,169.2174286665687,237.70485118552878,0.2583,4.144444444444445,0.0,3.487869605
2024-02-22 21:15:00,-123.45300578336156,-3.288552626383413e-08,0.2583,4.200000000000001,0.0,3.333627754
2024-02-22 21:30:00,0.0,-3.210159396144454e-08,0.2583,4.066666666666666,0.0,3.179385902
2024-02-22 21:45:00,-95.67023472085164,9.158755156532867e-08,0.2583,4.055555555555554,0.0,3.018163703
2024-02-22 22:00:00,-89.24350492829555,1.090530809749e-07,0.0192,3.966666666666667,0.0,2.856941505
2024-02-22 22:15:00,0.0,-3.992432053215315e-08,0.0192,3.944444444444445,0.0,2.695719306
2024-02-22 22:30:00,0.0,1.197375435441e-07,0.0192,3.888888888888889,0.0,2.534497107
2024-02-22 22:45:00,0.0,-3.0336616405389815e-08,0.0192,3.888888888888889,0.0,2.531710231
2024-02-22 23:00:00,0.0,-2.2727542263758e-09,0.0192,3.8555555555555534,0.0,2.528923355
2024-02-22 23:15:00,0.0,-2.7951069841106998e-08,0.0192,3.799999999999998,0.0,2.526136478
2024-02-22 23:30:00,-86.25016777047264,-7.208107027122781e-08,0.0192,3.844444444444445,0.0,2.523349602
2024-02-22 23:45:00,-77.47167664784033,9.071463840952497e-08,0.0192,3.8333333333333326,0.0,2.517906333
