Time,thermal_load_baseline(kW),thermal_load_MPC(kW),TOU($/kWh),temp_amb,q_sol,elec_load(kW)
2025-02-16 00:00:00,11.687727401279117,30.708963260292048,0.0192,-4.277777778,0.0,57.49399975585938
2025-02-16 00:15:00,14.673073190898728,30.23270068103429,0.0192,-4.322222222,0.0,54.24519854736328
2025-02-16 00:30:00,4.222575341893327,29.98914080736874,0.0192,-4.311111111,0.0,54.56469702148438
2025-02-16 00:45:00,10.630098236345992,29.49305641039917,0.0192,-4.233333333,0.0,56.79728167724609
2025-02-16 01:00:00,15.282265175730132,28.408801654770855,0.0192,-4.277777778,0.0,59.014760192871094
2025-02-16 01:15:00,11.419854889114681,28.824670573956777,0.0192,-4.277777778,0.0,57.36490570068359
2025-02-16 01:30:00,24.44044416587954,29.052793658937397,0.0192,-4.144444444,0.0,51.9301171875
2025-02-16 01:45:00,27.675345360218394,29.68325097462165,0.0192,-4.155555556,0.0,51.835234375
2025-02-16 02:00:00,28.506665466056177,30.29635944854399,0.0192,-4.077777778,0.0,54.87758819580078
2025-02-16 02:15:00,29.579038527609654,29.827042239660727,0.0192,-3.911111111,0.0,57.90336651611328
2025-02-16 02:30:00,31.750326951100114,31.82647779776468,0.0192,-3.944444444,0.0,55.7753681640625
2025-02-16 02:45:00,29.57736992715478,32.962245281258866,0.0192,-3.866666667,0.0,53.42899542236328
2025-02-16 03:00:00,26.453303029707705,33.49579873276343,0.0192,-3.766666667,0.0,54.787657104492204
2025-02-16 03:15:00,29.38660755339703,32.92735256311392,0.0192,-3.688888889,0.0,55.33625183105469
2025-02-16 03:30:00,30.25248647699154,31.793642508914697,0.0192,-3.6,0.0,63.112325927734375
2025-02-16 03:45:00,81.83537092350934,32.389111453265755,0.0192,-3.522222222,0.0,55.53166925048828
2025-02-16 04:00:00,10.575764253248977,32.53176588132451,0.0192,-3.455555556,0.0,55.62211651611328
2025-02-16 04:15:00,7.552154309784484,31.879686004471854,0.0192,-3.433333333,0.0,53.32906420898438
2025-02-16 04:30:00,12.893252463669894,30.72753634272797,0.0192,-3.3,0.0,53.8851923828125
2025-02-16 04:45:00,10.991512775134353,28.411426558827873,0.0192,-3.2,0.0,52.898314208984374
2025-02-16 05:00:00,8.616332853665076,28.11527716146553,0.0192,-3.133333333,0.0,56.14353839111328
2025-02-16 05:15:00,10.47566574515905,27.131170849191935,0.0192,-2.933333333,0.0,55.14297729492188
2025-02-16 05:30:00,12.551441284612316,27.436148366091828,0.0192,-2.844444444,0.0,53.270568115234376
2025-02-16 05:45:00,12.614269679526588,28.443612040760932,0.0192,-2.555555556,0.0,52.35336596679687
2025-02-16 06:00:00,29.750181366632177,29.069146049474785,0.0192,-2.411111111,0.0,51.716161865234376
2025-02-16 06:15:00,26.948091496575174,30.240979305237417,0.0192,-2.344444444,0.0,53.67696722412109
2025-02-16 06:30:00,26.477430208987673,32.131100532801874,0.0192,-2.4,0.0,58.0182680053711
2025-02-16 06:45:00,26.387997227776324,35.99912872978674,0.0192,-2.122222222,0.0,54.80688604736328
2025-02-16 07:00:00,26.53996170186143,50.0558763978977,0.0192,-1.722222222,0.0,57.74211901855469
2025-02-16 07:15:00,30.217228750048484,69.82558538345137,0.0192,-1.355555556,0.0,53.23326342773437
2025-02-16 07:30:00,27.482299116301608,100.35044566258688,0.0192,-1.111111111,0.0,53.53633203125
2025-02-16 07:45:00,25.893892944523742,-5.043531026758102,0.0192,-0.9,7.8,52.638057067871095
2025-02-16 08:00:00,33.37505601729274,-0.3636215187752769,0.2583,-0.688888889,12.8,52.53135394287109
2025-02-16 08:15:00,10.261274908865994,4.465389730870755,0.2583,-0.466666667,14.0,58.2595516357422
2025-02-16 08:30:00,10.765151728108915,11.726751462100948,0.2583,-0.122222222,15.6,51.911882568359374
2025-02-16 08:45:00,8.359611461203043,14.512342727691877,0.2583,0.077777778,21.0,49.159275146484376
2025-02-16 09:00:00,6.635764108113657,10.765087771813588,0.2583,0.0222222222222217,29.2,49.888979797363284
2025-02-16 09:15:00,6.435075498429465,11.455179622492993,0.2583,0.077777778,22.6,53.83016491699219
2025-02-16 09:30:00,9.625695407322382,8.141943225057382,0.2583,0.255555555555556,23.0,51.98804229736328
2025-02-16 09:45:00,23.654160922611396,4.901817910262067,0.2583,0.4999999999999992,23.0,50.56190209960938
2025-02-16 10:00:00,26.13706087235006,-0.4185879580318451,0.2583,0.5999999999999991,25.4,49.32816253662109
2025-02-16 10:15:00,23.205593280582306,-12.16845564837288,0.2583,0.433333333,48.2,52.947307067871094
2025-02-16 10:30:00,-15.938967766127261,-16.442843461271597,0.2583,0.255555555555556,53.8,52.6132015991211
2025-02-16 10:45:00,-15.607682943783965,-17.765888757165005,0.2583,0.2222222222222214,48.6,52.381052490234374
2025-02-16 11:00:00,-16.090601180338716,-18.17061398641746,0.2583,0.1444444444444473,41.2,53.895760192871094
2025-02-16 11:15:00,-16.309064476420144,-18.001130420184207,0.2583,0.1111111111111126,44.2,52.91218292236328
2025-02-16 11:30:00,-15.797870834107524,-17.491389991157906,0.2583,0.1888888888888868,26.0,50.797127380371094
2025-02-16 11:45:00,-15.624881256350472,-17.299297259111277,0.2583,0.344444444,24.8,52.69281781005859
2025-02-16 12:00:00,-15.656491932936813,-17.335427817345934,0.2583,0.4777777777777774,41.6,52.76575628662109
2025-02-16 12:15:00,-15.819459601270825,-17.516667050403985,0.2583,0.3111111111111124,39.6,56.0383203125
2025-02-16 12:30:00,-16.023618444541565,-17.654475560860668,0.2583,0.3111111111111124,38.0,54.46887542724609
2025-02-16 12:45:00,-14.80898401580499,-17.62606207059061,0.2583,0.1777777777777779,36.6,54.07005792236328
2025-02-16 13:00:00,27.139295843136406,-17.648943949283712,0.2583,0.2666666666666689,36.2,53.860589172363284
2025-02-16 13:15:00,-30.33561046657445,-17.818823842522573,0.2583,0.2666666666666689,39.2,54.14418530273437
2025-02-16 13:30:00,-32.102062592806575,-18.018926162489645,0.2583,0.2777777777777778,63.0,53.85585546875
2025-02-16 13:45:00,-32.85300745739013,-18.08286540831445,0.2583,0.688888889,47.6,54.71518878173828
2025-02-16 14:00:00,-16.136622054674465,-18.17691708524102,0.2583,0.6555555555555554,52.8,52.543517333984376
2025-02-16 14:15:00,-5.021847829270514,-17.87196310670134,0.2583,0.7888888888888899,60.2,52.26893359375
2025-02-16 14:30:00,56.70471423363359,-17.708417492064527,0.2583,0.777777778,37.0,53.567678039550785
2025-02-16 14:45:00,59.730642934018015,-17.398033750497063,0.2583,0.8555555555555551,81.4,53.24371484375
2025-02-16 15:00:00,60.05383758005532,-17.34952294204339,0.2583,0.9888888888888856,37.2,57.2451796875
2025-02-16 15:15:00,56.09696048843701,-16.92804812824114,0.2583,1.0444444444444418,46.0,51.59075042724609
2025-02-16 15:30:00,58.072365239227985,-16.33827715302727,0.2583,0.7999999999999987,45.8,53.754364135742186
2025-02-16 15:45:00,60.55504077677187,-15.348398571147788,0.2583,0.7111111111111117,23.6,51.55526953125
2025-02-16 16:00:00,60.72829094848838,-13.960759323125059,0.2583,0.4666666666666646,35.6,53.23573022460938
2025-02-16 16:15:00,58.19164644619091,-11.002447945006788,0.2583,0.3888888888888904,23.4,52.43880792236328
2025-02-16 16:30:00,60.882519666951325,-4.7182127371107905,0.2583,0.1111111111111126,6.4,55.82484222412109
2025-02-16 16:45:00,62.10299416293126,4.697089229980699,0.2583,-1.311111111,0.0,55.39083526611328
2025-02-16 17:00:00,64.78760937930572,235.2734413452022,0.2583,-2.255555556,0.0,59.98179034423828
2025-02-16 17:15:00,72.95079151465426,211.0787493019506,0.2583,-2.9,0.0,57.35895092773438
2025-02-16 17:30:00,71.40928564442899,156.63907101051734,0.2583,-3.444444444,0.0,59.079265625
2025-02-16 17:45:00,68.86681392459123,160.06797338830654,0.2583,-3.777777778,0.0,58.232193786621096
2025-02-16 18:00:00,63.91602425260827,165.90792195639145,0.2583,-4.322222222,0.0,59.08976104736328
2025-02-16 18:15:00,70.09228858621454,171.8383471720696,0.2583,-4.688888889,0.0,59.19904858398438
2025-02-16 18:30:00,76.38307115105941,177.89507002353534,0.2583,-5.255555556,0.0,58.446848388671874
2025-02-16 18:45:00,150.11378857044252,182.94765412870535,0.2583,-5.277777778,0.0,59.14885546875
2025-02-16 19:00:00,129.71913586665758,187.2199437586688,0.2583,-5.166666667,0.0,57.83883135986328
2025-02-16 19:15:00,110.27045181810765,190.4837597684178,0.2583,-5.166666667,0.0,56.78352276611328
2025-02-16 19:30:00,103.34699596974495,195.3566977902323,0.2583,-5.3,0.0,57.3603172607422
2025-02-16 19:45:00,107.834053299009,-14.476923173623039,0.2583,-5.244444444,0.0,58.19526885986328
2025-02-16 20:00:00,110.09051008322236,-11.723061418738977,0.2583,-5.177777778,0.0,58.17204327392578
2025-02-16 20:15:00,106.54691185747666,-9.113680933604359,0.2583,-5.233333333,0.0,58.0258289794922
2025-02-16 20:30:00,97.49385469124158,-6.701173502579098,0.2583,-5.166666667,0.0,56.38922503662109
2025-02-16 20:45:00,98.6436566222768,1.5652621537788656,0.2583,-5.166666667,0.0,55.47863061523437
2025-02-16 21:00:00,98.28684510655604,9.392050053437046,0.2583,-5.133333333,0.0,56.534140625
2025-02-16 21:15:00,99.87676537589458,21.014829463604116,0.2583,-5.166666667,0.0,55.75619464111328
2025-02-16 21:30:00,95.75677891058976,19.240936425447774,0.2583,-5.311111111,0.0,54.71090069580078
2025-02-16 21:45:00,94.42842757141544,18.856651871125585,0.2583,-5.388888889,0.0,59.38648760986328
2025-02-16 22:00:00,93.9319134672629,18.566927007321002,0.0192,-5.5,0.0,54.49064453125
2025-02-16 22:15:00,93.4247076102963,23.597454782954266,0.0192,-5.655555556,0.0,56.44233624267578
2025-02-16 22:30:00,90.8278371977217,24.541349384631324,0.0192,-5.844444444,0.0,56.4197860107422
2025-02-16 22:45:00,89.38328595940028,24.939561376364093,0.0192,-5.777777778,0.0,56.46103515625
2025-02-16 23:00:00,94.80477544665456,25.762737072884725,0.0192,-5.666666667,0.0,60.06719464111328
2025-02-16 23:15:00,91.63276316294686,27.419926780101754,0.0192,-5.644444444,0.0,59.87461175537109
2025-02-16 23:30:00,91.36274649330473,29.647406036037253,0.0192,-5.722222222,0.0,58.20283441162109
2025-02-16 23:45:00,82.31441859395031,31.69842768853955,0.0192,-5.711111111,0.0,58.58366784667969
2025-02-17 00:00:00,81.4002182463803,32.56143566230713,0.0192,-5.722222222,0.0,58.01070703125
2025-02-17 00:15:00,83.22599508994547,33.43755221793854,0.0192,-5.744444444,0.0,58.63659155273437
2025-02-17 00:30:00,82.87937236740778,34.53372706070339,0.0192,-5.777777778,0.0,59.02805987548828
2025-02-17 00:45:00,76.91585968685546,34.87290470426513,0.0192,-5.922222222,0.0,59.408929016113284
2025-02-17 01:00:00,73.73236883258055,34.83463880379071,0.0192,-5.955555556,0.0,56.94690948486328
2025-02-17 01:15:00,74.99519724657253,35.620022281219875,0.0192,-6.066666667,0.0,56.60536022949219
2025-02-17 01:30:00,69.29795998799126,36.53041743687075,0.0192,-6.211111111,0.0,56.381224365234374
2025-02-17 01:45:00,64.00897369508604,37.10780835418228,0.0192,-6.322222222,0.0,54.9908148803711
2025-02-17 02:00:00,56.31431334739807,37.1009735039233,0.0192,-6.388888889,0.0,57.00305023193359
2025-02-17 02:15:00,39.806375134512905,36.97663812319321,0.0192,-6.444444444,0.0,55.02971722412109
2025-02-17 02:30:00,35.7896812868444,37.3849681772528,0.0192,-6.566666667,0.0,53.15865863037109
2025-02-17 02:45:00,35.194513783532265,38.48084558539306,0.0192,-6.777777778,0.0,61.1419584350586
2025-02-17 03:00:00,35.85926249776489,38.72770070997677,0.0192,-7.044444444,0.0,55.13954296875
2025-02-17 03:15:00,34.28481897882943,38.83706704217291,0.0192,-7.077777778,0.0,55.8125830078125
2025-02-17 03:30:00,38.55395865319703,38.36931363541912,0.0192,-7.122222222,0.0,56.194819641113284
2025-02-17 03:45:00,36.93250567191434,38.7508695046158,0.0192,-7.111111111,0.0,56.1673367919922
2025-02-17 04:00:00,81.77907952029872,39.4708014378769,0.0192,-7.233333333,0.0,54.46252288818359
2025-02-17 04:15:00,16.41816653934097,41.757205638750634,0.0192,-7.5,0.0,60.01148046875
2025-02-17 04:30:00,18.61372500321181,40.78305953801541,0.0192,-7.455555556,0.0,56.18124609375
2025-02-17 04:45:00,19.136333037265796,41.99829345252476,0.0192,-7.6,0.0,57.944984375000004
2025-02-17 05:00:00,15.623254036690444,43.4655038931539,0.0192,-7.711111111,0.0,55.84096331787109
2025-02-17 05:15:00,11.55333426320835,45.23492007415964,0.0192,-7.777777778,0.0,57.901418273925785
2025-02-17 05:30:00,35.34551080280874,43.86142652503684,0.0192,-7.777777778,0.0,58.26357745361328
2025-02-17 05:45:00,36.515580630942175,43.472851467004666,0.0192,-7.711111111,0.0,61.719046875
2025-02-17 06:00:00,38.402967702857595,41.433172831919364,0.0192,-7.688888889,0.0,66.860576171875
2025-02-17 06:15:00,37.86864241216171,40.943627583906675,0.0192,-7.666666667,0.0,62.255377380371094
2025-02-17 06:30:00,40.06782899952173,42.725209484778595,0.0192,-7.744444444,0.0,69.95194030761719
2025-02-17 06:45:00,33.0265165073566,52.85468024958638,0.0192,-7.711111111,0.0,63.555540771484374
2025-02-17 07:00:00,38.43652910799601,73.8943171718228,0.0192,-7.888888889,0.0,61.87594921875
2025-02-17 07:15:00,41.31149465254837,100.6811856365524,0.0192,-7.9,4.6,61.657059020996094
2025-02-17 07:30:00,95.14903828619292,139.11022418676865,0.0192,-7.866666667,12.8,58.77010870361328
2025-02-17 07:45:00,19.82567501447212,-1.8664717602273266,0.0192,-7.833333333,21.4,59.780958984375
2025-02-17 08:00:00,34.4794935272954,4.291448861267973,0.2583,-7.722222222,18.6,61.9408344116211
2025-02-17 08:15:00,34.464295302756156,14.059506825878263,0.2583,-7.755555556,18.8,64.0913289794922
2025-02-17 08:30:00,38.01849803857664,29.554444776061146,0.2583,-7.8,21.4,62.35816741943359
2025-02-17 08:45:00,37.6351023957062,28.212808012791534,0.2583,-7.811111111,34.2,64.17768359375
2025-02-17 09:00:00,36.91759019974101,15.747251331760548,0.2583,-7.811111111,50.6,61.2516572265625
2025-02-17 09:15:00,33.135186913370134,7.280926673389367,0.2583,-7.633333333,60.8,67.45451171875
2025-02-17 09:30:00,31.608910048932863,-4.556135086526607,0.2583,-7.488888889,83.6,69.05404382324221
2025-02-17 09:45:00,-15.864749627815833,-16.263808665835487,0.2583,-7.355555556,117.2,64.30549499511719
2025-02-17 10:00:00,-17.12859796658504,-17.49441173890539,0.2583,-7.2,127.2,66.15593920898438
2025-02-17 10:15:00,-17.096813393687093,-17.523892584330884,0.2583,-7.066666667,155.6,64.5888125
2025-02-17 10:30:00,17.68434607718795,-18.16749364805539,0.2583,-7.0,182.8,65.50812109374999
2025-02-17 10:45:00,-22.451674111090714,-18.961550527604498,0.2583,-6.911111111,189.8,63.81387042236328
2025-02-17 11:00:00,-17.949888561489118,-19.868109452359953,0.2583,-6.733333333,238.4,65.81646905517579
2025-02-17 11:15:00,-18.64952164881064,-20.541699864340764,0.2583,-6.6,275.0,62.442161010742204
2025-02-17 11:30:00,-19.082024683456854,-21.898586138952933,0.2583,-6.355555556,283.4,63.65084155273438
2025-02-17 11:45:00,-19.671770818811268,-22.846867718971534,0.2583,-6.033333333,467.2,65.0496361694336
2025-02-17 12:00:00,-20.370670940428738,-23.170755524965898,0.2583,-6.3,388.6,62.95419921875
2025-02-17 12:15:00,-20.632225578950457,-11.5200044033546,0.2583,-6.5,274.0,64.53486022949221
2025-02-17 12:30:00,-18.838629337983708,-23.888647513957064,0.2583,-6.5,275.8,61.7080634765625
2025-02-17 12:45:00,-12.02892718817665,-24.033676194109184,0.2583,-6.2,252.4,70.4504234008789
2025-02-17 13:00:00,31.78772458582804,-25.162022192079604,0.2583,-6.211111111,427.6,64.48635546874999
2025-02-17 13:15:00,54.099583580506646,-25.128490360320995,0.2583,-6.211111111,232.0,63.593068115234374
2025-02-17 13:30:00,48.09928354610272,-25.157879355032485,0.2583,-6.366666667,284.8,65.0406586303711
2025-02-17 13:45:00,46.928647523362635,-25.405357240282886,0.2583,-6.377777778,527.8,70.7814398803711
2025-02-17 14:00:00,30.499136815732086,-25.506450489034453,0.2583,-6.333333333,300.2,61.47192578125
2025-02-17 14:15:00,-134.06784971990768,-20.03322229840381,0.2583,-6.388888889,286.8,61.22868359375
2025-02-17 14:30:00,-38.00292134681047,-26.18930010550791,0.2583,-6.633333333,359.4,59.0212781982422
2025-02-17 14:45:00,-24.11279135452722,-26.711544864119247,0.2583,-6.911111111,334.4,59.375382141113285
2025-02-17 15:00:00,-31.002981555318012,-26.41936419869359,0.2583,-6.911111111,392.0,60.61603363037109
2025-02-17 15:15:00,32.489721901782836,-26.283630595564368,0.2583,-7.055555556,172.4,61.368743896484375
2025-02-17 15:30:00,104.01650342150158,-7.972125100922851,0.2583,-7.255555556,114.6,61.0754149169922
2025-02-17 15:45:00,51.49458142090694,-23.772957905245494,0.2583,-6.833333333,183.6,62.62654718017578
2025-02-17 16:00:00,42.302956092092494,-23.752243894126455,0.2583,-7.177777778,115.6,75.24218511962891
2025-02-17 16:15:00,41.256926208366664,-23.002063779347043,0.2583,-7.344444444,67.2,62.76591577148437
2025-02-17 16:30:00,61.49836975221354,-11.787880331579244,0.2583,-7.588888889,68.4,62.924546875
2025-02-17 16:45:00,64.82135867375146,-11.438406676140652,0.2583,-7.766666667,42.0,71.7906469116211
2025-02-17 17:00:00,54.20126822912309,-9.36164738360225,0.2583,-7.833333333,22.4,76.03833746337891
2025-02-17 17:15:00,66.69658305168024,176.82602713476967,0.2583,-7.666666667,18.2,72.09465472412109
2025-02-17 17:30:00,68.531703384877,156.62396283817154,0.2583,-7.877777778,7.4,78.64601953125
2025-02-17 17:45:00,71.97513496791073,158.52818805143502,0.2583,-8.233333333,0.0,71.99237890625
2025-02-17 18:00:00,72.85469771157828,167.76874416529228,0.2583,-8.222222222,0.0,71.62587628173829
2025-02-17 18:15:00,132.75780754630094,168.94306915656298,0.2583,-8.344444444,0.0,75.3731742553711
2025-02-17 18:30:00,132.840822977465,182.03543113747884,0.2583,-8.444444444,0.0,75.1816820678711
2025-02-17 18:45:00,131.68224748940077,184.2265991807576,0.2583,-8.555555556,0.0,75.0883369140625
2025-02-17 19:00:00,123.53349698094657,182.08655718645366,0.2583,-8.7,0.0,68.00143359375
2025-02-17 19:15:00,125.59899161544259,186.58017757668398,0.2583,-8.722222222,0.0,75.61332421875
2025-02-17 19:30:00,131.36860969450908,196.90771229974095,0.2583,-8.844444444,0.0,74.63138745117188
2025-02-17 19:45:00,141.3301152458944,187.2528097950614,0.2583,-8.944444444,0.0,75.22899932861328
2025-02-17 20:00:00,132.68967389730994,192.98845406336315,0.2583,-9.022222222,0.0,73.64470550537109
2025-02-17 20:15:00,129.41323084243697,190.85301126702237,0.2583,-9.166666667,0.0,67.3475447998047
2025-02-17 20:30:00,137.87184629589962,188.33379221574148,0.2583,-9.166666667,0.0,66.7827196044922
2025-02-17 20:45:00,146.34107377246067,185.0953120616013,0.2583,-9.155555556,0.0,71.09131964111327
2025-02-17 21:00:00,140.70820195098833,182.16612753351407,0.2583,-9.144444444,0.0,70.05334796142579
2025-02-17 21:15:00,130.696439358147,183.03155712463942,0.2583,-9.155555556,0.0,69.88934375
2025-02-17 21:30:00,130.56194254638717,182.36063153655968,0.2583,-9.288888889,0.0,76.87699542236328
2025-02-17 21:45:00,140.20170711440056,183.14455060944545,0.2583,-9.477777778,0.0,72.3219305419922
2025-02-17 22:00:00,149.09938809270182,185.28168151577293,0.0192,-9.622222222,0.0,71.41814288330079
2025-02-17 22:15:00,141.2827665900419,185.49522383985953,0.0192,-9.711111111,0.0,75.07238671875001
2025-02-17 22:30:00,137.21532808218066,-15.640301892267653,0.0192,-9.8,0.0,70.24470855712892
2025-02-17 22:45:00,137.80194435237465,-15.40703735204488,0.0192,-9.888888889,0.0,70.05392340087892
2025-02-17 23:00:00,145.40621125790037,-13.444331910414471,0.0192,-10.08888889,0.0,69.3347085571289
2025-02-17 23:15:00,151.5495569675138,-5.570644847353704,0.0192,-10.12222222,0.0,69.6220438232422
2025-02-17 23:30:00,142.16838579262048,1.3922357493730324,0.0192,-10.23333333,0.0,74.0572265625
2025-02-17 23:45:00,127.92258930631283,12.775065039395747,0.0192,-10.26666667,0.0,71.99690850830078
2025-02-18 00:00:00,147.3626877169455,29.003282162178827,0.0192,-10.28888889,0.0,74.2064656982422
2025-02-18 00:15:00,151.10785097965737,29.075753237094197,0.0192,-10.24444444,0.0,67.9171187133789
2025-02-18 00:30:00,136.0342135466041,29.87671472392761,0.0192,-10.3,0.0,69.4610210571289
2025-02-18 00:45:00,133.4833318159652,31.40151901581666,0.0192,-10.36666667,0.0,59.29769464111328
2025-02-18 01:00:00,132.07824939074715,30.807313977494204,0.0192,-10.44444444,0.0,56.1158250732422
2025-02-18 01:15:00,133.9882005030447,29.10351958244742,0.0192,-10.47777778,0.0,61.818772766113284
2025-02-18 01:30:00,124.04898505636591,27.227546590604344,0.0192,-10.5,0.0,57.14697045898438
2025-02-18 01:45:00,116.92665580919166,28.162700400388765,0.0192,-10.56666667,0.0,56.72142578125
2025-02-18 02:00:00,111.73841648720156,29.115375132067644,0.0192,-10.7,0.0,56.60331420898437
2025-02-18 02:15:00,108.33539158315118,30.099338041363417,0.0192,-10.77777778,0.0,55.87401171875
2025-02-18 02:30:00,108.96918163622175,29.81689706875212,0.0192,-10.87777778,0.0,57.62431640625
2025-02-18 02:45:00,101.97836043796094,30.551178188885277,0.0192,-10.81111111,0.0,56.06556182861328
2025-02-18 03:00:00,92.46225824176312,30.17276688003606,0.0192,-10.96666667,0.0,55.8294266357422
2025-02-18 03:15:00,91.04192339516737,31.09212631152452,0.0192,-11.05555556,0.0,57.633971130371094
2025-02-18 03:30:00,94.71988006352889,32.289406506616444,0.0192,-10.95555556,0.0,55.41372827148437
2025-02-18 03:45:00,92.96231136145532,31.66524624908917,0.0192,-11.08888889,0.0,58.6926171875
2025-02-18 04:00:00,87.30643358072906,33.68353662739525,0.0192,-11.21111111,0.0,54.698298400878905
2025-02-18 04:15:00,86.07008254434128,36.24786785945759,0.0192,-11.04444444,0.0,54.176051635742205
2025-02-18 04:30:00,77.23770542393643,35.92668547641754,0.0192,-11.21111111,0.0,54.3139296875
2025-02-18 04:45:00,73.01956024348428,32.56162224189609,0.0192,-11.22222222,0.0,58.377701599121096
2025-02-18 05:00:00,61.91651747873699,27.914499876694155,0.0192,-11.27777778,0.0,58.8276414794922
2025-02-18 05:15:00,49.58918946602551,27.190857025052427,0.0192,-11.28888889,0.0,59.83818292236328
2025-02-18 05:30:00,51.847481679720225,28.55360612564157,0.0192,-11.31111111,0.0,61.37803363037109
2025-02-18 05:45:00,50.930426947378585,31.544591977899074,0.0192,-11.28888889,0.0,67.4803491821289
2025-02-18 06:00:00,48.67874434423904,35.78673317540839,0.0192,-11.32222222,0.0,62.55939776611328
2025-02-18 06:15:00,70.97380995495625,41.31865374302425,0.0192,-11.32222222,0.0,61.49663604736328
2025-02-18 06:30:00,54.31528142015633,46.025902809127096,0.0192,-11.26666667,0.0,61.311448547363284
2025-02-18 06:45:00,51.109432634079866,52.22251838486275,0.0192,-11.23333333,0.0,63.383361083984376
2025-02-18 07:00:00,46.05535010637294,55.297349486596715,0.0192,-11.32222222,6.4,60.6703563232422
2025-02-18 07:15:00,48.17962803804981,68.0772608454232,0.0192,-11.38888889,19.0,66.8562508544922
2025-02-18 07:30:00,54.098794568092586,88.53276410166596,0.0192,-11.33333333,37.2,60.910735229492204
2025-02-18 07:45:00,52.29414722061153,-4.736010716254165,0.0192,-11.21111111,57.0,65.02183203125
2025-02-18 08:00:00,45.92126160673064,1.9759416899261815,0.2583,-11.13333333,134.6,58.95488995361328
2025-02-18 08:15:00,40.745374999734,14.367099905958924,0.2583,-10.95555556,111.6,60.477515625
2025-02-18 08:30:00,37.02435218007214,-18.360408051395467,0.2583,-10.8,173.4,62.21516729736328
2025-02-18 08:45:00,32.002232053691365,-19.73705866133414,0.2583,-10.67777778,219.8,65.8030726928711
2025-02-18 09:00:00,-23.89005479653106,-21.160974166682454,0.2583,-10.56666667,196.4,71.8252015991211
2025-02-18 09:15:00,-18.708890004496592,-20.829921191245994,0.2583,-10.43333333,230.8,65.95351495361328
2025-02-18 09:30:00,-18.505982549930415,-20.544009434441854,0.2583,-10.27777778,163.8,70.89829925537109
2025-02-18 09:45:00,-18.120227971304917,-20.7758591960251,0.2583,-10.33333333,244.2,76.63054382324219
2025-02-18 10:00:00,-18.474946002276223,-21.81721217177218,0.2583,-10.08888889,358.4,78.4917866821289
2025-02-18 10:15:00,-19.214476314179247,-23.2828198378336,0.2583,-10.05555556,415.0,76.16279925537108
2025-02-18 10:30:00,-20.080811188848767,-24.943415480487715,0.2583,-9.8,419.8,74.7058383178711
2025-02-18 10:45:00,-20.343765032315805,-26.544918820663284,0.2583,-9.7,473.0,75.14577667236328
2025-02-18 11:00:00,-22.460208252868107,-28.3023368323223,0.2583,-9.344444444,521.8,77.62241796875
2025-02-18 11:15:00,-23.17112096388142,-29.39814670634098,0.2583,-9.055555556,569.6,77.41834698486329
2025-02-18 11:30:00,-11.48091214291412,-30.63689568688878,0.2583,-8.888888889,465.8,74.18631097412108
2025-02-18 11:45:00,48.62415505913289,-31.565577518287537,0.2583,-8.577777778,545.0,78.30662432861328
2025-02-18 12:00:00,-142.11767737503612,-32.25469018802007,0.2583,-8.444444444,592.0,70.3470234375
2025-02-18 12:15:00,-66.67950872324926,-32.78459665008719,0.2583,-8.377777778,499.4,73.13938537597656
2025-02-18 12:30:00,92.39836630798857,-32.920914438518494,0.2583,-8.555555556,387.2,61.93571484375
2025-02-18 12:45:00,106.14067250448818,-32.92969742224207,0.2583,-8.055555556,561.8,67.61877734375
2025-02-18 13:00:00,-87.59198869592687,-32.99574972827635,0.2583,-8.033333333,517.4,75.73824542236328
2025-02-18 13:15:00,-44.31850665428189,-33.172108163570414,0.2583,-7.833333333,524.0,73.9760805053711
2025-02-18 13:30:00,-22.80613185175138,-33.574317915622906,0.2583,-7.622222222,420.4,64.87315167236328
2025-02-18 13:45:00,-15.781872523298144,-33.07014694016752,0.2583,-7.588888889,506.8,69.1421727294922
2025-02-18 14:00:00,-21.113379223681658,-32.29335827502657,0.2583,-7.566666667,275.6,75.94277105712891
2025-02-18 14:15:00,32.62834336152634,-31.236105891223925,0.2583,-7.411111111,291.2,75.1212211303711
2025-02-18 14:30:00,111.37798455705725,-30.23355342442492,0.2583,-7.044444444,322.6,75.92672808837891
2025-02-18 14:45:00,72.4963423227969,-30.12525859331331,0.2583,-7.377777778,361.0,68.40366558837891
2025-02-18 15:00:00,-45.27138282960957,-29.812824112558573,0.2583,-7.011111111,504.2,74.44533917236328
2025-02-18 15:15:00,-63.61801475362769,-29.660435308036522,0.2583,-7.177777778,274.6,76.76749932861328
2025-02-18 15:30:00,-15.594519725015987,-28.7662390275303,0.2583,-7.044444444,265.8,70.5467875366211
2025-02-18 15:45:00,118.75282640970124,-28.501283099391912,0.2583,-7.077777778,380.6,74.72726019287109
2025-02-18 16:00:00,85.23655496739222,-25.657810551063395,0.2583,-7.066666667,131.6,79.45769854736328
2025-02-18 16:15:00,68.9940905695606,-25.28356776324869,0.2583,-7.1,85.2,76.1063680419922
2025-02-18 16:30:00,69.91577930225903,-24.17858846055342,0.2583,-7.3,54.6,85.7375288696289
2025-02-18 16:45:00,69.55387199657598,-17.709311557565574,0.2583,-7.455555556,40.8,74.1869125366211
2025-02-18 17:00:00,69.62502566969071,-21.715984483213,0.2583,-7.611111111,33.0,77.0346351928711
2025-02-18 17:15:00,78.64176474973708,-21.52203321357519,0.2583,-7.766666667,15.6,71.40725714111329
2025-02-18 17:30:00,72.58427393263145,-20.41806762052955,0.2583,-7.822222222,4.6,75.8506258544922
2025-02-18 17:45:00,66.33774168576154,-6.624515226998596,0.2583,-7.922222222,0.0,77.936109375
2025-02-18 18:00:00,183.2304574187281,6.33325206195679,0.2583,-8.1,0.0,80.05607421875
2025-02-18 18:15:00,159.26298109677072,231.9393868921591,0.2583,-8.311111111,0.0,80.35241339111329
2025-02-18 18:30:00,122.5617266136797,229.76062677565935,0.2583,-8.377777778,0.0,75.70607745361329
2025-02-18 18:45:00,113.14793595773394,206.47894207635957,0.2583,-8.555555556,0.0,76.88457421875
2025-02-18 19:00:00,131.58044924492378,205.50191501828215,0.2583,-8.611111111,0.0,67.17103839111329
2025-02-18 19:15:00,142.86219357418298,211.09333549334252,0.2583,-8.666666667,0.0,73.22006964111328
2025-02-18 19:30:00,142.47409922975822,214.5721416775818,0.2583,-8.666666667,0.0,71.27713995361327
2025-02-18 19:45:00,131.3267709680496,216.70357507177494,0.2583,-8.744444444,0.0,72.25881182861329
2025-02-18 20:00:00,131.52056949778165,216.10768326237212,0.2583,-8.722222222,0.0,71.30733355712891
2025-02-18 20:15:00,146.47772962848063,202.77804258211535,0.2583,-8.711111111,0.0,72.6567625732422
2025-02-18 20:30:00,144.4854689954368,207.7121661411747,0.2583,-8.688888889,0.0,62.7185047607422
2025-02-18 20:45:00,126.06435613760291,204.61474194659843,0.2583,-8.722222222,0.0,70.1034500732422
2025-02-18 21:00:00,128.98828035751902,203.46383211736986,0.2583,-8.833333333,0.0,70.8527445678711
2025-02-18 21:15:00,133.82174862714254,82.587843967733,0.2583,-8.866666667,0.0,69.96107678222657
2025-02-18 21:30:00,140.4099822818353,-16.522607205709697,0.2583,-8.944444444,0.0,75.50367663574221
2025-02-18 21:45:00,143.5379481726811,-11.878264214590647,0.2583,-8.955555556,0.0,65.61160089111328
2025-02-18 22:00:00,135.04286183515694,-8.7904682970092,0.0192,-8.955555556,0.0,72.22042730712892
2025-02-18 22:15:00,126.1536603510166,-4.470824058813432,0.0192,-9.0,0.0,71.6303422241211
2025-02-18 22:30:00,132.5312893517708,2.6281430068061056,0.0192,-8.977777778,0.0,65.38353991699219
2025-02-18 22:45:00,133.7955053927414,14.462689035186795,0.0192,-8.9,0.0,72.93182421875
2025-02-18 23:00:00,142.82794841238174,30.368575950774858,0.0192,-8.944444444,0.0,65.74585546875
2025-02-18 23:15:00,141.40606052826624,32.59190681556383,0.0192,-8.922222222,0.0,67.7928851928711
2025-02-18 23:30:00,119.17207989302057,34.223287598586715,0.0192,-8.944444444,0.0,67.2961734008789
2025-02-18 23:45:00,126.30575453467404,35.911408031772226,0.0192,-9.011111111,0.0,67.96266015625
2025-02-19 00:00:00,132.40394343314583,37.99188711608609,0.0192,-9.166666667,0.0,65.8013406982422
2025-02-19 00:15:00,140.91113096054679,39.28584157631006,0.0192,-9.111111111,0.0,67.25969683837891
2025-02-19 00:30:00,117.647127924697,38.82179884577771,0.0192,-9.055555556,0.0,67.396525390625
2025-02-19 00:45:00,93.00107049573728,39.734347224398974,0.0192,-9.155555556,0.0,63.094475891113284
2025-02-19 01:00:00,81.25594815935547,40.4370517923573,0.0192,-9.333333333,0.0,58.23479144287109
2025-02-19 01:15:00,67.58710271270891,42.02279758551358,0.0192,-9.511111111,0.0,59.05044476318359
2025-02-19 01:30:00,49.625697483486135,43.50313992965719,0.0192,-9.633333333,0.0,63.120904052734375
2025-02-19 01:45:00,43.23609852061343,43.62334552576124,0.0192,-9.766666667,0.0,58.79301171875
2025-02-19 02:00:00,41.78238356141343,42.94399196839812,0.0192,-9.777777778,0.0,63.60965264892578
2025-02-19 02:15:00,44.049209573231174,42.461630492498756,0.0192,-9.8,0.0,67.27977038574221
2025-02-19 02:30:00,48.23004463056313,42.5529072033342,0.0192,-9.744444444,0.0,57.85277191162109
2025-02-19 02:45:00,46.777939458791636,43.12755196621457,0.0192,-9.688888889,0.0,59.75250952148438
2025-02-19 03:00:00,61.14375295061684,43.68989529168891,0.0192,-9.766666667,0.0,65.01462280273438
2025-02-19 03:15:00,26.4292738961501,43.04326652212966,0.0192,-9.766666667,0.0,60.758945190429685
2025-02-19 03:30:00,26.667033549130235,43.90856223461091,0.0192,-9.788888889,0.0,63.4371336669922
2025-02-19 03:45:00,27.695568472851555,44.63934210781916,0.0192,-9.711111111,0.0,58.27383538818359
2025-02-19 04:00:00,19.86514643799126,45.1254485102693,0.0192,-9.777777778,0.0,62.93590625
2025-02-19 04:15:00,21.18952622854526,45.724128198553444,0.0192,-9.777777778,0.0,56.76181182861328
2025-02-19 04:30:00,25.911597459421962,48.14497378722579,0.0192,-9.833333333,0.0,58.14960046386719
2025-02-19 04:45:00,46.48666997320325,47.144511307664985,0.0192,-9.744444444,0.0,72.61054229736328
2025-02-19 05:00:00,46.384917612237444,45.15547236978421,0.0192,-9.811111111,0.0,61.15866882324219
2025-02-19 05:15:00,42.408072334377465,44.611087396582846,0.0192,-9.744444444,0.0,59.47023828125
2025-02-19 05:30:00,43.44795541652405,46.30584919568157,0.0192,-9.733333333,0.0,72.05971807861329
2025-02-19 05:45:00,45.33261134834954,48.53833043237985,0.0192,-9.777777778,0.0,68.24002624511719
2025-02-19 06:00:00,45.15303024441637,49.05461612121056,0.0192,-9.766666667,0.0,75.5209539794922
2025-02-19 06:15:00,49.661682505379204,52.590693863119355,0.0192,-9.655555556,0.0,74.0069779663086
2025-02-19 06:30:00,47.45143129589551,53.42259742670657,0.0192,-9.655555556,0.0,69.11091796875
2025-02-19 06:45:00,40.13451584573963,58.593769217947894,0.0192,-9.644444444,0.0,68.760197265625
2025-02-19 07:00:00,96.32689435686716,67.50181158420266,0.0192,-9.555555556,0.0,71.7572593383789
2025-02-19 07:15:00,32.39393991373169,84.8540333613687,0.0192,-9.855555556,9.6,72.14432421875
2025-02-19 07:30:00,28.096510345806692,105.22778399487787,0.0192,-9.966666667,21.4,71.07566796875
2025-02-19 07:45:00,46.39032373478458,-3.7582852786123877,0.0192,-9.955555556,37.0,70.78863043212891
2025-02-19 08:00:00,42.70879973200156,5.550741610007917,0.2583,-9.966666667,51.2,65.8695199584961
2025-02-19 08:15:00,41.896276867979914,14.718484615969345,0.2583,-9.933333333,71.0,62.79525390625
2025-02-19 08:30:00,42.41619191268345,1.9919012707430048,0.2583,-9.844444444,97.0,69.64054058837891
2025-02-19 08:45:00,39.54951699335137,-11.546756195572408,0.2583,-9.744444444,123.4,70.9768412475586
2025-02-19 09:00:00,33.702637351915605,-17.964660976900948,0.2583,-9.477777778,135.2,62.49710546875
2025-02-19 09:15:00,-15.096841865321622,-17.914596665702707,0.2583,-9.411111111,138.0,64.52534374999999
2025-02-19 09:30:00,-14.010698211203708,-18.939590409075098,0.2583,-9.444444444,156.0,74.5937664794922
2025-02-19 09:45:00,-13.234837728017357,-18.651478508737164,0.2583,-9.311111111,153.0,69.3960687866211
2025-02-19 10:00:00,-14.106989815682004,-12.682096209888789,0.2583,-9.355555556,184.0,75.37063671875
2025-02-19 10:15:00,-11.512804235034618,-20.25612552792165,0.2583,-9.377777778,218.0,73.3975086669922
2025-02-19 10:30:00,-0.8851052407572679,-20.73743606703055,0.2583,-9.744444444,200.4,64.39922503662109
2025-02-19 10:45:00,48.46704758765938,-20.92786149519946,0.2583,-9.8,256.8,73.10859027099609
2025-02-19 11:00:00,70.46905498253572,-21.2816269088415,0.2583,-9.5,347.8,58.91877191162109
2025-02-19 11:15:00,71.3388562871484,-22.210106989229804,0.2583,-8.855555556,419.6,70.89568054199219
2025-02-19 11:30:00,66.06029514994226,-24.156723971983848,0.2583,-8.377777778,525.6,69.4941499633789
2025-02-19 11:45:00,64.00063280562009,-25.378096553483456,0.2583,-8.655555556,511.2,71.17170074462891
2025-02-19 12:00:00,66.17013509973964,-25.81352266696419,0.2583,-8.3,277.8,67.1481766357422
2025-02-19 12:15:00,61.55875638179794,-26.29373379971489,0.2583,-7.955555556,386.2,70.6832664794922
2025-02-19 12:30:00,-42.296866016938445,-26.715811846098845,0.2583,-7.533333333,566.8,68.9439125366211
2025-02-19 12:45:00,-81.17768274110557,-27.49357789415574,0.2583,-8.344444444,199.4,65.07390319824219
2025-02-19 13:00:00,-33.36884867164146,-5.645779621587291,0.2583,-8.044444444,421.2,61.6552430419922
2025-02-19 13:15:00,-28.530253290759198,-27.586734223494794,0.2583,-7.522222222,432.2,61.93235870361328
2025-02-19 13:30:00,-7.509952904651283,-27.860804248194842,0.2583,-7.611111111,313.0,58.2511571044922
2025-02-19 13:45:00,-2.9180513535059034,-28.120289507573535,0.2583,-7.611111111,426.8,62.850368041992205
2025-02-19 14:00:00,9.261404486460236,-28.452817782585953,0.2583,-7.433333333,387.2,55.03891796875
2025-02-19 14:15:00,-53.17703272208711,-28.484263157017054,0.2583,-6.677777778,644.4,57.72983831787109
2025-02-19 14:30:00,-7.91165590743503,-29.00276985828885,0.2583,-7.255555556,265.4,60.91867120361328
2025-02-19 14:45:00,77.15284343773618,-14.774628853214821,0.2583,-7.333333333,502.0,64.03235327148437
2025-02-19 15:00:00,64.40701596683279,-28.30932805434065,0.2583,-6.888888889,334.6,54.60453601074219
2025-02-19 15:15:00,-138.55099303326048,-16.881782876741514,0.2583,-6.1,385.0,58.626328125
2025-02-19 15:30:00,-14.141956972775455,-27.60980925094434,0.2583,-6.5,168.2,63.75865557861328
2025-02-19 15:45:00,-8.992478352163836,-26.775947785687244,0.2583,-6.366666667,289.4,57.24416015625
2025-02-19 16:00:00,107.74434111540754,-26.110144333821125,0.2583,-6.1,174.0,58.287125
2025-02-19 16:15:00,97.52317391858726,-25.87858446108097,0.2583,-6.444444444,145.4,66.61750140380859
2025-02-19 16:30:00,66.08065711087882,-24.815994911281166,0.2583,-6.788888889,104.2,66.2650531616211
2025-02-19 16:45:00,64.1563399667217,-23.47038168719535,0.2583,-6.877777778,64.0,72.38646417236328
2025-02-19 17:00:00,66.52003485989682,-21.86568257301487,0.2583,-7.055555556,31.0,69.75593682861329
2025-02-19 17:15:00,67.28004274848702,-6.169944444929526,0.2583,-6.944444444,17.0,76.9069765625
2025-02-19 17:30:00,67.57429481241732,-1.1098734208810428,0.2583,-7.0,2.8,76.50917510986328
2025-02-19 17:45:00,81.93133252401547,19.918616718491588,0.2583,-6.944444444,0.0,78.66036566162109
2025-02-19 18:00:00,79.18944609814307,188.08821965519073,0.2583,-7.0,0.0,72.0381492919922
2025-02-19 18:15:00,78.81550784932223,167.84010113759336,0.2583,-7.1,0.0,77.76126409912109
2025-02-19 18:30:00,80.82897952931899,168.91388336711262,0.2583,-7.1,0.0,73.44427191162109
2025-02-19 18:45:00,72.9457911801638,171.78345503059097,0.2583,-7.222222222,0.0,71.0354271850586
2025-02-19 19:00:00,73.6396314460651,178.3109931005822,0.2583,-7.333333333,0.0,71.68385546875
2025-02-19 19:15:00,81.37292975329316,188.00863124584257,0.2583,-7.311111111,0.0,70.62823046874999
2025-02-19 19:30:00,158.10522672770958,188.50068220985955,0.2583,-7.022222222,0.0,70.8725757446289
2025-02-19 19:45:00,133.05772081592298,189.33933488135833,0.2583,-6.833333333,0.0,65.64092999267578
2025-02-19 20:00:00,125.14691993622824,204.43482739182497,0.2583,-7.033333333,0.0,73.4273804321289
2025-02-19 20:15:00,133.18047044870963,201.24137552601997,0.2583,-7.077777778,0.0,66.67812109375001
2025-02-19 20:30:00,135.96844285592258,204.61566977196222,0.2583,-7.255555556,0.0,65.58174456787108
2025-02-19 20:45:00,128.60297040879408,205.68392586016543,0.2583,-7.311111111,0.0,67.01062432861329
2025-02-19 21:00:00,132.86535611348174,206.09943426300396,0.2583,-7.277777778,0.0,68.30373675537109
2025-02-19 21:15:00,143.75670159182476,206.5086304174795,0.2583,-7.333333333,0.0,73.48470312500001
2025-02-19 21:30:00,153.58566211632063,196.24546272467018,0.2583,-7.266666667,0.0,74.6942476196289
2025-02-19 21:45:00,145.47218200022687,202.38982229632913,0.2583,-7.377777778,0.0,71.72566339111327
2025-02-19 22:00:00,140.82633980320853,201.4410675906074,0.0192,-7.444444444,0.0,70.67625933837891
2025-02-19 22:15:00,131.7544146713289,198.87305797566714,0.0192,-7.344444444,0.0,75.3997476196289
2025-02-19 22:30:00,143.277721806286,200.92098260225288,0.0192,-7.444444444,0.0,70.9382586669922
2025-02-19 22:45:00,155.50896361646915,198.7906676219104,0.0192,-7.666666667,0.0,70.85760308837891
2025-02-19 23:00:00,152.80103632654618,199.38820072000593,0.0192,-7.722222222,0.0,68.9196625366211
2025-02-19 23:15:00,133.70835139934061,195.81192464839293,0.0192,-7.744444444,0.0,71.96396417236328
2025-02-19 23:30:00,136.18763478313736,195.7632753071043,0.0192,-7.933333333,0.0,69.35528906249999
2025-02-19 23:45:00,151.50051261828781,196.26542829292276,0.0192,-8.055555556,0.0,67.9370750732422
2025-02-20 00:00:00,146.8126369736708,144.3676133693806,0.0192,-8.1,0.0,61.405209411621094
2025-02-20 00:15:00,148.51939300934217,200.15936353088858,0.0192,-8.177777778,0.0,60.7488250732422
2025-02-20 00:30:00,137.53252480570166,199.60693637973424,0.0192,-8.133333333,0.0,60.48599932861328
2025-02-20 00:45:00,139.86007391454163,197.1724630652076,0.0192,-8.411111111,0.0,59.528249328613285
2025-02-20 01:00:00,150.01100229049365,196.8511885824008,0.0192,-8.522222222,0.0,62.06608441162109
2025-02-20 01:15:00,151.60181865214008,195.9155865837451,0.0192,-8.711111111,0.0,57.67405206298828
2025-02-20 01:30:00,147.22717965856836,195.8608900387276,0.0192,-8.733333333,0.0,55.47580792236328
2025-02-20 01:45:00,138.08438641032234,195.5860324521499,0.0192,-8.633333333,0.0,55.882260192871094
2025-02-20 02:00:00,142.37115151297922,195.3987894230291,0.0192,-8.9,0.0,55.137853393554686
2025-02-20 02:15:00,149.77999156109098,195.41426155666232,0.0192,-8.933333333,0.0,55.50858374023438
2025-02-20 02:30:00,154.2943694988887,195.8495333696853,0.0192,-9.0,0.0,59.1135203857422
2025-02-20 02:45:00,149.941721951605,18.7331871037574,0.0192,-8.944444444,0.0,55.084935974121095
2025-02-20 03:00:00,138.29267018291478,10.963098177563255,0.0192,-8.944444444,0.0,55.1564994506836
2025-02-20 03:15:00,143.34996460726904,-6.4161299403159955,0.0192,-9.088888889,0.0,57.1817109375
2025-02-20 03:30:00,138.8597690666643,11.980599151099353,0.0192,-9.144444444,0.0,55.141632141113284
2025-02-20 03:45:00,136.98235208997764,217.36542711956875,0.0192,-9.0,0.0,34.3824296875
2025-02-20 04:00:00,136.66355882437114,214.89912870758224,0.0192,-8.866666667,0.0,56.550142333984375
2025-02-20 04:15:00,133.29400577312984,214.11983922926802,0.0192,-8.766666667,0.0,53.8099765625
2025-02-20 04:30:00,139.56687460796016,214.05419250343292,0.0192,-8.766666667,0.0,54.83904229736328
2025-02-20 04:45:00,139.96666335054275,213.51321504485466,0.0192,-8.766666667,0.0,57.5629656982422
2025-02-20 05:00:00,142.16514729516246,213.59209694384086,0.0192,-8.922222222,0.0,58.5958265991211
2025-02-20 05:15:00,134.52439601633546,197.77858757258625,0.0192,-9.0,0.0,55.780094726562496
2025-02-20 05:30:00,119.68035660629053,191.5495417951269,0.0192,-9.011111111,0.0,57.58891577148437
2025-02-20 05:45:00,130.80887481947596,205.07456579239678,0.0192,-9.122222222,0.0,63.13148046875
2025-02-20 06:00:00,139.08078108534357,191.6756740491183,0.0192,-8.844444444,0.0,59.553194091796875
2025-02-20 06:15:00,134.4716503760349,201.9759171872475,0.0192,-8.655555556,0.0,63.16060394287109
2025-02-20 06:30:00,128.98328597715488,196.18259588564806,0.0192,-8.8,0.0,57.3449203491211
2025-02-20 06:45:00,115.98420728281302,218.6078141965503,0.0192,-8.811111111,0.0,64.9455101928711
2025-02-20 07:00:00,119.06066270321197,195.30005930412244,0.0192,-8.811111111,0.0,67.08756573486329
2025-02-20 07:15:00,133.40072744897438,218.31144504623325,0.0192,-8.811111111,10.0,64.63053784179688
2025-02-20 07:30:00,132.63989119560372,181.706222074456,0.0192,-8.711111111,25.2,62.342267333984374
2025-02-20 07:45:00,124.33735490344587,207.64701503822923,0.0192,-8.855555556,37.6,53.228266479492184
2025-02-20 08:00:00,121.33374119632184,177.4465865165989,0.2583,-8.611111111,54.0,67.1657568359375
2025-02-20 08:15:00,118.2535512161429,177.7511320063114,0.2583,-8.688888889,71.4,61.17432745361328
2025-02-20 08:30:00,125.25117405711067,172.21327585860723,0.2583,-8.433333333,78.4,61.01754858398437
2025-02-20 08:45:00,128.8004638570764,28.016761407543367,0.2583,-8.277777778,109.4,67.50317761230468
2025-02-20 09:00:00,74.65528807058263,183.23238557866458,0.2583,-8.1,71.8,64.836109375
2025-02-20 09:15:00,72.64737179608657,-11.6126813421052,0.2583,-7.844444444,110.8,66.6737124633789
2025-02-20 09:30:00,68.77498283095262,-19.29158919918943,0.2583,-7.777777778,165.0,68.40772143554688
2025-02-20 09:45:00,68.68765578847115,41.055629447075816,0.2583,-7.777777778,194.2,68.36914385986327
2025-02-20 10:00:00,70.2320562864774,-20.058669215867305,0.2583,-7.844444444,184.0,69.4207664794922
2025-02-20 10:15:00,72.8224672562626,-20.407554230154354,0.2583,-7.633333333,126.0,67.238265625
2025-02-20 10:30:00,70.54136757404794,-20.226816635432343,0.2583,-7.722222222,136.4,68.22342578125
2025-02-20 10:45:00,67.30590102775346,-21.32222431578691,0.2583,-7.911111111,296.4,66.37623608398437
2025-02-20 11:00:00,65.14859683065471,-23.175896339778088,0.2583,-7.544444444,398.2,68.9441796875
2025-02-20 11:15:00,62.217091878756825,-24.967053340760522,0.2583,-7.133333333,553.8,69.4989398803711
2025-02-20 11:30:00,-37.301733816645594,-9.800892096580053,0.2583,-6.933333333,511.4,67.08210479736329
2025-02-20 11:45:00,-85.371906305183,-27.534062425654955,0.2583,-7.133333333,419.2,67.8123992919922
2025-02-20 12:00:00,-51.314722355358356,-27.34439578365555,0.2583,-7.033333333,333.0,74.20815966796874
2025-02-20 12:15:00,-15.165547519608921,-27.133142296299106,0.2583,-7.288888889,336.2,70.7069188232422
2025-02-20 12:30:00,-14.26281044340858,-27.069351729690027,0.2583,-6.977777778,326.4,73.3952625732422
2025-02-20 12:45:00,-19.32486612083719,-27.148676203243085,0.2583,-7.1,359.2,74.51597198486328
2025-02-20 13:00:00,-10.625977487832001,-27.30620084641657,0.2583,-7.033333333,407.0,71.56668988037109
2025-02-20 13:15:00,-11.917510105621433,-27.42072187237175,0.2583,-7.055555556,366.0,73.21878210449219
2025-02-20 13:30:00,-20.41794772019863,-26.790487713943964,0.2583,-7.133333333,274.2,70.34734698486328
2025-02-20 13:45:00,0.8246072363616286,-26.291937509175927,0.2583,-7.088888889,274.6,71.01344140625
2025-02-20 14:00:00,103.62934188450214,-25.379805351665595,0.2583,-6.9,227.0,71.6922328491211
2025-02-20 14:15:00,88.4497625073355,-24.936780175160823,0.2583,-7.111111111,191.4,67.8960321044922
2025-02-20 14:30:00,67.36566178850755,-24.342508721085863,0.2583,-7.0,163.0,70.428216796875
2025-02-20 14:45:00,66.84700692839094,-23.886106815213125,0.2583,-7.122222222,160.4,71.25572589111329
2025-02-20 15:00:00,63.98260849785142,-23.103089159527883,0.2583,-7.211111111,157.0,70.92117510986328
2025-02-20 15:15:00,64.50201568578869,-22.19075276931278,0.2583,-7.188888889,131.8,70.0745015258789
2025-02-20 15:30:00,65.21406503628552,-20.898610568984463,0.2583,-7.244444444,100.8,77.6178837890625
2025-02-20 15:45:00,71.60955306724571,-16.665298826524538,0.2583,-7.344444444,103.2,62.3606953125
2025-02-20 16:00:00,77.73209270292139,-15.76835802161217,0.2583,-7.388888889,81.2,80.42494769287109
2025-02-20 16:15:00,63.484950636722026,-13.176745425077785,0.2583,-7.544444444,79.4,71.87546417236328
2025-02-20 16:30:00,67.96578444116285,-5.477974077853597,0.2583,-7.466666667,49.0,76.91524542236328
2025-02-20 16:45:00,78.26057388950954,158.99307857232728,0.2583,-7.4,28.4,66.0409578857422
2025-02-20 17:00:00,75.08538650084591,156.55808857301605,0.2583,-7.211111111,19.2,74.3754711303711
2025-02-20 17:15:00,65.532303318137,159.40036006990292,0.2583,-7.255555556,9.0,66.94213519287109
2025-02-20 17:30:00,76.70085700660289,161.69389022012203,0.2583,-7.277777778,0.0,72.19889453125
2025-02-20 17:45:00,79.62600221893851,164.50570692465766,0.2583,-7.311111111,0.0,67.5602734375
2025-02-20 18:00:00,68.87198456831713,171.494840725153,0.2583,-7.5,0.0,78.3473335571289
2025-02-20 18:15:00,124.7344423538105,182.76116202381638,0.2583,-7.677777778,0.0,67.35741168212891
2025-02-20 18:30:00,138.8346822222585,182.8081347514856,0.2583,-7.866666667,0.0,72.85116339111329
2025-02-20 18:45:00,136.720936648694,194.39533396251753,0.2583,-7.888888889,0.0,68.7501187133789
2025-02-20 19:00:00,142.68386910758133,190.71228531409952,0.2583,-7.944444444,0.0,71.29210241699221
2025-02-20 19:15:00,127.38248127514078,201.29135606563028,0.2583,-8.033333333,0.0,73.9254227294922
2025-02-20 19:30:00,132.2068061249886,200.6348060014817,0.2583,-8.011111111,0.0,71.7555258178711
2025-02-20 19:45:00,146.59912021030442,199.20750744484283,0.2583,-8.077777778,0.0,76.53374304199221
2025-02-20 20:00:00,135.3316506055147,202.19221864049533,0.2583,-8.111111111,0.0,74.43880401611328
2025-02-20 20:15:00,121.7700553002095,198.5777411639525,0.2583,-8.111111111,0.0,78.5674110107422
2025-02-20 20:30:00,135.53187485108808,201.07762371070373,0.2583,-8.166666667,0.0,72.01949066162109
2025-02-20 20:45:00,140.72939970832817,201.37325070188064,0.2583,-8.188888889,0.0,68.69160784912108
2025-02-20 21:00:00,141.4871277762186,192.57245706433878,0.2583,-8.111111111,0.0,63.02099542236328
2025-02-20 21:15:00,132.70333409730006,192.2552477021893,0.2583,-8.055555556,0.0,69.4507117919922
2025-02-20 21:30:00,127.84123297101912,190.04031811491723,0.2583,-7.988888889,0.0,71.22528448486328
2025-02-20 21:45:00,135.5424064952808,187.60574202018725,0.2583,-7.933333333,0.0,70.4066812133789
2025-02-20 22:00:00,129.45284746364308,188.05475748682147,0.0192,-7.811111111,0.0,69.71176885986328
2025-02-20 22:15:00,139.90719900786146,192.8066615596327,0.0192,-7.755555556,0.0,59.68887823486328
2025-02-20 22:30:00,139.89345333413524,193.4258205013736,0.0192,-7.8,0.0,59.88243682861328
2025-02-20 22:45:00,127.7664674612842,194.82045459915634,0.0192,-7.8,0.0,60.6309656982422
2025-02-20 23:00:00,133.05080456755536,195.9031473224096,0.0192,-7.777777778,0.0,60.86181097412109
2025-02-20 23:15:00,131.26394237156313,197.44075801879708,0.0192,-7.722222222,0.0,58.82641186523438
2025-02-20 23:30:00,139.54847414429443,197.6748886571788,0.0192,-7.633333333,0.0,57.95780401611328
2025-02-20 23:45:00,134.25094469635687,215.21857301392444,0.0192,-7.588888889,0.0,59.1142000732422
2025-02-21 00:00:00,121.40320595548563,148.71571317620499,0.0192,-7.622222222,0.0,56.0321531982422
2025-02-21 00:15:00,137.18300912557035,211.83109839008625,0.0192,-7.622222222,0.0,55.482117919921876
2025-02-21 00:30:00,147.32172767505998,205.54159453374376,0.0192,-7.555555556,0.0,59.3811219482422
2025-02-21 00:45:00,134.78010062887154,198.27246119301896,0.0192,-7.588888889,0.0,55.4010546875
2025-02-21 01:00:00,126.20704372421771,188.48233101135258,0.0192,-7.555555556,0.0,58.32086358642578
2025-02-21 01:15:00,85.68781791531973,179.37102027346668,0.0192,-7.622222222,0.0,54.1257078857422
2025-02-21 01:30:00,90.63112727697096,170.63218009312294,0.0192,-7.688888889,0.0,55.9166102294922
2025-02-21 01:45:00,87.10540877821187,163.74553412557268,0.0192,-7.711111111,0.0,55.27287042236328
2025-02-21 02:00:00,81.60850192209018,158.44652257285713,0.0192,-7.744444444,0.0,56.03230249023437
2025-02-21 02:15:00,79.94242617453547,-2.841033190259498,0.0192,-7.766666667,0.0,55.6828758544922
2025-02-21 02:30:00,86.37980307833375,-12.978154114327255,0.0192,-7.744444444,0.0,57.57540795898437
2025-02-21 02:45:00,93.50814285901367,-2.925125669768455,0.0192,-7.666666667,0.0,57.914642333984375
2025-02-21 03:00:00,88.56203595432804,34.01014790096828,0.0192,-7.477777778,0.0,56.24969702148437
2025-02-21 03:15:00,83.88291188789063,24.12684295326931,0.0192,-7.622222222,0.0,54.1105678100586
2025-02-21 03:30:00,80.26397236822402,8.12584909941293,0.0192,-7.777777778,0.0,55.22979925537109
2025-02-21 03:45:00,83.42413524630794,6.439033177235803,0.0192,-8.044444444,0.0,53.42579620361328
2025-02-21 04:00:00,175.80410910851532,56.29092528036225,0.0192,-8.044444444,0.0,51.179890625
2025-02-21 04:15:00,148.18983148770033,6.344810182728894,0.0192,-8.111111111,0.0,52.623171875
2025-02-21 04:30:00,144.16736467913387,46.21479457281303,0.0192,-8.3,0.0,54.21968585205078
2025-02-21 04:45:00,128.31862330396365,18.124888289804158,0.0192,-8.255555556,0.0,54.5266875
2025-02-21 05:00:00,123.73774565336882,58.96775236241949,0.0192,-8.177777778,0.0,60.50332592773437
2025-02-21 05:15:00,139.63483278017432,240.1392709391249,0.0192,-8.333333333,0.0,58.0562490234375
2025-02-21 05:30:00,134.36514503980635,239.09713638907402,0.0192,-8.533333333,0.0,56.35154620361328
2025-02-21 05:45:00,132.5086900496116,238.24433253041735,0.0192,-8.555555556,0.0,58.115364990234376
2025-02-21 06:00:00,125.66500446883141,239.2026651391387,0.0192,-8.522222222,0.0,65.68967456054688
2025-02-21 06:15:00,110.45214684340131,239.48217588384375,0.0192,-8.677777778,0.0,69.44609698486329
2025-02-21 06:30:00,118.54099145002807,239.39490800821707,0.0192,-8.6,0.0,71.2948289794922
2025-02-21 06:45:00,121.19943697518107,238.9189039909936,0.0192,-8.711111111,0.0,72.4779765625
2025-02-21 07:00:00,119.3275302761622,238.2045770685096,0.0192,-8.755555556,0.0,66.51195245361328
2025-02-21 07:15:00,126.1235997888044,208.4330154945904,0.0192,-8.711111111,13.4,66.0767866821289
2025-02-21 07:30:00,126.9844451614907,196.93547371328103,0.0192,-8.866666667,30.4,65.512609375
2025-02-21 07:45:00,123.87623381510275,187.32255084111767,0.0192,-9.111111111,47.6,65.83724371337891
2025-02-21 08:00:00,121.46110813173976,-17.04064357593568,0.2583,-9.044444444,56.6,62.907025817871094
2025-02-21 08:15:00,70.132356813853,-17.515484045668376,0.2583,-9.0,73.4,66.05244964599609
2025-02-21 08:30:00,73.1395839477561,-17.71036692263925,0.2583,-8.955555556,84.2,64.41248608398438
2025-02-21 08:45:00,72.10136138160567,-17.62886277317088,0.2583,-9.266666667,132.8,64.557181640625
2025-02-21 09:00:00,73.57779882192942,-17.499529988447964,0.2583,-9.4,169.4,67.5461015625
2025-02-21 09:15:00,72.35512455292633,-17.924827684615078,0.2583,-9.466666667,191.6,66.10393920898437
2025-02-21 09:30:00,68.67680993916116,-10.248544303454171,0.2583,-9.566666667,207.4,69.74238171386719
2025-02-21 09:45:00,69.1995362694527,-18.876372909101942,0.2583,-9.477777778,213.2,67.31327276611327
2025-02-21 10:00:00,72.57255719959056,-19.227804992432592,0.2583,-9.555555556,212.4,63.62575714111328
2025-02-21 10:15:00,73.41575521675175,-18.44104229416918,0.2583,-9.433333333,246.4,66.5484149169922
2025-02-21 10:30:00,71.45167827601045,12.462755270356494,0.2583,-9.466666667,272.8,67.1575555419922
2025-02-21 10:45:00,67.54774021207304,-20.10671826664559,0.2583,-9.255555556,274.2,68.80369921875
2025-02-21 11:00:00,67.48754967410073,-20.639203019558796,0.2583,-9.066666667,291.4,69.36181964111327
2025-02-21 11:15:00,69.32077164376375,-18.467465719513026,0.2583,-9.077777778,248.6,69.74651593017578
2025-02-21 11:30:00,69.79333615731616,-22.13925642716342,0.2583,-8.644444444,314.4,68.55954058837891
2025-02-21 11:45:00,68.14576531365101,-22.336938078746346,0.2583,-8.455555556,338.4,66.0643680419922
2025-02-21 12:00:00,65.48240516288305,-22.99609457603551,0.2583,-8.522222222,348.8,63.603814331054686
2025-02-21 12:15:00,64.84595397729754,-23.070224671767914,0.2583,-8.244444444,299.4,61.0536844482422
2025-02-21 12:30:00,64.73310982733085,-22.900037527199608,0.2583,-8.222222222,264.2,61.713294677734375
2025-02-21 12:45:00,62.969401582939945,-22.64917023111931,0.2583,-7.766666667,309.2,63.17149780273437
2025-02-21 13:00:00,62.422153002165764,-22.405286156361715,0.2583,-7.766666667,287.0,63.39217510986328
2025-02-21 13:15:00,64.75456283993931,-22.374066825766807,0.2583,-7.622222222,249.0,61.964271240234375
2025-02-21 13:30:00,65.37846100293864,-22.72570580281134,0.2583,-7.822222222,248.0,60.91615472412109
2025-02-21 13:45:00,66.39398742165028,-22.21853085519043,0.2583,-7.766666667,213.6,60.942296875
2025-02-21 14:00:00,65.19874619809409,-21.948822796629905,0.2583,-7.722222222,226.6,61.61196417236328
2025-02-21 14:15:00,65.48477954469445,-17.295291956342552,0.2583,-7.8,211.6,61.94890234375
2025-02-21 14:30:00,64.0893480857902,-21.76660833378174,0.2583,-7.711111111,183.0,64.18738604736328
2025-02-21 14:45:00,66.73395960918225,-8.83276042588786,0.2583,-7.722222222,152.0,62.22750323486328
2025-02-21 15:00:00,67.62162573660454,-20.899396180755932,0.2583,-7.544444444,141.6,63.981747802734375
2025-02-21 15:15:00,63.33891860437549,-20.492000477287434,0.2583,-7.666666667,121.8,63.15693988037109
2025-02-21 15:30:00,69.4670396080274,-20.680996742574877,0.2583,-7.577777778,114.4,65.55317456054688
2025-02-21 15:45:00,72.01487333085086,-20.374541479147556,0.2583,-7.544444444,122.8,70.1726102294922
2025-02-21 16:00:00,71.96460680467126,-19.586694968754834,0.2583,-7.644444444,101.2,74.64068121337891
2025-02-21 16:15:00,66.52336327419181,-19.600406636898537,0.2583,-7.477777778,97.4,69.0236976928711
2025-02-21 16:30:00,65.65799233709721,-19.11251479069599,0.2583,-7.388888889,82.2,76.37694616699221
2025-02-21 16:45:00,71.23316017079537,-18.292452647841703,0.2583,-7.255555556,57.6,75.08972979736328
2025-02-21 17:00:00,73.27333082109288,-18.471259027900057,0.2583,-7.4,42.6,80.72331249999999
2025-02-21 17:15:00,67.40269802074317,-18.30346221455532,0.2583,-7.344444444,19.4,90.5659072265625
2025-02-21 17:30:00,146.03867875763075,230.31963070377054,0.2583,-7.455555556,9.0,80.02162261962891
2025-02-21 17:45:00,127.19437439184412,240.04317623644707,0.2583,-7.466666667,0.0,81.1050562133789
2025-02-21 18:00:00,127.69206562016535,212.46100320352207,0.2583,-7.622222222,0.0,84.0361414794922
2025-02-21 18:15:00,130.60199717964815,218.78280698381778,0.2583,-7.611111111,0.0,67.99289300537109
2025-02-21 18:30:00,123.7387047052358,219.86313787158676,0.2583,-7.533333333,0.0,76.7299344482422
2025-02-21 18:45:00,126.66261514365814,212.66500401444534,0.2583,-7.455555556,0.0,75.05847686767578
2025-02-21 19:00:00,135.3750842117561,217.36528861852514,0.2583,-7.255555556,0.0,69.44801104736328
2025-02-21 19:15:00,137.5535080618657,213.6688256900727,0.2583,-7.211111111,0.0,68.27342120361328
2025-02-21 19:30:00,123.08399500126792,216.77916642112885,0.2583,-7.2,0.0,69.7605355834961
2025-02-21 19:45:00,119.86715054869369,207.17034735829978,0.2583,-7.111111111,0.0,70.4981117553711
2025-02-21 20:00:00,131.1599470594149,209.30001559257093,0.2583,-7.022222222,0.0,69.3508671875
2025-02-21 20:15:00,142.73704596532525,205.94546120901228,0.2583,-7.033333333,0.0,69.51762097167969
2025-02-21 20:30:00,131.00409928187224,204.50430406254463,0.2583,-6.877777778,0.0,64.47543682861328
2025-02-21 20:45:00,129.7383577744372,204.7302125821446,0.2583,-6.833333333,0.0,61.7913641357422
2025-02-21 21:00:00,126.69001286593793,204.5273155811964,0.2583,-6.8,0.0,62.76421624755859
2025-02-21 21:15:00,125.86555970819903,205.942784723474,0.2583,-6.844444444,0.0,62.06444464111328
2025-02-21 21:30:00,130.9041167202232,206.32643536441284,0.2583,-6.777777778,0.0,63.7082274169922
2025-02-21 21:45:00,137.79485000403574,207.3180016295909,0.2583,-6.777777778,0.0,65.40869812011718
2025-02-21 22:00:00,136.16675664958552,207.51541645769896,0.0192,-6.7,0.0,59.47716729736328
2025-02-21 22:15:00,130.5358194853316,204.89164741083923,0.0192,-6.722222222,0.0,60.21148675537109
2025-02-21 22:30:00,126.2969611437323,206.5938632322261,0.0192,-6.611111111,0.0,59.63730511474609
2025-02-21 22:45:00,140.5286923790445,207.51764589257164,0.0192,-6.7,0.0,60.5776953125
2025-02-21 23:00:00,129.0317775910958,207.2584817874134,0.0192,-6.7,0.0,62.26625714111328
2025-02-21 23:15:00,129.87016550420796,206.72354997434414,0.0192,-6.666666667,0.0,61.81138171386719
2025-02-21 23:30:00,129.6384271587536,207.0754895937338,0.0192,-6.666666667,0.0,59.81450714111328
2025-02-21 23:45:00,125.76271860664998,207.10942238023495,0.0192,-6.688888889,0.0,61.103255615234374
2025-02-22 00:00:00,125.83529154883057,164.2328741204434,0.0192,-6.744444444,0.0,56.6912172241211
2025-02-22 00:15:00,136.74355536749175,207.0102886156531,0.0192,-6.677777778,0.0,57.70851312255859
2025-02-22 00:30:00,136.96201887071913,207.22660389421193,0.0192,-6.666666667,0.0,56.86678839111328
2025-02-22 00:45:00,129.17033331907814,206.9820485817092,0.0192,-6.566666667,0.0,56.270307067871094
2025-02-22 01:00:00,117.83251334094305,207.58006845500344,0.0192,-6.566666667,0.0,56.228805419921876
2025-02-22 01:15:00,125.00453550180389,206.90983803303493,0.0192,-6.477777778,0.0,60.942494567871094
2025-02-22 01:30:00,130.7033647187415,205.53611414146073,0.0192,-6.355555556,0.0,52.76217578125
2025-02-22 01:45:00,129.57364327268664,207.3284288361275,0.0192,-6.333333333,0.0,55.05486889648438
2025-02-22 02:00:00,126.0135928484493,205.60473897300386,0.0192,-6.311111111,0.0,52.78957354736328
2025-02-22 02:15:00,122.8146504751903,-8.399486663158946,0.0192,-6.177777778,0.0,52.99974304199219
2025-02-22 02:30:00,125.39271661268603,58.06519101534993,0.0192,-5.977777778,0.0,52.60390557861328
2025-02-22 02:45:00,131.9416540409304,55.241472388671,0.0192,-5.855555556,0.0,55.92449542236328
2025-02-22 03:00:00,126.02317284425015,7.467510982746548,0.0192,-5.822222222,0.0,53.30662109375
2025-02-22 03:15:00,128.20233733112082,28.934837074429236,0.0192,-5.666666667,0.0,54.2719658203125
2025-02-22 03:30:00,126.42328665233323,101.6358952922798,0.0192,-5.633333333,0.0,52.72058526611328
2025-02-22 03:45:00,125.2036676450315,236.99714427526703,0.0192,-5.444444444,0.0,54.451639099121095
2025-02-22 04:00:00,124.68676023758057,237.14489748221067,0.0192,-5.455555556,0.0,53.724712341308596
2025-02-22 04:15:00,125.29309835548152,237.6022954602907,0.0192,-5.555555556,0.0,53.484265625
2025-02-22 04:30:00,126.82272805225627,238.51969375910272,0.0192,-5.455555556,0.0,52.91504296875
2025-02-22 04:45:00,118.30656301653036,218.60152512328287,0.0192,-5.333333333,0.0,53.616820617675785
2025-02-22 05:00:00,115.62034843287427,209.99706635430096,0.0192,-5.277777778,0.0,54.592379760742205
2025-02-22 05:15:00,129.70351623812502,208.1290307215316,0.0192,-5.3,0.0,53.522400817871095
2025-02-22 05:30:00,123.54903502022474,199.6735542155357,0.0192,-5.488888889,0.0,53.29070300292969
2025-02-22 05:45:00,121.51549095857528,231.72811541958566,0.0192,-5.744444444,0.0,52.053107177734375
2025-02-22 06:00:00,125.46115723402498,195.24733269191907,0.0192,-5.722222222,0.0,51.381650146484375
2025-02-22 06:15:00,125.31378735849357,224.54270870647986,0.0192,-5.777777778,0.0,52.47272631835938
2025-02-22 06:30:00,122.66448105390364,219.83731014941912,0.0192,-5.755555556,0.0,57.326228271484375
2025-02-22 06:45:00,114.89662950655891,211.78147136249194,0.0192,-5.588888889,0.0,56.1763680419922
2025-02-22 07:00:00,118.74647512725105,220.2317124995279,0.0192,-5.444444444,7.0,56.7219033203125
2025-02-22 07:15:00,137.12310534276068,218.95490194214642,0.0192,-5.544444444,16.4,54.3042977294922
2025-02-22 07:30:00,127.7754907998969,203.3647125994293,0.0192,-5.577777778,56.0,54.110646240234374
2025-02-22 07:45:00,113.3000667167076,184.08248008781493,0.0192,-5.144444444,86.4,52.30112890625
2025-02-22 08:00:00,65.08337724038802,187.57345000397967,0.2583,-4.977777778,103.6,53.47214929199219
2025-02-22 08:15:00,64.17248716838927,153.40006792075377,0.2583,-4.2,157.6,53.40195007324219
2025-02-22 08:30:00,59.74919167920057,143.80460997844366,0.2583,-3.611111111,217.2,52.875457885742186
2025-02-22 08:45:00,59.64576529233478,139.41619521070567,0.2583,-2.866666667,243.6,49.808835266113284
2025-02-22 09:00:00,22.63154436993262,-22.47041382712662,0.2583,-2.466666667,312.4,49.645153198242184
2025-02-22 09:15:00,-153.85732057314445,-24.10164575735336,0.2583,-2.244444444,343.6,49.9276171875
2025-02-22 09:30:00,-55.00320407085318,-25.67482245598494,0.2583,-2.144444444,376.8,47.96799932861328
2025-02-22 09:45:00,-45.69789030987956,-26.955133859067836,0.2583,-1.466666667,416.6,46.7933515625
2025-02-22 10:00:00,-38.237454829080896,-28.0180504511018,0.2583,-0.944444444,445.6,52.2275859375
2025-02-22 10:15:00,-32.36126552096361,-28.605097146780974,0.2583,-0.922222222,479.0,46.058099365234376
2025-02-22 10:30:00,-37.02891207734282,-29.062980622720282,0.2583,-0.977777778,508.4,45.217615661621096
2025-02-22 10:45:00,-47.71678914261449,-30.406091352915553,0.2583,-0.722222222,532.4,46.22460003662109
2025-02-22 11:00:00,-24.61349792906465,-31.49084622315404,0.2583,-0.5,560.2,47.30193835449219
2025-02-22 11:15:00,-50.792510199125196,-32.516252866163484,0.2583,-0.044444444,570.0,44.810825073242185
2025-02-22 11:30:00,-77.80673952645942,-33.13183913887932,0.2583,-0.366666667,583.8,45.865875
2025-02-22 11:45:00,-86.86747955646808,-33.72424479004068,0.2583,0.1888888888888868,598.6,47.9237664794922
2025-02-22 12:00:00,-90.45021346689566,-34.76960759731304,0.2583,0.5222222222222209,601.4,43.69877276611328
2025-02-22 12:15:00,-90.38292829324683,-34.8372152006583,0.2583,0.9111111111111114,612.4,47.484274291992186
2025-02-22 12:30:00,-88.75384932039303,-36.009746421735386,0.2583,0.9777777777777806,610.2,46.0471616821289
2025-02-22 12:45:00,-80.1910428516549,-35.86914040365142,0.2583,1.5222222222222197,612.0,46.29803991699219
2025-02-22 13:00:00,-79.83003646312042,-36.16989580213421,0.2583,1.7777777777777797,600.8,71.57348132324219
2025-02-22 13:15:00,-83.24074240485501,-36.67568001510729,0.2583,1.71111111111111,591.0,47.4935008544922
2025-02-22 13:30:00,-87.69786940827585,-36.699458934724674,0.2583,2.2888888888888874,579.0,47.417704833984374
2025-02-22 13:45:00,-86.94156803585363,-36.67687910278747,0.2583,1.811111111111114,557.4,47.36089453125
2025-02-22 14:00:00,-85.01319809173418,-36.289853612245686,0.2583,2.3555555555555525,541.0,49.73079620361328
2025-02-22 14:15:00,-83.50180647066107,-36.559139576815944,0.2583,2.7111111111111086,516.2,57.220979797363285
2025-02-22 14:30:00,-78.43772355811954,-35.96850227691198,0.2583,2.9111111111111083,489.2,60.1945453491211
2025-02-22 14:45:00,-87.81668751488856,-35.49390082162122,0.2583,2.833333333333334,461.0,56.805596984863286
2025-02-22 15:00:00,-85.7353679096575,-34.37322290762742,0.2583,3.177777777777777,420.2,60.39693988037109
2025-02-22 15:15:00,-81.51126540518082,-34.13597566800704,0.2583,2.966666666666665,386.6,58.43111956787109
2025-02-22 15:30:00,-80.58240155565905,-33.37537502854239,0.2583,3.211111111111108,325.8,56.429564880371096
2025-02-22 15:45:00,-77.75503855981555,-32.47775088875206,0.2583,3.455555555555559,295.8,60.3458250732422
2025-02-22 16:00:00,-85.7612442418656,-31.735192914519125,0.2583,3.4777777777777805,254.4,61.3302977294922
2025-02-22 16:15:00,-74.4272943914262,-30.49759170004112,0.2583,3.533333333333333,222.8,61.67327514648437
2025-02-22 16:30:00,-44.30845257848861,-29.515463579757892,0.2583,3.722222222222224,142.4,58.8457860107422
2025-02-22 16:45:00,-39.878388520791766,-28.538295838717133,0.2583,3.544444444444442,82.4,63.38021484375
2025-02-22 17:00:00,-41.939221338624264,-27.275597307911635,0.2583,3.2888888888888896,70.4,62.9605414428711
2025-02-22 17:15:00,-48.68778907638329,-26.18127447004943,0.2583,3.099999999999999,29.6,58.070055541992204
2025-02-22 17:30:00,-54.127350598125865,-23.936406373687515,0.2583,2.833333333333334,13.6,62.81283526611328
2025-02-22 17:45:00,-53.339307342181,-22.903851768336693,0.2583,2.7111111111111086,0.0,46.830321166992185
2025-02-22 18:00:00,-49.12740607499971,-22.180625451957834,0.2583,2.555555555555556,0.0,66.52381640625
2025-02-22 18:15:00,-44.99316098445654,-21.744189358192397,0.2583,2.3888888888888875,0.0,64.78630401611329
2025-02-22 18:30:00,-36.16606770047728,-21.416146582891948,0.2583,2.1111111111111094,0.0,60.98292578125
2025-02-22 18:45:00,-28.566952395143097,-15.885890488643923,0.2583,2.0444444444444443,0.0,61.3276063232422
2025-02-22 19:00:00,-24.00982114135014,-11.273105631819618,0.2583,1.8555555555555532,0.0,61.78405413818359
2025-02-22 19:15:00,-23.915454417352457,-11.465931433329184,0.2583,1.7888888888888923,0.0,60.8568328857422
2025-02-22 19:30:00,-23.791162420222836,-11.63072539047465,0.2583,1.555555555555554,0.0,60.63692749023438
2025-02-22 19:45:00,-22.482531541564786,-11.840613446446087,0.2583,1.5666666666666669,0.0,59.926961791992184
2025-02-22 20:00:00,-21.776580120494778,-12.386013988791102,0.2583,1.533333333333336,0.0,60.9149555053711
2025-02-22 20:15:00,-21.852208418140467,-12.978379651927233,0.2583,1.533333333333336,0.0,62.3302719116211
2025-02-22 20:30:00,-22.04257271699582,-13.740414852925284,0.2583,1.4555555555555582,0.0,60.9101297607422
2025-02-22 20:45:00,-18.707779612959623,-13.509973952240136,0.2583,1.2555555555555584,0.0,63.276036865234374
2025-02-22 21:00:00,-5.501571241260695,-13.186415425039655,0.2583,1.311111111111111,0.0,60.65593988037109
2025-02-22 21:15:00,-15.267275504170597,-13.105242985723851,0.2583,1.4444444444444453,0.0,59.38428839111328
2025-02-22 21:30:00,-12.746503581799963,-13.151456746990805,0.2583,1.5000000000000016,0.0,59.60244323730468
2025-02-22 21:45:00,-17.00861433921672,-13.231123652720132,0.2583,1.47777777777778,0.0,57.207364990234375
2025-02-22 22:00:00,-12.601875706252683,-13.276232186011537,0.0192,1.4222222222222234,0.0,57.2763641357422
2025-02-22 22:15:00,-8.200262031330215,-13.01766104522502,0.0192,1.5444444444444412,0.0,61.1691922607422
2025-02-22 22:30:00,-4.163172280292644,-12.898815037766568,0.0192,1.5111111111111144,0.0,55.554314453125
2025-02-22 22:45:00,-11.572266382942066,-12.816934734803732,0.0192,1.5000000000000016,0.0,57.259400146484374
2025-02-22 23:00:00,-10.753617051217113,-13.395520711744059,0.0192,1.4444444444444453,0.0,57.66601885986328
2025-02-22 23:15:00,-9.041050373764593,-13.298372903008797,0.0192,1.288888888888889,0.0,56.7521015625
2025-02-22 23:30:00,-7.980251411390411,-12.492136640884581,0.0192,1.1000000000000023,0.0,57.4634188232422
2025-02-22 23:45:00,-7.452700566644976,-11.609071714373737,0.0192,0.5666666666666644,0.0,58.49364093017578
