timestamp,load,temp_amb,solar,TOU
2023-07-01 00:00:00,940.0,20.0,0.0,0.08
2023-07-01 00:15:00,940.0,20.0,0.0,0.08
2023-07-01 00:30:00,940.0,20.0,0.0,0.08
2023-07-01 00:45:00,940.0,20.0,0.0,0.08
2023-07-01 01:00:00,940.0,20.0,0.0,0.08
2023-07-01 01:15:00,940.0,20.0,0.0,0.08
2023-07-01 01:30:00,940.0,20.0,0.0,0.08
2023-07-01 01:45:00,940.0,20.0,0.0,0.08
2023-07-01 02:00:00,940.0,20.0,0.0,0.08
2023-07-01 02:15:00,940.0,20.0,0.0,0.08
2023-07-01 02:30:00,940.0,20.0,0.0,0.08
2023-07-01 02:45:00,940.0,20.0,0.0,0.08
2023-07-01 03:00:00,940.0,20.0,0.0,0.08
2023-07-01 03:15:00,940.0,20.0,0.0,0.08
2023-07-01 03:30:00,940.0,20.0,0.0,0.08
2023-07-01 03:45:00,940.0,20.0,0.0,0.08
2023-07-01 04:00:00,940.0,20.0,0.0,0.08
2023-07-01 04:15:00,940.0,20.0,0.0,0.08
2023-07-01 04:30:00,940.0,20.0,73.0,0.08
2023-07-01 04:45:00,940.0,20.0,136.0,0.08
2023-07-01 05:00:00,1347.975772571731,20.149999999999995,199.0,0.08
2023-07-01 05:15:00,1348.789314723565,20.300000000000004,262.0,0.08
2023-07-01 05:30:00,1349.560157710373,20.450000000000003,324.75,0.08
2023-07-01 05:45:00,1350.2881164570213,20.6,387.5,0.08
2023-07-01 06:00:00,1277.8106896160782,21.0,450.25,0.12
2023-07-01 06:15:00,1280.3921517070105,21.399999999999995,513.0,0.12
2023-07-01 06:30:00,1701.0637106120305,21.800000000000004,547.75,0.12
2023-07-01 06:45:00,1287.0221885713668,22.2,582.5,0.12
2023-07-01 07:00:00,1990.084211216916,22.625,617.25,0.12
2023-07-01 07:15:00,2421.492170292556,23.050000000000004,652.0,0.12
2023-07-01 07:30:00,1997.9137271644736,23.475,672.25,0.12
2023-07-01 07:45:00,2001.3333075409205,23.899999999999995,692.5,0.12
2023-07-01 08:00:00,1629.868713118199,24.325,712.75,0.12
2023-07-01 08:15:00,2077.0394108624464,24.75,733.0,0.12
2023-07-01 08:30:00,1638.9017374454334,25.175000000000004,712.5,0.12
2023-07-01 08:45:00,1642.850646805736,25.6,692.0,0.12
2023-07-01 09:00:00,1394.7348635180697,25.6,671.5,0.12
2023-07-01 09:15:00,943.5524458992134,25.6,651.0,0.12
2023-07-01 09:30:00,943.0538056419728,25.6,658.25,0.12
2023-07-01 09:45:00,1395.1071499001505,25.6,665.5,0.12
2023-07-01 10:00:00,948.0679176084608,26.000000000000007,672.75,0.12
2023-07-01 10:15:00,952.017361857037,26.399999999999995,680.0,0.12
2023-07-01 10:30:00,956.0904930953528,26.800000000000004,643.5,0.12
2023-07-01 10:45:00,1430.5854181515783,27.2,607.0,0.12
2023-07-01 11:00:00,958.3182266451834,26.925,570.5,0.12
2023-07-01 11:15:00,954.514150702012,26.65,534.0,0.12
2023-07-01 11:30:00,1411.6213020117534,26.375000000000007,572.5,0.12
2023-07-01 11:45:00,948.9480183913922,26.100000000000005,611.0,0.12
2023-07-01 12:00:00,1477.0125223068198,25.975,649.5,0.12
2023-07-01 12:15:00,1930.2523474122647,25.85,688.0,0.12
2023-07-01 12:30:00,1474.9685470022816,25.725000000000005,682.75,0.12
2023-07-01 12:45:00,1473.1267077470914,25.6,677.5,0.12
2023-07-01 13:00:00,1475.5793922301443,25.875,672.25,0.12
2023-07-01 13:15:00,1936.1406862430329,26.149999999999995,667.0,0.12
2023-07-01 13:30:00,1482.4007788848908,26.425,680.0,0.12
2023-07-01 13:45:00,1485.0240554964244,26.700000000000003,693.0,0.12
2023-07-01 14:00:00,1442.638154774048,26.425,706.0,0.25
2023-07-01 14:15:00,979.4803825859528,26.149999999999995,719.0,0.25
2023-07-01 14:30:00,975.9404946529036,25.875,722.25,0.25
2023-07-01 14:45:00,1424.9999654385415,25.6,725.5,0.25
2023-07-01 15:00:00,970.5348784181532,25.300000000000004,728.75,0.25
2023-07-01 15:15:00,966.9919544791228,25.0,732.0,0.25
2023-07-01 15:30:00,963.5545210832552,24.7,711.5,0.25
2023-07-01 15:45:00,1400.4366992948471,24.4,691.0,0.25
2023-07-01 16:00:00,957.5180247809834,24.0,670.5,0.25
2023-07-01 16:15:00,953.450863336988,23.600000000000005,650.0,0.25
2023-07-01 16:30:00,1379.061577005924,23.200000000000003,614.5,0.25
2023-07-01 16:45:00,947.0756473051548,22.800000000000004,579.0,0.25
2023-07-01 17:00:00,2245.4333910086093,22.649999999999995,543.5,0.25
2023-07-01 17:15:00,2243.8109910374715,22.5,508.0,0.25
2023-07-01 17:30:00,2664.4205961073267,22.350000000000005,436.75,0.25
2023-07-01 17:45:00,2241.887528643237,22.2,365.5,0.25
2023-07-01 18:00:00,2675.5171567785324,22.075000000000003,294.25,0.25
2023-07-01 18:15:00,3093.381892033382,21.95,223.0,0.25
2023-07-01 18:30:00,2674.1231382696355,21.825,169.5,0.25
2023-07-01 18:45:00,2672.8988463385067,21.700000000000003,116.0,0.25
2023-07-01 19:00:00,2749.488793353367,21.275,62.5,0.25
2023-07-01 19:15:00,2746.413438595172,20.85,0.0,0.25
2023-07-01 19:30:00,2743.7220102313568,20.425,0.0,0.25
2023-07-01 19:45:00,2741.428328227724,20.0,0.0,0.25
2023-07-01 20:00:00,1441.9683026317562,20.0,0.0,0.08
2023-07-01 20:15:00,1442.435295723286,20.0,0.0,0.08
2023-07-01 20:30:00,1442.923719806617,20.0,0.0,0.08
2023-07-01 20:45:00,1443.4221585976873,20.0,0.0,0.08
2023-07-01 21:00:00,1517.8794681171269,19.850000000000005,0.0,0.08
2023-07-01 21:15:00,1517.3465948453224,19.7,0.0,0.08
2023-07-01 21:30:00,1516.824375398499,19.55,0.0,0.08
2023-07-01 21:45:00,1516.310563210745,19.4,0.0,0.08
2023-07-01 22:00:00,1110.0,19.274999999999995,0.0,0.08
2023-07-01 22:15:00,1110.0,19.15,0.0,0.08
2023-07-01 22:30:00,1110.0,19.025,0.0,0.08
2023-07-01 22:45:00,1110.0,18.899999999999995,0.0,0.08
2023-07-01 23:00:00,1030.0,18.899999999999995,0.0,0.08
2023-07-01 23:15:00,1030.0,18.899999999999995,0.0,0.08
2023-07-01 23:30:00,1030.0,18.899999999999995,0.0,0.08
2023-07-01 23:45:00,1430.0786963026317,18.899999999999995,0.0,0.08
