timesteps,zone_temperature,cooling_setpoint,heating_setpoint,hvac_thermal_load,hvac_power,supply_air_temp_setpoint,supply_air_temp_actual,supply_air_flow_setpoint,supply_air_flow_actual,chilled_water_flow_actual,chiller_supply_water_temp,building_load,hvac_power_kw,lighting,cooking,pc,tv,ev_charging,ev_tesla_charging,ev_nissan_charging,total_demand,pv_generation,battery_power,battery_soc,ev_tesla_soc,ev_nissan_soc,net_grid,curtailment,is_peak,electricity_price
0,22.573223114013672,24.0,18.0,-0.0,0.0,13,22.47007248919996,0.0,0.0,0.0,12.0,0.6,0.0,0.0,0.0,0.4,0.2,0.0,0.0,0.0,0.6,0.0,2.5,0.359366015625,0.19999750000000002,0.39999500000000004,3.1,0.0,False,10.0
1,22.676570892333984,24.0,18.0,-0.0,0.0,13,22.573223114013672,0.0,0.0,0.0,12.0,0.6,0.0,0.0,0.0,0.4,0.2,0.0,0.0,0.0,0.6,0.0,2.5,0.41873054709960933,0.19999750000000002,0.3999900000625001,3.1,0.0,False,10.0
2,22.77884292602539,24.0,18.0,-0.0,0.0,13,22.676570892333984,0.0,0.0,0.0,12.0,0.6,0.0,0.0,0.0,0.4,0.2,0.0,0.0,0.0,0.6,0.0,2.5,0.4780935944609318,0.19999750000000002,0.39998500018749933,3.1,0.0,False,10.0
3,22.87945556640625,24.0,18.0,-0.0,0.0,13,22.77884292602539,0.0,0.0,0.0,12.0,0.6,0.0,0.0,0.0,0.4,0.2,0.0,0.0,0.0,0.6,0.0,2.5,0.5374551577460702,0.19999750000000002,0.399980000374997,3.1,0.0,False,10.0
4,22.978269577026367,24.0,18.0,-0.0,0.0,13,22.87945556640625,0.0,0.0,0.0,12.0,0.6,0.0,0.0,0.0,0.4,0.2,0.0,0.0,0.0,0.6,0.0,2.5,0.5968152369921265,0.19999750000000002,0.3999750006249923,3.1,0.0,False,10.0
5,23.075292587280273,24.0,18.0,-0.0,0.0,13,22.978269577026367,0.0,0.0,0.0,12.0,0.6,0.0,0.0,0.0,0.4,0.2,0.0,0.0,0.0,0.6,0.0,2.5,0.6561738322362016,0.19999750000000002,0.3999700009374845,3.1,0.0,False,10.0
6,23.170543670654297,24.0,18.0,-0.0,0.0,13,23.075292587280273,0.0,0.0,0.0,12.0,0.6,0.0,0.0,0.0,0.4,0.2,0.0,0.0,0.0,0.6,0.0,2.5,0.7155309435153956,0.19999750000000002,0.3999650013124728,3.1,0.0,False,10.0
7,23.264057159423828,24.0,18.0,-0.0,0.0,13,23.170543670654297,0.0,0.0,0.0,12.0,0.6,0.0,0.0,0.0,0.4,0.2,0.0,0.0,0.0,0.6,0.0,2.5,0.7748865708668076,0.19999750000000002,0.39996000174995644,3.1,0.0,False,10.0
8,23.355865478515625,24.0,18.0,-0.0,0.0,13,23.264057159423828,0.0,0.0,0.0,12.0,0.6,0.0,0.0,0.0,0.4,0.2,0.0,0.0,0.0,0.6,0.0,2.5,0.8342407143275358,0.19999750000000002,0.3999550022499346,3.1,0.0,False,10.0
9,23.44600486755371,24.0,18.0,-0.0,0.0,13,23.355865478515625,0.0,0.0,0.0,12.0,0.6,0.0,0.0,0.0,0.4,0.2,0.0,0.0,0.0,0.6,0.0,2.5,0.8935933739346775,0.19999750000000002,0.39995000281240645,3.1,0.0,False,10.0
10,23.534507751464844,24.0,18.0,-0.0,0.0,13,23.44600486755371,0.0,0.0,0.0,12.0,0.6,0.0,0.0,0.0,0.4,0.2,0.0,0.0,0.0,0.6,0.0,0.25626504261289984,0.8996571767050164,0.19999750000000002,0.3999450034373713,0.8562650426128998,0.0,False,10.0
11,23.62140655517578,24.0,18.0,-0.0,0.0,13,23.534507751464844,0.0,0.0,0.0,12.0,0.6,0.0,0.0,0.0,0.4,0.2,0.0,0.0,0.0,0.6,0.0,0.013712931799343409,0.8999603592637799,0.19999750000000002,0.3999400041248284,0.6137129317993434,0.0,False,10.0
12,23.70673942565918,24.0,18.0,-0.0,0.0,13,23.62140655517578,0.0,0.0,0.0,12.0,0.6,0.0,0.0,0.0,0.4,0.2,0.0,0.0,0.0,0.6,0.0,0.0015856294488036937,0.8999755180127399,0.19999750000000002,0.39993500487477684,0.6015856294488037,0.0,False,10.0
13,23.7905330657959,24.0,18.0,-0.0,0.0,13,23.70673942565918,0.0,0.0,0.0,12.0,0.6,0.0,0.0,0.0,0.4,0.2,0.0,0.0,0.0,0.6,0.0,0.000979279490405105,0.8999762759312395,0.19999750000000002,0.39993000568721593,0.6009792794904051,0.0,False,10.0
14,23.872821807861328,24.0,18.0,-0.0,0.0,13,23.7905330657959,0.0,0.0,0.0,12.0,0.6,0.0,0.0,0.0,0.4,0.2,0.0,0.0,0.0,0.6,0.0,0.0009489627504200016,0.899976313826217,0.19999750000000002,0.39992500656214486,0.60094896275042,0.0,False,10.0
15,23.953636169433594,24.0,18.0,-0.0,0.0,13,23.872821807861328,0.0,0.0,0.0,12.0,0.6,0.0,0.0,0.0,0.4,0.2,0.0,0.0,0.0,0.6,0.0,0.0009474469513204298,0.8999763157209186,0.19999750000000002,0.39992000749956286,0.6009474469513204,0.0,False,10.0
16,24.033004760742188,24.0,18.0,-0.0,0.0,13,23.953636169433594,0.0,0.0,0.0,12.0,0.6,0.0,0.0,0.0,0.4,0.2,0.0,0.0,0.0,0.6,0.0,0.0009473711632557169,0.8999763158156512,0.19999750000000002,0.39991500849946915,0.6009473711632557,0.0,False,10.0
17,24.110958099365234,24.0,18.0,-0.0,0.0,13,24.033004760742188,0.0,0.0,0.0,12.0,0.6,0.0,0.0,0.0,0.4,0.2,0.0,0.0,0.0,0.6,0.0,0.0009473673739535116,0.8999763158203877,0.19999750000000002,0.3999100095618629,0.6009473673739535,0.0,False,10.0
18,24.187522888183594,24.0,18.0,-0.0,0.0,13,24.110958099365234,0.0,0.0,0.0,12.0,0.6,0.0,0.0,0.0,0.4,0.2,0.0,0.0,0.0,0.6,0.0,0.000947367184491732,0.8999763158206245,0.19999750000000002,0.3999050106867434,0.6009473671844917,0.0,False,10.0
19,24.262727737426758,24.0,18.0,-0.0,0.0,13,24.187522888183594,0.0,0.0,0.0,12.0,0.6,0.0,0.0,0.0,0.4,0.2,0.0,0.0,0.0,0.6,0.21206222069760003,0.0009473671750193091,0.8999763158206364,0.19999750000000002,0.39990001187410984,0.38888514647741923,0.0,False,10.0
20,24.356409072875977,24.0,18.0,-0.0,0.0,13,24.262727737426758,0.0,0.0,0.0,12.0,0.6,0.0,0.0,0.0,0.4,0.2,0.0,0.0,0.0,0.6,0.3171375217584,0.0009473671745441337,0.899976315820637,0.19999750000000002,0.3998950131239614,0.2838098454161441,0.0,False,10.0
21,24.46747589111328,24.0,18.0,-0.0,0.0,13,24.356409072875977,0.0,0.0,0.0,12.0,0.6,0.0,0.0,0.0,0.4,0.2,0.0,0.0,0.0,0.6,0.4215756166272,0.0009473671745219292,0.8999763158206371,0.19999750000000002,0.3998900144362974,0.1793717505473219,0.0,False,10.0
22,24.58809471130371,24.0,18.0,-0.0,0.0,13,24.46747589111328,0.0,0.0,0.0,12.0,0.6,0.0,0.0,0.0,0.4,0.2,0.0,0.0,0.0,0.6,0.7395817743265001,0.0009473671745174883,0.8999763158206371,0.19999750000000002,0.39988501581111696,0.0,0.1386344071519826,False,10.0
23,24.365995407104492,24.0,18.0,-5191.544583842206,1310.7417761527108,13,18.13094970652485,0.5,0.6666666666666666,0.0001411705685618729,7.0,1.9107417761527108,1.310741776152711,0.0,0.0,0.4,0.2,0.0,0.0,0.0,1.9107417761527108,1.1068737349039999,0.0009473671745174883,0.8999763158206371,0.19999750000000002,0.3998800172484193,0.8048154084232284,0.0,False,10.0
24,24.034526824951172,24.0,18.0,-7162.032179327694,1310.7417761527108,13,15.457995184060096,0.5,0.6666666666666666,0.0001411705685618729,7.0,2.510741776152711,1.310741776152711,0.6,0.0,0.4,0.2,0.0,0.0,0.0,2.510741776152711,1.4263455367139999,0.0009473671745174883,0.8999763158206371,0.19999750000000002,0.39987501874820375,1.0853436066132285,0.0,False,10.0
25,23.742918014526367,24.0,18.0,-7025.328892463585,1310.7417761527108,13,15.296555565668104,0.5,0.6666666666666666,0.0001411705685618729,7.0,4.510741776152711,1.310741776152711,0.6,2.0,0.4,0.2,0.0,0.0,0.0,4.510741776152711,1.73826868096,0.0009473671745174883,0.8999763158206371,0.19999750000000002,0.3998700203104694,2.773420462367228,0.0,False,10.0
26,23.480613708496094,24.0,18.0,-6905.0644541127895,1310.7417761527108,13,15.154529390007971,0.5,0.6666666666666666,0.0001411705685618729,7.0,4.510741776152711,1.310741776152711,0.6,2.0,0.4,0.2,0.0,0.0,0.0,4.510741776152711,1.9218681619070939,0.0009473671745174883,0.8999763158206371,0.19999750000000002,0.39986502193521556,2.589820981420134,0.0,False,10.0
27,23.713781356811523,24.0,18.0,-0.0,0.0,13,23.480613708496094,0.0,0.0,0.0,12.0,1.2,0.0,0.6,0.0,0.4,0.2,0.0,0.0,0.0,1.2,2.102426983290375,0.0009473671745174883,0.8999763158206371,0.19999750000000002,0.3998600236224414,0.0,0.9014796161158574,False,10.0
28,23.943239212036133,24.0,18.0,-0.0,0.0,13,23.713781356811523,0.0,0.0,0.0,12.0,3.2,0.0,0.6,2.0,0.4,0.2,0.0,0.0,0.0,3.2,2.2814158896648435,0.0009473671745174883,0.8999763158206371,0.19999750000000002,0.3998550253721461,0.9195314775096741,0.0,False,10.0
29,24.167367935180664,24.0,18.0,-0.0,0.0,13,23.943239212036133,0.0,0.0,0.0,12.0,1.2,0.0,0.6,0.0,0.4,0.2,0.0,0.0,0.0,1.2,2.4576142678534993,0.0009473671745174883,0.8999763158206371,0.19999750000000002,0.399850027184329,0.0,1.256666900678982,False,10.0
30,24.38611602783203,24.0,18.0,-0.0,0.0,13,24.167367935180664,0.0,0.0,0.0,12.0,3.2,0.0,0.6,2.0,0.4,0.2,0.0,0.0,0.0,3.2,2.556439124352093,0.0009473671745174883,0.8999763158206371,0.19999750000000002,0.3998450290589892,0.6445082428224245,0.0,False,10.0
31,24.60063362121582,24.0,18.0,-0.0,0.0,13,24.38611602783203,0.0,0.0,0.0,12.0,3.2,0.0,0.6,2.0,0.4,0.2,0.0,0.0,0.0,3.2,2.6542279822143757,0.0009473671745174883,0.8999763158206371,0.19999750000000002,0.399840030996126,0.5467193849601419,0.0,False,10.0
32,24.4437313079834,24.0,18.0,-5196.71584377744,1310.7417761527108,13,18.137056701094625,0.5,0.6666666666666666,0.0001411705685618729,7.0,4.510741776152711,1.310741776152711,0.6,2.0,0.4,0.2,0.0,0.0,0.0,4.510741776152711,2.7494710866378442,0.0009473671745174883,0.8999763158206371,0.19999750000000002,0.3998350329957385,1.7622180566893837,0.0,False,10.0
33,24.144359588623047,24.0,18.0,-7194.091788381604,1310.7417761527108,13,15.495855949299811,0.5,0.6666666666666666,0.0001411705685618729,7.0,4.510741776152711,1.310741776152711,0.6,2.0,0.4,0.2,0.0,0.0,0.0,4.510741776152711,2.8435582504700005,0.0009473671745174883,0.8999763158206371,0.19999750000000002,0.3998300350578261,1.6681308928572274,0.0,False,10.0
34,23.8574275970459,24.0,18.0,-7070.625794214501,1310.7417761527108,13,15.350048899301527,0.5,0.6666666666666666,0.0001411705685618729,7.0,4.510741776152711,1.310741776152711,0.6,2.0,0.4,0.2,0.0,0.0,0.0,4.510741776152711,2.8956897985015,0.0009473671745174883,0.8999763158206371,0.19999750000000002,0.3998250371823879,1.615999344825728,0.0,False,10.0
35,23.586748123168945,24.0,18.0,-6952.290155583996,1310.7417761527108,13,15.210300537861823,0.5,0.6666666666666666,0.0001411705685618729,7.0,4.510741776152711,1.310741776152711,0.6,2.0,0.4,0.2,0.0,0.0,0.0,4.510741776152711,2.9473357562879996,0.0009473671745174883,0.8999763158206371,0.19999750000000002,0.3998200393694231,1.5643533870392283,0.0,False,10.0
36,23.33066749572754,24.0,18.0,-6840.6573319684185,1310.7417761527108,13,15.078467859526633,0.5,0.6666666666666666,0.0001411705685618729,7.0,4.510741776152711,1.310741776152711,0.6,2.0,0.4,0.2,0.0,0.0,0.0,4.510741776152711,3.0001706532595,0.0009473671745174883,0.8999763158206371,0.19999750000000002,0.399815041618931,1.5115184900677279,0.0,False,10.0
37,23.564456939697266,26.0,16.0,-0.0,0.0,13,23.33066749572754,0.0,0.0,0.0,12.0,0.0,0.0,0.0,0.0,0.0,0.0,0.0,0.0,0.0,0.0,3.052589829085999,0.0009473671745174883,0.8999763158206371,0.19999750000000002,0.3340213926151213,0.0,3.0516424619114817,False,10.0
38,23.801433563232422,26.0,16.0,-0.0,0.0,13,23.564456939697266,0.0,0.0,0.0,12.0,0.0,0.0,0.0,0.0,0.0,0.0,0.0,0.0,0.0,0.0,3.081390010388594,0.0009473671745174883,0.8999763158206371,0.19999750000000002,0.2682285660319242,0.0,3.0804426432140763,False,10.0
39,24.038022994995117,26.0,16.0,-0.0,0.0,13,23.801433563232422,0.0,0.0,0.0,12.0,0.0,0.0,0.0,0.0,0.0,0.0,0.0,0.0,0.0,0.0,3.110011370463375,0.0009473671745174883,0.8999763158206371,0.19999750000000002,0.2024365618590593,0.0,3.1090640032888577,False,10.0
40,24.272586822509766,26.0,16.0,-0.0,0.0,13,24.038022994995117,0.0,0.0,0.0,12.0,0.0,0.0,0.0,0.0,0.0,0.0,0.0,0.0,0.0,0.0,3.138099789421843,0.0009473671745174883,0.8999763158206371,0.19999750000000002,0.19999750000000002,0.0,3.1371524222473255,False,10.0
41,24.505382537841797,26.0,16.0,-0.0,0.0,13,24.272586822509766,0.0,0.0,0.0,12.0,0.0,0.0,0.0,0.0,0.0,0.0,0.0,0.0,0.0,0.0,3.1660012357575,0.0009473671745174883,0.8999763158206371,0.19999750000000002,0.19999750000000002,0.0,3.1650538685829823,False,10.0
42,24.736480712890625,26.0,16.0,-0.0,0.0,13,24.505382537841797,0.0,0.0,0.0,12.0,0.0,0.0,0.0,0.0,0.0,0.0,0.0,0.0,0.0,0.0,3.175433586091594,0.0009473671745174883,0.8999763158206371,0.19999750000000002,0.19999750000000002,0.0,3.1744862189170764,False,10.0
43,24.965707778930664,26.0,16.0,-0.0,0.0,13,24.736480712890625,0.0,0.0,0.0,12.0,0.0,0.0,0.0,0.0,0.0,0.0,0.0,0.0,0.0,0.0,3.1848076393953746,0.0009473671745174883,0.8999763158206371,0.19999750000000002,0.19999750000000002,0.0,3.183860272220857,False,10.0
44,25.192842483520508,26.0,16.0,-0.0,0.0,13,24.965707778930664,0.0,0.0,0.0,12.0,0.0,0.0,0.0,0.0,0.0,0.0,0.0,0.0,0.0,0.0,3.192669652594843,0.0009473671745174883,0.8999763158206371,0.19999750000000002,0.19999750000000002,0.0,3.1917222854203255,False,10.0
45,25.418121337890625,26.0,16.0,-0.0,0.0,13,25.192842483520508,0.0,0.0,0.0,12.0,0.0,0.0,0.0,0.0,0.0,0.0,0.0,0.0,0.0,0.0,3.200459394944,0.0009473671745174883,0.8999763158206371,0.19999750000000002,0.19999750000000002,0.0,3.1995120277694826,False,10.0
46,25.641679763793945,26.0,16.0,-0.0,0.0,13,25.418121337890625,0.0,0.0,0.0,12.0,0.0,0.0,0.0,0.0,0.0,0.0,0.0,0.0,0.0,0.0,3.1946164750080004,0.0009473671745174883,0.8999763158206371,0.19999750000000002,0.19999750000000002,0.0,3.193669107833483,False,10.0
47,25.863393783569336,26.0,16.0,-0.0,0.0,13,25.641679763793945,0.0,0.0,0.0,12.0,0.0,0.0,0.0,0.0,0.0,0.0,0.0,0.0,0.0,0.0,3.1887735550719998,0.0009473671745174883,0.8999763158206371,0.19999750000000002,0.19999750000000002,0.0,3.1878261878974823,False,10.0
48,26.081809997558594,26.0,16.0,-0.0,0.0,13,25.863393783569336,0.0,0.0,0.0,12.0,0.0,0.0,0.0,0.0,0.0,0.0,0.0,0.0,0.0,0.0,3.1905994675519995,0.0009473671745174883,0.8999763158206371,0.19999750000000002,0.19999750000000002,0.0,3.189652100377482,False,10.0
49,26.296815872192383,26.0,16.0,-0.0,0.0,13,26.081809997558594,0.0,0.0,0.0,12.0,0.0,0.0,0.0,0.0,0.0,0.0,0.0,0.0,0.0,0.0,3.1924253800319997,0.0009473671745174883,0.8999763158206371,0.19999750000000002,0.19999750000000002,0.0,3.1914780128574822,False,10.0
50,26.50827407836914,26.0,16.0,-0.0,0.0,13,26.296815872192383,0.0,0.0,0.0,12.0,0.0,0.0,0.0,0.0,0.0,0.0,0.0,0.0,0.0,0.0,3.180676272234344,0.0009473671745174883,0.8999763158206371,0.19999750000000002,0.19999750000000002,0.0,3.1797289050598265,False,10.0
51,26.29361915588379,26.0,16.0,-5983.459247793892,1329.2787062759583,13,19.06616058608818,0.5,0.6666666666666666,0.0001411705685618729,7.0,1.3292787062759583,1.3292787062759583,0.0,0.0,0.0,0.0,0.0,0.0,0.0,1.3292787062759583,3.168893321591375,0.0009473671745174883,0.8999763158206371,0.19999750000000002,0.19999750000000002,0.0,1.8386672481408992,False,10.0
52,25.938703536987305,26.0,16.0,-7957.017033046223,1310.7417761527108,13,16.396831801348682,0.5,0.6666666666666666,0.0001411705685618729,7.0,1.310741776152711,1.310741776152711,0.0,0.0,0.0,0.0,0.0,0.0,0.0,1.310741776152711,3.155276816535594,0.0009473671745174883,0.8999763158206371,0.19999750000000002,0.19999750000000002,0.0,1.8435876732083656,False,10.0
53,25.596803665161133,26.0,16.0,-7810.643789019986,1310.7417761527108,13,16.223972456116677,0.5,0.6666666666666666,0.0001411705685618729,7.0,1.310741776152711,1.310741776152711,0.0,0.0,0.0,0.0,0.0,0.0,0.0,1.310741776152711,3.1416439359095003,0.0009473671745174883,0.8999763158206371,0.19999750000000002,0.19999750000000002,0.0,1.829954792582272,False,10.0
54,25.269126892089844,26.0,16.0,-7669.6384606916545,1310.7417761527108,13,16.057452345892905,0.5,0.6666666666666666,0.0001411705685618729,7.0,1.310741776152711,1.310741776152711,0.0,0.0,0.0,0.0,0.0,0.0,0.0,1.310741776152711,3.1106821138233745,0.0009473671745174883,0.8999763158206371,0.19999750000000002,0.19999750000000002,0.0,1.798992970496146,False,10.0
55,25.487266540527344,26.0,16.0,-0.0,0.0,13,25.269126892089844,0.0,0.0,0.0,12.0,0.0,0.0,0.0,0.0,0.0,0.0,0.0,0.0,0.0,0.0,3.079636157696,0.0009473671745174883,0.8999763158206371,0.19999750000000002,0.19999750000000002,0.0,3.0786887905214826,False,10.0
56,25.70485496520996,26.0,16.0,-0.0,0.0,13,25.487266540527344,0.0,0.0,0.0,12.0,0.0,0.0,0.0,0.0,0.0,0.0,0.0,0.0,0.0,0.0,3.0523155637563755,0.0009473671745174883,0.8999763158206371,0.19999750000000002,0.19999750000000002,0.0,3.051368196581858,False,10.0
57,25.918519973754883,26.0,16.0,-0.0,0.0,13,25.70485496520996,0.0,0.0,0.0,12.0,0.0,0.0,0.0,0.0,0.0,0.0,0.0,0.0,0.0,0.0,3.0248237322975,0.0009473671745174883,0.8999763158206371,0.19999750000000002,0.19999750000000002,0.0,3.0238763651229825,False,10.0
58,26.127145767211914,26.0,16.0,-0.0,0.0,13,25.918519973754883,0.0,0.0,0.0,12.0,0.0,0.0,0.0,0.0,0.0,0.0,0.0,0.0,0.0,0.0,2.9739974191123433,0.0009473671745174883,0.8999763158206371,0.19999750000000002,0.19999750000000002,0.0,2.973050051937826,False,10.0
59,26.3304443359375,26.0,16.0,-0.0,0.0,13,26.127145767211914,0.0,0.0,0.0,12.0,0.0,0.0,0.0,0.0,0.0,0.0,0.0,0.0,0.0,0.0,2.9227666075063747,0.0009473671745174883,0.8999763158206371,0.19999750000000002,0.19999750000000002,0.0,2.9218192403318572,False,10.0
60,26.528059005737305,26.0,16.0,-0.0,0.0,13,26.3304443359375,0.0,0.0,0.0,12.0,0.0,0.0,0.0,0.0,0.0,0.0,0.0,0.0,0.0,0.0,2.8695225614520936,0.0009473671745174883,0.8999763158206371,0.19999750000000002,0.19999750000000002,0.0,2.868575194277576,False,10.0
61,26.297109603881836,26.0,16.0,-5991.6188886986965,1310.7417761527108,13,19.075796706360816,0.5,0.6666666666666666,0.0001411705685618729,7.0,1.310741776152711,1.310741776152711,0.0,0.0,0.0,0.0,0.0,0.0,0.0,1.310741776152711,2.8159427215920005,0.0009473671745174883,0.8999763158206371,0.19999750000000002,0.19999750000000002,0.0,1.5042535782647721,False,10.0
62,25.924781799316406,26.0,16.0,-7958.456553228985,1310.7417761527108,13,16.39853180135822,0.5,0.6666666666666666,0.0001411705685618729,7.0,1.310741776152711,1.310741776152711,0.0,0.0,0.0,0.0,0.0,0.0,0.0,1.310741776152711,2.7221472030280944,0.0009473671745174883,0.8999763158206371,0.19999750000000002,0.19999750000000002,0.0,1.410458059700866,False,10.0
63,25.564746856689453,26.0,16.0,-7804.902227373002,1310.7417761527108,13,16.217191964275358,0.5,0.6666666666666666,0.0001411705685618729,7.0,1.310741776152711,1.310741776152711,0.0,0.0,0.0,0.0,0.0,0.0,0.0,1.310741776152711,2.6274681169143745,0.0009473671745174883,0.8999763158206371,0.19999750000000002,0.19999750000000002,0.0,1.3157789735871461,False,10.0
64,25.218591690063477,26.0,16.0,-7656.417687078713,1310.7417761527108,13,16.041839285696028,0.5,0.6666666666666666,0.0001411705685618729,7.0,1.310741776152711,1.310741776152711,0.0,0.0,0.0,0.0,0.0,0.0,0.0,1.310741776152711,2.5333034274933435,0.0009473671745174883,0.8999763158206371,0.19999750000000002,0.19999750000000002,0.0,1.221614284166115,False,10.0
65,25.418354034423828,26.0,16.0,-0.0,0.0,13,25.218591690063477,0.0,0.0,0.0,12.0,0.0,0.0,0.0,0.0,0.0,0.0,0.0,0.0,0.0,0.0,2.438137557537499,0.0009473671745174883,0.8999763158206371,0.19999750000000002,0.19999750000000002,0.0,2.4371901903629816,False,10.0
66,25.618471145629883,26.0,16.0,-0.0,0.0,13,25.418354034423828,0.0,0.0,0.0,12.0,0.0,0.0,0.0,0.0,0.0,0.0,0.0,0.0,0.0,0.0,2.269872007792375,0.0009473671745174883,0.8999763158206371,0.19999750000000002,0.19999750000000002,0.0,2.2689246406178576,False,10.0
67,25.815256118774414,26.0,16.0,-0.0,0.0,13,25.618471145629883,0.0,0.0,0.0,12.0,0.0,0.0,0.0,0.0,0.0,0.0,0.0,0.0,0.0,0.0,2.098957196448,0.0009473671745174883,0.8999763158206371,0.19999750000000002,0.19999750000000002,0.0,2.0980098292734826,False,10.0
68,26.007335662841797,26.0,16.0,-0.0,0.0,13,25.815256118774414,0.0,0.0,0.0,12.0,0.0,0.0,0.0,0.0,0.0,0.0,0.0,0.0,0.0,0.0,1.9253931235043749,0.0009473671745174883,0.8999763158206371,0.19999750000000002,0.19999750000000002,0.0,1.9244457563298574,True,15.0
69,26.19599151611328,26.0,16.0,-0.0,0.0,13,26.007335662841797,0.0,0.0,0.0,12.0,0.0,0.0,0.0,0.0,0.0,0.0,0.0,0.0,0.0,0.0,1.7491797889615,0.0009473671745174883,0.8999763158206371,0.19999750000000002,0.19999750000000002,0.0,1.7482324217869825,True,15.0
70,26.38214111328125,26.0,16.0,-0.0,0.0,13,26.19599151611328,0.0,0.0,0.0,12.0,0.0,0.0,0.0,0.0,0.0,0.0,0.0,0.0,0.0,0.0,1.4410980696675935,0.0009473671745174883,0.8999763158206371,0.19999750000000002,0.19999750000000002,0.0,1.440150702493076,True,15.0
71,26.562429428100586,26.0,16.0,-0.0,0.0,13,26.38214111328125,0.0,0.0,0.0,12.0,0.0,0.0,0.0,0.0,0.0,0.0,0.0,0.0,0.0,0.0,1.1258355972893748,0.0009473671745174883,0.8999763158206371,0.19999750000000002,0.19999750000000002,0.0,1.1248882301148573,True,15.0
72,26.300378799438477,26.0,16.0,-6005.793836072125,1310.7417761527108,13,19.092536597165108,0.5,0.6666666666666666,0.0001411705685618729,7.0,1.310741776152711,1.310741776152711,0.0,0.0,0.0,0.0,0.0,0.0,0.0,1.310741776152711,0.7632227532355015,-0.5475190229172094,0.8855457812826985,0.19999750000000002,0.19999750000000002,0.0,0.0,True,15.0
73,25.88385772705078,26.0,16.0,-7959.804825137868,1310.7417761527108,13,16.40012404180431,0.5,0.6666666666666666,0.0001411705685618729,7.0,1.310741776152711,1.310741776152711,0.0,0.0,0.0,0.0,0.0,0.0,0.0,1.310741776152711,0.45007997361599994,-0.860661802536711,0.8628752140594388,0.19999750000000002,0.19999750000000002,0.0,0.0,True,15.0
74,25.459346771240234,26.0,16.0,-7788.024443197403,1310.7417761527108,13,16.197260160884856,0.5,0.6666666666666666,0.0001411705685618729,7.0,1.310741776152711,1.310741776152711,0.0,0.0,0.0,0.0,0.0,0.0,0.0,1.310741776152711,0.33906139730189994,-0.971680378850811,0.8372837451569468,0.19999750000000002,0.19999750000000002,0.0,5.551115123125783e-17,True,15.0
75,25.578689575195312,26.0,16.0,-0.0,0.0,13,25.459346771240234,0.0,0.0,0.0,12.0,0.0,0.0,0.0,0.0,0.0,0.0,0.0,0.0,0.0,0.0,0.2270418762612,0.2270418762612,0.8426549228184073,0.19999750000000002,0.19999750000000002,0.0,0.0,True,15.0
76,25.68941307067871,26.0,16.0,-0.0,0.0,13,25.578689575195312,0.0,0.0,0.0,12.0,0.0,0.0,0.0,0.0,0.0,0.0,0.0,0.0,0.0,0.0,0.0,0.0,0.8426338564453367,0.19999750000000002,0.19999750000000002,0.0,0.0,True,15.0
77,25.773366928100586,26.0,16.0,-0.0,0.0,13,25.68941307067871,0.0,0.0,0.0,12.0,0.0,0.0,0.0,0.0,0.0,0.0,0.0,0.0,0.0,0.0,0.0,0.0,0.8426127905989256,0.19999750000000002,0.19999750000000002,0.0,0.0,True,15.0
78,25.4433536529541,24.0,18.0,-5680.371026494,1310.7417761527108,13,18.708228835446356,0.5,0.6666666666666666,0.0001411705685618729,7.0,5.7107417761527115,1.310741776152711,1.8,2.0,0.4,0.2,0.0,0.0,0.0,5.7107417761527115,0.0,-5.0,0.7110160673844238,0.19999750000000002,0.19999750000000002,0.7107417761527106,0.0,True,15.0
79,24.44087791442871,24.0,18.0,-15212.706126035135,2733.5729042247003,13,12.829169468845366,1.0,1.0,0.0002823411371237458,7.0,7.1335729042247005,2.7335729042247,1.8,2.0,0.4,0.2,0.0,0.0,0.0,7.1335729042247005,0.0,-5.0,0.5794226340880022,0.19999750000000002,0.19999750000000002,2.1335729042247005,0.0,True,15.0
80,24.015918731689453,24.0,18.0,-7192.915000297772,1310.7417761527108,13,15.494466222516058,0.5,0.6666666666666666,0.0001411705685618729,7.0,3.7107417761527106,1.310741776152711,1.8,0.0,0.4,0.2,0.0,0.0,0.0,3.7107417761527106,0.0,-3.7107417761527106,0.4817594904271945,0.19999750000000002,0.19999750000000002,0.0,0.0,True,15.0
81,23.61376190185547,24.0,18.0,-7017.654597981056,1310.7417761527108,13,15.287492614797591,0.5,0.6666666666666666,0.0001411705685618729,7.0,5.7107417761527115,1.310741776152711,1.8,2.0,0.4,0.2,0.0,0.0,0.0,5.7107417761527115,0.0,-5.0,0.3501717885451969,0.19999750000000002,0.19999750000000002,0.7107417761527106,0.0,True,15.0
82,23.231355667114258,24.0,18.0,-6851.798274235337,1310.7417761527108,13,15.091624744846342,0.5,0.6666666666666666,0.0001411705685618729,7.0,3.7107417761527106,1.310741776152711,1.8,0.0,0.4,0.2,0.0,0.0,0.0,3.7107417761527106,0.0,-3.7107417761527106,0.25251437615552785,0.19999750000000002,0.19999750000000002,0.0,0.0,True,15.0
83,23.339954376220703,24.0,18.0,-0.0,0.0,13,23.231355667114258,0.0,0.0,0.0,12.0,4.4,0.0,1.8,2.0,0.4,0.2,0.0,0.0,0.0,4.4,0.0,-4.4,0.13672148434875553,0.19999750000000002,0.19999750000000002,0.0,0.0,True,15.0
84,23.45066261291504,24.0,18.0,-0.0,0.0,13,23.339954376220703,0.0,0.0,0.0,12.0,2.4,0.0,1.8,0.0,0.4,0.2,0.0,0.0,0.0,2.4,0.0,2.5,0.1960915819366468,0.19999750000000002,0.19999750000000002,4.9,0.0,False,10.0
85,23.560518264770508,24.0,18.0,-0.0,0.0,13,23.45066261291504,0.0,0.0,0.0,12.0,2.4,0.0,1.8,0.0,0.4,0.2,0.0,0.0,0.0,2.4,0.0,2.5,0.25546019527209834,0.19999750000000002,0.19999750000000002,4.9,0.0,False,10.0
86,23.66866111755371,24.0,18.0,-0.0,0.0,13,23.560518264770508,0.0,0.0,0.0,12.0,2.4,0.0,1.8,0.0,0.4,0.2,0.0,0.0,0.0,2.4,0.0,2.5,0.31482732439221656,0.19999750000000002,0.19999750000000002,4.9,0.0,False,10.0
87,23.774946212768555,24.0,18.0,-0.0,0.0,13,23.66866111755371,0.0,0.0,0.0,12.0,2.4,0.0,1.8,0.0,0.4,0.2,0.0,0.0,0.0,2.4,0.0,2.5,0.37419296933410673,0.19999750000000002,0.19999750000000002,4.9,0.0,False,10.0
88,23.87835693359375,24.0,18.0,-0.0,0.0,13,23.774946212768555,0.0,0.0,0.0,12.0,2.4,0.0,1.8,0.0,0.4,0.2,0.0,0.0,0.0,2.4,0.0,2.5,0.43355713013487335,0.19999750000000002,0.19999750000000002,4.9,0.0,False,10.0
89,23.978801727294922,24.0,18.0,-0.0,0.0,13,23.87835693359375,0.0,0.0,0.0,12.0,2.4,0.0,1.8,0.0,0.4,0.2,0.0,0.0,0.0,2.4,0.0,2.5,0.49291980683161996,0.19999750000000002,0.19999750000000002,4.9,0.0,False,10.0
90,24.076187133789062,24.0,18.0,-0.0,0.0,13,23.978801727294922,0.0,0.0,0.0,12.0,2.4,0.0,1.8,0.0,0.4,0.2,0.0,0.0,0.0,2.4,0.0,2.5,0.552280999461449,0.19999750000000002,0.19999750000000002,4.9,0.0,False,10.0
91,24.170589447021484,24.0,18.0,-0.0,0.0,13,24.076187133789062,0.0,0.0,0.0,12.0,2.4,0.0,1.8,0.0,0.4,0.2,0.0,0.0,0.0,2.4,0.0,2.5,0.6116407080614624,0.19999750000000002,0.19999750000000002,4.9,0.0,False,10.0
92,24.263086318969727,24.0,18.0,-0.0,0.0,13,24.170589447021484,0.0,0.0,0.0,12.0,2.4,0.0,1.8,0.0,0.4,0.2,0.0,0.0,0.0,2.4,0.0,2.5,0.6709989326687608,0.19999750000000002,0.19999750000000002,4.9,0.0,False,10.0
93,24.353818893432617,24.0,18.0,-0.0,0.0,13,24.263086318969727,0.0,0.0,0.0,12.0,2.4,0.0,1.8,0.0,0.4,0.2,0.0,0.0,0.0,2.4,0.0,2.5,0.7303556733204439,0.19999750000000002,0.19999750000000002,4.9,0.0,False,10.0
94,24.442974090576172,24.0,18.0,-0.0,0.0,13,24.353818893432617,0.0,0.0,0.0,12.0,2.4,0.0,1.8,0.0,0.4,0.2,0.0,0.0,0.0,2.4,0.0,2.5,0.7897109300536108,0.19999750000000002,0.19999750000000002,4.9,0.0,False,10.0
95,24.530555725097656,24.0,18.0,-0.0,0.0,13,24.442974090576172,0.0,0.0,0.0,12.0,2.4,0.0,1.8,0.0,0.4,0.2,0.0,0.0,0.0,2.4,0.0,2.5,0.8490647029053594,0.19999750000000002,0.19999750000000002,4.9,0.0,False,10.0
