timestamp,predicted_temp,actual_temp,thermal_load,hvac_electric,baseline_hvac,hvac_on,control_error,setpoint_cool,setpoint_heat,active_setpoint,occupied,lighting_load,appliance_total,appliance_tv,appliance_computer,appliance_cooking,appliance_washing,appliance_misc,total_building_load,temp_error,temp_room,temp_amb,phvac,solar,occ,setpt_cool,setpt_heat,hour_of_day,TOU
2023-07-01 00:00:00,22.887619,23.359064750184803,0.0,0.0,-529.3350987657011,False,-1.1123809814453125,24,21,24,True,675.0,265.0,15.0,40.0,100.0,50.0,60.0,940.0,-0.4714457316301157,23.359064750184803,20.0,-529.3350987657011,0.0,3.0,23,19,0,0.08
2023-07-01 00:15:00,23.002771,23.40659552357612,0.0,0.0,-531.7946891319791,False,-0.9972286224365234,24,21,24,True,675.0,265.0,15.0,40.0,100.0,50.0,60.0,940.0,-0.4038241460126421,23.40659552357612,20.0,-531.7946891319791,0.0,3.0,23,19,0,0.08
2023-07-01 00:30:00,23.116285,23.385726520826594,0.0,0.0,-530.8131175607632,False,-0.8837146759033203,24,21,24,True,675.0,265.0,15.0,40.0,100.0,50.0,60.0,940.0,-0.2694411967299146,23.385726520826594,20.0,-530.8131175607632,0.0,3.0,23,19,0,0.08
2023-07-01 00:45:00,23.225513,23.348270497636417,0.0,0.0,-528.9956197132726,False,-0.7744865417480469,24,21,24,True,675.0,265.0,15.0,40.0,100.0,50.0,60.0,940.0,-0.1227570393844637,23.348270497636417,20.0,-528.9956197132726,0.0,3.0,23,19,0,0.08
2023-07-01 01:00:00,23.33507,23.30963997895978,0.0,0.0,-527.1199542353274,False,-0.6649303436279297,24,21,24,True,675.0,265.0,15.0,40.0,100.0,50.0,60.0,940.0,0.0254296774122906,23.30963997895978,20.0,-527.1199542353274,0.0,3.0,23,19,1,0.08
2023-07-01 01:15:00,23.443651,23.27237937210291,0.0,0.0,-525.311682297182,False,-0.5563488006591797,24,21,24,True,675.0,265.0,15.0,40.0,100.0,50.0,60.0,940.0,0.1712718272379092,23.27237937210291,20.0,-525.311682297182,0.0,3.0,23,19,1,0.08
2023-07-01 01:30:00,23.550402,23.23499262309792,0.0,0.0,-523.4944841972875,False,-0.4495983123779297,24,21,24,True,675.0,265.0,15.0,40.0,100.0,50.0,60.0,940.0,0.3154090645241503,23.23499262309792,20.0,-523.4944841972875,0.0,3.0,23,19,1,0.08
2023-07-01 01:45:00,23.656143,23.19634099753113,0.0,0.0,-521.6109903003108,False,-0.3438568115234375,24,21,24,True,675.0,265.0,15.0,40.0,100.0,50.0,60.0,940.0,0.4598021909454317,23.19634099753113,20.0,-521.6109903003108,0.0,3.0,23,19,1,0.08
2023-07-01 02:00:00,23.760765,23.15632078645601,0.0,0.0,-519.6563724323579,False,-0.2392349243164062,24,21,24,True,675.0,265.0,15.0,40.0,100.0,50.0,60.0,940.0,0.6044442892275832,23.15632078645601,20.0,-519.6563724323579,0.0,3.0,23,19,2,0.08
2023-07-01 02:15:00,23.86412,23.11567248345828,0.0,0.0,-517.667870583484,False,-0.1358795166015625,24,21,24,True,675.0,265.0,15.0,40.0,100.0,50.0,60.0,940.0,0.7484479999401614,23.115672483458276,20.0,-517.667870583484,0.0,3.0,23,19,2,0.08
2023-07-01 02:30:00,23.966337,23.07522951783379,0.0,0.0,-515.6884367204436,False,-0.0336627960205078,24,21,24,True,675.0,265.0,15.0,40.0,100.0,50.0,60.0,940.0,0.8911076861457019,23.07522951783379,20.0,-515.6884367204436,0.0,3.0,23,19,2,0.08
2023-07-01 02:45:00,24.067404,23.035240100010583,0.0,0.0,-513.7310781456556,False,0.0674037933349609,24,21,24,True,675.0,265.0,15.0,40.0,100.0,50.0,60.0,940.0,1.032163693324378,23.035240100010583,20.0,-513.7310781456556,0.0,3.0,23,19,2,0.08
2023-07-01 03:00:00,24.167318,22.994675685226788,0.0,0.0,-511.7432725564588,False,0.1673183441162109,24,21,24,True,675.0,265.0,15.0,40.0,100.0,50.0,60.0,940.0,1.1726426588894228,22.994675685226788,20.0,-511.7432725564588,0.0,3.0,23,19,3,0.08
2023-07-01 03:15:00,24.266108,22.95357983774785,0.0,0.0,-509.72700573375766,False,0.2661075592041015,24,21,24,True,675.0,265.0,15.0,40.0,100.0,50.0,60.0,940.0,1.3125277214562523,22.95357983774785,20.0,-509.72700573375766,0.0,3.0,23,19,3,0.08
2023-07-01 03:30:00,24.363783,22.91289276455288,0.0,0.0,-507.7305102628634,False,0.3637828826904297,24,21,24,True,675.0,265.0,15.0,40.0,100.0,50.0,60.0,940.0,1.4508901181375506,22.91289276455288,20.0,-507.7305102628634,0.0,3.0,23,19,3,0.08
2023-07-01 03:45:00,24.46035,22.872628783727247,0.0,0.0,-505.75462518196207,False,0.4603500366210937,24,21,24,True,675.0,265.0,15.0,40.0,100.0,50.0,60.0,940.0,1.5877212528938465,22.872628783727247,20.0,-505.75462518196207,0.0,3.0,23,19,3,0.08
2023-07-01 04:00:00,24.555828,22.838011083210265,-2000.0,406.9944710270205,-504.0670265500954,True,0.5558280944824219,24,21,24,True,675.0,265.0,15.0,40.0,100.0,50.0,60.0,1346.9944710270206,1.7178170112721567,22.838011083210265,20.0,-504.0670265500954,0.0,3.0,23,19,4,0.08
2023-07-01 04:15:00,24.487722,22.80442456394724,-2000.0,407.45703955555655,-502.4316479205506,True,0.4877223968505859,24,21,24,True,675.0,265.0,15.0,40.0,100.0,50.0,60.0,1347.4570395555563,1.683297832903346,22.80442456394724,20.0,-502.4316479205506,0.0,3.0,23,19,4,0.08
2023-07-01 04:30:00,24.420607,22.82689070718577,-2000.0,407.9154245803064,-503.6685213791,True,0.4206066131591797,24,21,24,True,675.0,265.0,15.0,40.0,100.0,50.0,60.0,1347.9154245803063,1.5937159059734078,22.826890707185772,20.0,-503.6685213791,73.0,3.0,23,19,4,0.08
2023-07-01 04:45:00,24.354471,22.932444830130613,-2000.0,408.36959348591887,-509.16493299502383,True,0.354471206665039,24,21,24,True,675.0,265.0,15.0,40.0,100.0,50.0,60.0,1348.3695934859188,1.4220263765344257,22.932444830130613,20.0,-509.16493299502383,136.0,3.0,23,19,4,0.08
2023-07-01 05:00:00,24.353624,23.11657039842797,-2000.0,409.414777839657,-518.6916712361716,True,0.3536243438720703,24,21,24,True,675.0,265.0,15.0,40.0,100.0,50.0,60.0,1349.414777839657,1.2370539454440994,23.11657039842797,20.149999999999995,-518.6916712361716,199.0,3.0,23,19,5,0.08
2023-07-01 05:15:00,24.391094,23.25134911977582,-2000.0,410.202952006682,-525.6949907984548,True,0.3910942077636719,24,21,24,True,675.0,265.0,15.0,40.0,100.0,50.0,60.0,1350.202952006682,1.1397450879878512,23.25134911977582,20.300000000000004,-525.6949907984548,262.0,3.0,23,19,5,0.08
2023-07-01 05:30:00,24.435719,23.542376856993343,-2000.0,410.94764956495976,-540.7132972688685,True,0.4357185363769531,24,21,24,True,675.0,265.0,15.0,40.0,100.0,50.0,60.0,1350.9476495649596,0.8933416793836102,23.542376856993343,20.450000000000003,-540.7132972688685,324.75,3.0,23,19,5,0.08
2023-07-01 05:45:00,24.487413,23.09958686288861,-2000.0,411.6482140074246,-1554.1428587561495,True,0.4874134063720703,24,21,24,True,675.0,265.0,15.0,40.0,100.0,50.0,60.0,1351.6482140074245,1.3878265434834596,23.09958686288861,20.6,-1554.1428587561495,387.5,3.0,23,19,5,0.08
2023-07-01 06:00:00,24.539976,23.104793993250823,-2000.0,414.1700195767463,-1555.0884393967883,True,0.5399761199951172,24,21,24,True,600.0,265.0,15.0,40.0,100.0,50.0,60.0,1279.1700195767462,1.4351821267442944,23.104793993250823,21.0,-1555.0884393967883,450.25,3.0,23,19,6,0.12
2023-07-01 06:15:00,24.594551,23.152337624011604,-2000.0,416.7496002404056,-1562.5592674384238,True,0.5945510864257812,24,21,24,True,600.0,265.0,15.0,40.0,100.0,50.0,60.0,1281.7496002404057,1.442213462414177,23.152337624011604,21.399999999999995,-1562.5592674384238,513.0,3.0,23,19,6,0.12
2023-07-01 06:30:00,24.651382,23.260216744053505,-2000.0,419.3859053838868,-1579.3198247730238,True,0.6513824462890625,24,21,24,True,600.0,265.0,15.0,40.0,100.0,50.0,60.0,1284.385905383887,1.3911657022355577,23.260216744053505,21.800000000000004,-1579.3198247730238,547.75,3.0,23,19,6,0.12
2023-07-01 06:45:00,24.70626,23.38486340204579,-2000.0,422.1133907185168,-1598.609965978,True,0.7062606811523438,24,21,24,True,600.0,265.0,15.0,40.0,100.0,50.0,60.0,1287.1133907185167,1.3213972791065522,23.38486340204579,22.2,-1598.609965978,582.5,3.0,23,19,6,0.12
2023-07-01 07:00:00,24.760174,23.526232792889687,-2000.0,425.1339672965871,-1620.5337520654548,True,0.7601737976074219,24,21,24,True,600.0,965.0,15.0,40.0,800.0,50.0,60.0,1990.1339672965871,1.2339410047177353,23.526232792889687,22.625,-1620.5337520654548,617.25,2.6493,23,19,7,0.12
2023-07-01 07:15:00,24.81378,23.74489994205169,-4000.0,856.502411531323,-1654.4190068509113,True,0.8137798309326172,24,21,24,True,600.0,965.0,15.0,40.0,800.0,50.0,60.0,2421.502411531323,1.0688798888809288,23.74489994205169,23.050000000000004,-1654.4190068509113,652.0,2.6493,23,19,7,0.12
2023-07-01 07:30:00,24.704323,23.8558715395912,-2000.0,432.90888377589727,-1671.535159785579,True,0.7043228149414062,24,21,24,True,600.0,965.0,15.0,40.0,800.0,50.0,60.0,1997.9088837758973,0.8484512753502074,23.8558715395912,23.475,-1671.535159785579,672.25,2.6493,23,19,7,0.12
2023-07-01 07:45:00,24.756937,24.01316716338193,-2000.0,436.2787583570882,-1695.3864936812713,True,0.7569370269775391,24,21,24,True,600.0,965.0,15.0,40.0,800.0,50.0,60.0,2001.278758357088,0.7437698635956096,24.01316716338193,23.899999999999995,-1695.3864936812713,692.5,2.6493,23,19,7,0.12
2023-07-01 08:00:00,24.80895,23.57247293131978,-4000.0,879.5216652763349,-2711.9022352570137,True,0.8089504241943359,24,21,24,True,225.0,965.0,15.0,40.0,800.0,50.0,60.0,2069.5216652763347,1.236477492874556,23.57247293131978,24.325,-2711.9022352570137,712.75,1.22583,23,19,8,0.12
2023-07-01 08:15:00,24.698296,23.8519249255202,-2000.0,444.9562219536991,-1669.981794618562,True,0.6982955932617188,24,21,24,True,225.0,965.0,15.0,40.0,800.0,50.0,60.0,1634.9562219536992,0.8463706677415175,23.8519249255202,24.75,-1669.981794618562,733.0,1.22583,23,19,8,0.12
2023-07-01 08:30:00,24.750122,24.289123623864683,-2000.0,448.7171123833636,-1736.461277860926,True,0.7501220703125,24,21,24,True,225.0,965.0,15.0,40.0,800.0,50.0,60.0,1638.7171123833637,0.4609984464478174,24.289123623864683,25.175000000000004,-1736.461277860926,712.5,1.22583,23,19,8,0.12
2023-07-01 08:45:00,24.80155,25.044511937437,-4000.0,905.2067602706608,-617.2305200939045,True,0.8015499114990234,24,21,24,True,225.0,965.0,15.0,40.0,800.0,50.0,60.0,2095.206760270661,-0.2429620259379739,25.044511937436997,25.6,-617.2305200939045,692.0,1.22583,26,16,8,0.12
2023-07-01 09:00:00,24.690123,26.10429091818128,-2000.0,453.7867533442311,0.0,True,0.6901226043701172,24,21,24,True,225.0,265.0,15.0,40.0,100.0,50.0,60.0,943.7867533442312,-1.4141683138111638,26.10429091818128,25.6,0.0,671.5,0.72567,26,16,9,0.12
2023-07-01 09:15:00,24.74214,25.99176156316671,-2000.0,453.2329194684709,-768.2432899891685,True,0.7421398162841797,24,21,24,True,225.0,265.0,15.0,40.0,100.0,50.0,60.0,943.232919468471,-1.2496217468825286,25.99176156316671,25.6,-768.2432899891685,651.0,0.72567,26,16,9,0.12
2023-07-01 09:30:00,24.79435,26.26388163573126,-2000.0,452.67950733903183,-782.0527077088823,True,0.7943496704101562,24,21,24,True,225.0,265.0,15.0,40.0,100.0,50.0,60.0,942.6795073390318,-1.469531965321103,26.26388163573126,25.6,-782.0527077088823,658.25,0.72567,26,16,9,0.12
2023-07-01 09:45:00,24.846966,26.54083307155236,-4000.0,904.2485639202112,-796.1668792207602,True,0.8469657897949219,24,21,24,True,225.0,265.0,15.0,40.0,100.0,50.0,60.0,1394.2485639202114,-1.6938672817574378,26.54083307155236,25.6,-796.1668792207602,665.5,0.72567,26,16,9,0.12
2023-07-01 10:00:00,24.737545,25.809136311927794,-2000.0,457.60653900679705,-2275.308012656798,True,0.7375450134277344,24,21,24,True,225.0,265.0,15.0,40.0,100.0,50.0,60.0,947.606539006797,-1.07159129850006,25.809136311927794,26.000000000000007,-2275.308012656798,672.75,0.72567,26,16,10,0.12
2023-07-01 10:15:00,24.790543,26.000674569737534,-2000.0,461.48093041208926,-767.873011130277,True,0.7905426025390625,24,21,24,True,225.0,265.0,15.0,40.0,100.0,50.0,60.0,951.4809304120892,-1.2101319671984712,26.000674569737534,26.399999999999995,-767.873011130277,680.0,0.72567,26,16,10,0.12
2023-07-01 10:30:00,24.84351,26.43979350873594,-4000.0,930.9480331374784,-790.3305143925587,True,0.8435096740722656,24,21,24,True,225.0,265.0,15.0,40.0,100.0,50.0,60.0,1420.9480331374784,-1.596283834663673,26.43979350873594,26.800000000000004,-790.3305143925587,643.5,0.72567,26,16,10,0.12
2023-07-01 10:45:00,24.733824,26.88588769107844,-2000.0,471.5626137731347,-813.0436402170768,True,0.7338237762451172,24,21,24,True,225.0,265.0,15.0,40.0,100.0,50.0,60.0,961.5626137731348,-2.152063914833324,26.88588769107844,27.2,-813.0436402170768,607.0,0.72567,26,16,10,0.12
2023-07-01 11:00:00,24.786848,26.23879634375517,-2000.0,467.6129604220325,-2338.5485032290862,True,0.7868480682373047,24,21,24,True,225.0,265.0,15.0,40.0,100.0,50.0,60.0,957.6129604220324,-1.4519482755178643,26.23879634375517,26.925,-2338.5485032290862,570.5,0.72567,26,16,11,0.12
2023-07-01 11:15:00,24.840584,25.661958668443617,-4000.0,927.5339937221636,-2248.5883124079287,True,0.8405838012695312,24,21,24,True,225.0,265.0,15.0,40.0,100.0,50.0,60.0,1417.5339937221634,-0.8213748671740859,25.661958668443617,26.65,-2248.5883124079287,534.0,0.72567,26,16,11,0.12
2023-07-01 11:30:00,24.732283,26.370947096903187,-2000.0,461.8584345896781,-785.4037800471776,True,0.7322826385498047,24,21,24,True,225.0,265.0,15.0,40.0,100.0,50.0,60.0,951.8584345896782,-1.6386644583533825,26.370947096903187,26.375000000000007,-785.4037800471776,572.5,0.72567,26,16,11,0.12
2023-07-01 11:45:00,24.787462,26.68297552934864,-2000.0,458.15858554520247,-801.3631078279506,True,0.7874622344970703,24,21,24,True,225.0,265.0,15.0,40.0,100.0,50.0,60.0,948.1585855452024,-1.8955132948515685,26.68297552934864,26.100000000000005,-801.3631078279506,611.0,0.72567,26,16,11,0.12
2023-07-01 12:00:00,24.843204,26.12740706753076,-4000.0,912.3549568793096,-2318.787452131807,True,0.8432044982910156,24,21,24,True,225.0,795.0,45.0,40.0,600.0,50.0,60.0,1932.3549568793096,-1.2842025692397456,26.12740706753076,25.975,-2318.787452131807,649.5,0.72567,26,16,12,0.12
2023-07-01 12:15:00,24.734644,25.856330146325643,-2000.0,455.9988102934624,-2276.156449504476,True,0.7346439361572266,24,21,24,True,225.0,795.0,45.0,40.0,600.0,50.0,60.0,1475.9988102934624,-1.1216862101684164,25.856330146325643,25.85,-2276.156449504476,688.0,0.72567,26,16,12,0.12
2023-07-01 12:30:00,24.788065,26.661114561992623,-2000.0,454.0758161975138,-799.7830313022265,True,0.7880649566650391,24,21,24,True,225.0,795.0,45.0,40.0,600.0,50.0,60.0,1474.075816197514,-1.873049605327584,26.661114561992623,25.725000000000005,-799.7830313022265,682.75,0.72567,26,16,12,0.12
2023-07-01 12:45:00,24.840584,26.59925243686646,-4000.0,904.3829884249578,-2389.844748974925,True,0.8405838012695312,24,21,24,True,225.0,795.0,45.0,40.0,600.0,50.0,60.0,1924.3829884249576,-1.75866863559693,26.59925243686646,25.6,-2389.844748974925,677.5,0.72567,26,16,12,0.12
2023-07-01 13:00:00,24.729614,26.330271591418324,-2000.0,456.32537148796905,-2348.4474239371866,True,0.7296142578125,24,21,24,True,225.0,795.0,45.0,40.0,600.0,50.0,60.0,1476.325371487969,-1.600657333605824,26.330271591418324,25.875,-2348.4474239371866,672.25,0.72567,26,16,13,0.12
2023-07-01 13:15:00,24.782368,26.274670653744653,-2000.0,458.7686351984376,-2339.363919111919,True,0.7823677062988281,24,21,24,True,225.0,795.0,45.0,40.0,600.0,50.0,60.0,1478.7686351984376,-1.4923029474458254,26.274670653744653,26.149999999999995,-2339.363919111919,667.0,0.72567,26,16,13,0.12
2023-07-01 13:30:00,24.835152,26.37456199519896,-4000.0,922.517749908029,-2354.021464812534,True,0.8351516723632812,24,21,24,True,225.0,795.0,45.0,40.0,600.0,50.0,60.0,1942.5177499080287,-1.5394103228356784,26.37456199519896,26.425,-2354.021464812534,680.0,0.72567,26,16,13,0.12
2023-07-01 13:45:00,24.725348,26.49072866148061,-2000.0,465.6863390327549,-2371.2504645420936,True,0.7253475189208984,24,21,24,True,225.0,795.0,45.0,40.0,600.0,50.0,60.0,1485.6863390327549,-1.7653811425597112,26.49072866148061,26.700000000000003,-2371.2504645420936,693.0,0.72567,26,16,13,0.12
2023-07-01 14:00:00,24.77865,26.57652464311629,-2000.0,461.8997282098114,-2383.950268627646,True,0.7786502838134766,24,21,24,True,225.0,295.0,45.0,40.0,100.0,50.0,60.0,981.8997282098114,-1.7978743593028137,26.57652464311629,26.425,-2383.950268627646,706.0,0.72567,26,16,14,0.25
2023-07-01 14:15:00,24.83089,26.645499522306043,-4000.0,916.4623980259604,-2394.178515469888,True,0.8308906555175781,24,21,24,True,225.0,295.0,45.0,40.0,100.0,50.0,60.0,1436.4623980259605,-1.8146088667884648,26.645499522306043,26.149999999999995,-2394.178515469888,719.0,0.72567,26,16,14,0.25
2023-07-01 14:30:00,24.720201,25.988701813502203,-2000.0,456.4279053375308,-3822.2470238145065,True,0.7202014923095703,24,21,24,True,225.0,295.0,45.0,40.0,100.0,50.0,60.0,976.4279053375308,-1.268500321192633,25.988701813502203,25.875,-3822.2470238145065,722.25,0.72567,23,19,14,0.25
2023-07-01 14:45:00,24.772097,25.790870575594106,-2000.0,452.9150821842184,-3771.553832562997,True,0.7720966339111328,24,21,24,True,225.0,295.0,45.0,40.0,100.0,50.0,60.0,972.9150821842184,-1.0187739416829729,25.790870575594106,25.6,-3771.553832562997,725.5,0.72567,23,19,14,0.25
2023-07-01 15:00:00,24.823318,25.538311522865737,-4000.0,898.4973400553572,-3706.561189423748,True,0.8233184814453125,24,21,24,True,225.0,295.0,45.0,40.0,100.0,50.0,60.0,1418.4973400553572,-0.7149930414204242,25.538311522865737,25.300000000000004,-3706.561189423748,728.75,0.72567,23,19,15,0.25
2023-07-01 15:15:00,24.711956,25.495519283320963,-2000.0,447.32425199818647,-3695.1635503010048,True,0.7119560241699219,24,21,24,True,225.0,295.0,45.0,40.0,100.0,50.0,60.0,967.3242519981864,-0.7835632591510411,25.495519283320963,25.0,-3695.1635503010048,732.0,0.72567,23,19,15,0.25
2023-07-01 15:30:00,24.763134,25.45086295167203,-2000.0,443.8225574695959,-3683.7610076349215,True,0.7631340026855469,24,21,24,True,225.0,295.0,45.0,40.0,100.0,50.0,60.0,963.822557469596,-0.6877289489864822,25.45086295167203,24.7,-3683.7610076349215,711.5,0.72567,23,19,15,0.25
2023-07-01 15:45:00,24.81397,25.38337272724277,-4000.0,880.8527104082966,-3666.355757609642,True,0.8139705657958984,24,21,24,True,225.0,295.0,45.0,40.0,100.0,50.0,60.0,1400.8527104082966,-0.5694021614468703,25.38337272724277,24.4,-3666.355757609642,691.0,0.72567,23,19,15,0.25
2023-07-01 16:00:00,24.702028,25.35888833099558,-2000.0,437.7117433239339,-3659.972974030545,True,0.7020282745361328,24,21,24,True,225.0,295.0,45.0,40.0,100.0,50.0,60.0,957.711743323934,-0.6568600564594469,25.35888833099558,24.0,-3659.972974030545,670.5,0.8849400000000001,23,19,16,0.25
2023-07-01 16:15:00,24.753313,25.33668209962096,-2000.0,433.58825737741785,-3654.31989543033,True,0.7533130645751953,24,21,24,True,225.0,295.0,45.0,40.0,100.0,50.0,60.0,953.588257377418,-0.583369035045763,25.33668209962096,23.600000000000005,-3654.31989543033,650.0,0.8849400000000001,23,19,16,0.25
2023-07-01 16:30:00,24.804665,25.293501791953734,-4000.0,859.2326525771662,-3643.321197143772,True,0.8046646118164062,24,21,24,True,225.0,295.0,45.0,40.0,100.0,50.0,60.0,1379.2326525771662,-0.4888371801373274,25.293501791953734,23.200000000000003,-3643.321197143772,614.5,0.8849400000000001,23,19,16,0.25
2023-07-01 16:45:00,24.693682,25.238285148920195,-2000.0,427.1499853211968,-3629.24163114145,True,0.6936817169189453,24,21,24,True,225.0,295.0,45.0,40.0,100.0,50.0,60.0,947.1499853211968,-0.5446034320012494,25.238285148920195,22.800000000000004,-3629.24163114145,579.0,0.8849400000000001,23,19,16,0.25
2023-07-01 17:00:00,24.745619,25.226020882644686,-2000.0,425.4614290118873,-3626.229104730104,True,0.7456188201904297,24,21,24,True,225.0,1595.0,45.0,40.0,1400.0,50.0,60.0,2245.461429011887,-0.4804020624542566,25.226020882644686,22.649999999999995,-3626.229104730104,543.5,1.6593,23,19,17,0.25
2023-07-01 17:15:00,24.798357,25.199838572268145,-2000.0,423.79428518836426,-3619.639032244991,True,0.7983570098876953,24,21,24,True,225.0,1595.0,45.0,40.0,1400.0,50.0,60.0,2243.7942851883645,-0.4014815623804502,25.199838572268145,22.5,-3619.639032244991,508.0,1.6593,23,19,17,0.25
2023-07-01 17:30:00,24.85165,25.35927560852506,-4000.0,844.300708782174,-3150.5583956376136,True,0.8516502380371094,24,21,24,True,225.0,1595.0,45.0,40.0,1400.0,50.0,60.0,2664.300708782174,-0.5076253704879505,25.35927560852506,22.350000000000005,-3150.5583956376136,436.75,1.6593,23,19,17,0.25
2023-07-01 17:45:00,24.743032,25.343963166205995,-2000.0,421.8190797413557,-3146.7330066626814,True,0.7430324554443359,24,21,24,True,225.0,1595.0,45.0,40.0,1400.0,50.0,60.0,2241.819079741356,-0.6009307107616593,25.343963166205995,22.2,-3146.7330066626814,365.5,1.6593,23,19,17,0.25
2023-07-01 18:00:00,24.796034,25.33763110467659,-2000.0,420.4069453325843,-3145.2381558736342,True,0.7960338592529297,24,21,24,True,600.0,1655.0,105.0,40.0,1400.0,50.0,60.0,2675.406945332584,-0.5415972454236595,25.33763110467659,22.075000000000003,-3145.2381558736342,294.25,2.69079,23,19,18,0.25
2023-07-01 18:15:00,24.84584,25.04185263918342,-4000.0,838.0803142485747,-3579.7782765559377,True,0.8458404541015625,24,21,24,True,600.0,1655.0,105.0,40.0,1400.0,50.0,60.0,3093.0803142485747,-0.1960121850818588,25.04185263918342,21.95,-3579.7782765559377,223.0,2.69079,23,19,18,0.25
2023-07-01 18:30:00,24.730644,24.755896700094134,-2000.0,418.964083637842,-3507.096452046841,True,0.7306442260742188,24,21,24,True,600.0,1655.0,105.0,40.0,1400.0,50.0,60.0,2673.964083637842,-0.0252524740199149,24.755896700094134,21.825,-3507.096452046841,169.5,2.69079,23,19,18,0.25
2023-07-01 18:45:00,24.769672,24.56359434883013,-2000.0,417.7003477881384,-3458.2192630113577,True,0.7696723937988281,24,21,24,True,600.0,1655.0,105.0,40.0,1400.0,50.0,60.0,2672.700347788138,0.2060780449686987,24.56359434883013,21.700000000000003,-3458.2192630113577,116.0,2.69079,23,19,18,0.25
2023-07-01 19:00:00,24.803082,24.317590968760847,-4000.0,828.5152697060704,-3395.524081706129,True,0.8030815124511719,24,21,24,True,600.0,1735.0,105.0,120.0,1400.0,50.0,60.0,3163.5152697060703,0.4854905436903252,24.317590968760847,21.275,-3395.524081706129,62.5,2.69079,23,19,19,0.25
2023-07-01 19:15:00,24.644156,24.0308021999891,-2000.0,412.31805820596577,-3322.377516120503,True,0.6441555023193359,24,21,24,True,600.0,1735.0,105.0,120.0,1400.0,50.0,60.0,2747.318058205966,0.6133533023302356,24.0308021999891,20.85,-3322.377516120503,0.0,2.69079,23,19,19,0.25
2023-07-01 19:30:00,24.60935,23.76424560567748,-2000.0,409.549259638888,-3254.380417696316,True,0.6093502044677734,24,21,24,True,600.0,1735.0,105.0,120.0,1400.0,50.0,60.0,2744.549259638888,0.845104598790293,23.76424560567748,20.425,-3254.380417696316,0.0,2.69079,23,19,19,0.25
2023-07-01 19:45:00,24.527641,24.11258972658953,-2000.0,407.1855995336044,-2005.9779733031608,True,0.5276412963867188,24,21,24,True,600.0,1735.0,105.0,120.0,1400.0,50.0,60.0,2742.1855995336045,0.415051569797189,24.11258972658953,20.0,-2005.9779733031608,0.0,2.69079,23,19,19,0.25
2023-07-01 20:00:00,24.454144,23.972926161356945,-2000.0,407.6860593428695,-2797.8294047904124,True,0.4541435241699219,24,21,24,True,600.0,435.0,105.0,120.0,100.0,50.0,60.0,1442.6860593428696,0.481217362812977,23.972926161356945,20.0,-2797.8294047904124,0.0,2.69079,23,19,20,0.08
2023-07-01 20:15:00,24.39199,24.10484946829673,-2000.0,408.1116348351305,-1698.905188191217,True,0.3919906616210937,24,21,24,True,600.0,435.0,105.0,120.0,100.0,50.0,60.0,1443.1116348351304,0.2871411933243628,24.10484946829673,20.0,-1698.905188191217,0.0,2.69079,23,19,20,0.08
2023-07-01 20:30:00,24.327059,23.711271072539308,-2000.0,408.55856626108806,-2731.129128133869,True,0.3270587921142578,24,21,24,True,600.0,435.0,105.0,120.0,100.0,50.0,60.0,1443.558566261088,0.6157877195749499,23.711271072539308,20.0,-2731.129128133869,0.0,2.69079,23,19,20,0.08
2023-07-01 20:45:00,24.260942,23.856503820337245,-2000.0,409.0161069082541,-1660.8858759796913,True,0.2609424591064453,24,21,24,True,600.0,435.0,105.0,120.0,100.0,50.0,60.0,1444.0161069082542,0.4044386387692,23.856503820337245,20.0,-1660.8858759796913,0.0,2.69079,23,19,20,0.08
2023-07-01 21:00:00,24.196348,24.15202318392692,-2000.0,408.4255467027408,-1706.1855614081082,True,0.1963481903076172,24,21,24,True,675.0,435.0,105.0,120.0,100.0,50.0,60.0,1518.4255467027408,0.0443250063806957,24.15202318392692,19.850000000000005,-1706.1855614081082,0.0,3.0,23,19,21,0.08
2023-07-01 21:15:00,24.130766,23.57891260266264,-2000.0,407.845876456698,-2697.564286640135,True,0.1307659149169922,24,21,24,True,675.0,435.0,105.0,120.0,100.0,50.0,60.0,1517.845876456698,0.5518533122543516,23.57891260266264,19.7,-2697.564286640135,0.0,3.0,23,19,21,0.08
2023-07-01 21:30:00,24.06403,23.548300726349296,-2000.0,407.27805549483503,-1613.829626601583,True,0.0640296936035156,24,21,24,True,675.0,435.0,105.0,120.0,100.0,50.0,60.0,1517.278055494835,0.5157289672542191,23.548300726349296,19.55,-1613.829626601583,0.0,3.0,23,19,21,0.08
2023-07-01 21:45:00,23.996464,23.712851749590943,0.0,0.0,-1639.0492624527428,False,-0.0035362243652343,24,21,24,True,675.0,435.0,105.0,120.0,100.0,50.0,60.0,1110.0,0.2836120260438228,23.712851749590943,19.4,-1639.0492624527428,0.0,3.0,23,19,21,0.08
2023-07-01 22:00:00,24.090425,23.73044270474678,0.0,0.0,-1641.7960794312048,False,0.0904254913330078,24,21,24,True,675.0,435.0,105.0,120.0,100.0,50.0,60.0,1110.0,0.3599827865862295,23.73044270474678,19.274999999999995,-1641.7960794312048,0.0,3.0,23,19,22,0.08
2023-07-01 22:15:00,24.181694,23.62353253808486,0.0,0.0,-1625.487581338698,False,0.1816940307617187,24,21,24,True,675.0,435.0,105.0,120.0,100.0,50.0,60.0,1110.0,0.5581614926768594,23.62353253808486,19.15,-1625.487581338698,0.0,3.0,23,19,22,0.08
2023-07-01 22:30:00,24.270369,23.499944735123425,0.0,0.0,-1606.6132123934312,False,0.2703685760498047,24,21,24,True,675.0,435.0,105.0,120.0,100.0,50.0,60.0,1110.0,0.7704238409263802,23.499944735123425,19.025,-1606.6132123934312,0.0,3.0,23,19,22,0.08
2023-07-01 22:45:00,24.356766,23.399441496251352,0.0,0.0,-1591.2586358035098,False,0.3567657470703125,24,21,24,True,675.0,435.0,105.0,120.0,100.0,50.0,60.0,1110.0,0.95732425081896,23.399441496251352,18.899999999999995,-1591.2586358035098,0.0,3.0,23,19,22,0.08
2023-07-01 23:00:00,24.440754,23.282244984182828,0.0,0.0,-1573.3617558110393,False,0.4407539367675781,24,21,24,True,675.0,355.0,105.0,40.0,100.0,50.0,60.0,1030.0,1.15850895258475,23.282244984182828,18.899999999999995,-1573.3617558110393,0.0,3.0,23,19,23,0.08
2023-07-01 23:15:00,24.52392,23.154731061539746,-2000.0,400.0692077917628,-1553.974662187341,True,0.5239200592041016,24,21,24,True,675.0,355.0,105.0,40.0,100.0,50.0,60.0,1430.069207791763,1.369188997664356,23.154731061539746,18.899999999999995,-1553.974662187341,0.0,3.0,23,19,23,0.08
2023-07-01 23:30:00,24.44383,23.03018146936344,-2000.0,400.56760942942367,-1535.1348516393489,True,0.4438304901123047,24,21,24,True,675.0,355.0,105.0,40.0,100.0,50.0,60.0,1430.5676094294236,1.4136490207488634,23.03018146936344,18.899999999999995,-1535.1348516393489,0.0,3.0,23,19,23,0.08
2023-07-01 23:45:00,24.364733,22.91099202663664,-2000.0,401.0630845756203,-1517.1484511874544,True,0.3647327423095703,24,21,24,True,675.0,355.0,105.0,40.0,100.0,50.0,60.0,1431.0630845756202,1.4537407156729287,22.91099202663664,18.899999999999995,-1517.1484511874544,0.0,3.0,23,19,23,0.08
