timestamp,predicted_temp,actual_temp,thermal_load,hvac_electric,baseline_hvac,hvac_on,control_error,setpoint_cool,setpoint_heat,active_setpoint,occupied,lighting_load,appliance_total,appliance_tv,appliance_computer,appliance_cooking,appliance_washing,appliance_misc,total_building_load,temp_error
2023-07-01 00:00:00,23.359894,23.3214794741083,0.0,0.0,-526.8589002363909,False,-0.640106201171875,24,21,24,True,675.0,265.0,15.0,40.0,100.0,50.0,60.0,940.0,0.03841432471982387
2023-07-01 00:15:00,23.475868,23.676977135239493,0.0,0.0,-545.1003085498421,False,-0.5241317749023438,24,21,24,True,675.0,265.0,15.0,40.0,100.0,50.0,60.0,940.0,-0.20110891014183707
2023-07-01 00:30:00,23.590187,23.1459639381973,0.0,0.0,-1554.303231273147,False,-0.40981292724609375,24,21,24,True,675.0,265.0,15.0,40.0,100.0,50.0,60.0,940.0,0.444223134556605
2023-07-01 00:45:00,23.700264,22.58394356100884,0.0,0.0,-1468.4740987884934,False,-0.29973602294921875,24,21,24,True,675.0,265.0,15.0,40.0,100.0,50.0,60.0,940.0,1.1163204160419404
2023-07-01 01:00:00,23.810633,22.819016609255197,0.0,0.0,-501.52951542414166,False,-0.18936729431152344,24,21,24,True,675.0,265.0,15.0,40.0,100.0,50.0,60.0,940.0,0.9916160964332796
2023-07-01 01:15:00,23.920021,23.07626942039967,0.0,0.0,-514.7360386030666,False,-0.07997894287109375,24,21,24,True,675.0,265.0,15.0,40.0,100.0,50.0,60.0,940.0,0.8437516367292375
2023-07-01 01:30:00,24.02757,23.24240291726605,0.0,0.0,-523.2710209464232,False,0.027570724487304688,24,21,24,True,675.0,265.0,15.0,40.0,100.0,50.0,60.0,940.0,0.7851678072212565
2023-07-01 01:45:00,24.134096,23.2964129517401,0.0,0.0,-526.0606029851937,False,0.1340961456298828,24,21,24,True,675.0,265.0,15.0,40.0,100.0,50.0,60.0,940.0,0.8376831938897844
2023-07-01 02:00:00,24.239494,23.281644161635345,0.0,0.0,-525.3873316464524,False,0.23949432373046875,24,21,24,True,675.0,265.0,15.0,40.0,100.0,50.0,60.0,940.0,0.9578501620951236
2023-07-01 02:15:00,24.343616,23.247368977775505,0.0,0.0,-523.7281380798892,False,0.3436164855957031,24,21,24,True,675.0,265.0,15.0,40.0,100.0,50.0,60.0,940.0,1.0962475078201983
2023-07-01 02:30:00,24.446589,23.21492776035874,0.0,0.0,-522.1641035280624,False,0.44658851623535156,24,21,24,True,675.0,265.0,15.0,40.0,100.0,50.0,60.0,940.0,1.2316607558766108
2023-07-01 02:45:00,24.5484,23.18558450425132,-2000.0,407.0447903906716,-520.7570101425165,True,0.54840087890625,24,21,24,True,675.0,265.0,15.0,40.0,100.0,50.0,60.0,1347.0447903906716,1.3628163746549298
2023-07-01 03:00:00,24.49678,23.15406584164196,-2000.0,407.39536895951136,-519.2371408627628,True,0.4967803955078125,24,21,24,True,675.0,265.0,15.0,40.0,100.0,50.0,60.0,1347.3953689595114,1.3427145538658536
2023-07-01 03:15:00,24.445955,23.11949032896084,-2000.0,407.74200199619906,-517.559518018883,True,0.4459552764892578,24,21,24,True,675.0,265.0,15.0,40.0,100.0,50.0,60.0,1347.7420019961992,1.326464947528418
2023-07-01 03:30:00,24.395914,23.083135544435308,-2000.0,408.08470595060135,-515.7897839361974,True,0.39591407775878906,24,21,24,True,675.0,265.0,15.0,40.0,100.0,50.0,60.0,1348.0847059506013,1.3127785333234812
2023-07-01 03:45:00,24.346266,23.04593309384013,-2000.0,408.4261144668613,-513.9757411948412,True,0.3462657928466797,24,21,24,True,675.0,265.0,15.0,40.0,100.0,50.0,60.0,1348.4261144668612,1.3003326990065496
2023-07-01 04:00:00,24.29719,23.01364365651476,-2000.0,408.76495961840885,-512.4121930928068,True,0.29718971252441406,24,21,24,True,675.0,265.0,15.0,40.0,100.0,50.0,60.0,1348.7649596184087,1.283546056009655
2023-07-01 04:15:00,24.248718,22.98178595957611,-2000.0,409.1009737936934,-510.8701877716994,True,0.24871826171875,24,21,24,True,675.0,265.0,15.0,40.0,100.0,50.0,60.0,1349.1009737936934,1.2669323021426386
2023-07-01 04:30:00,24.20077,23.005684011973923,-2000.0,409.4346840899098,-512.1816317111957,True,0.20076942443847656,24,21,24,True,675.0,265.0,15.0,40.0,100.0,50.0,60.0,1349.4346840899098,1.1950854124645538
2023-07-01 04:45:00,24.15336,23.11204698483148,-2000.0,409.76593245432633,-517.7153603231766,True,0.15336036682128906,24,21,24,True,675.0,265.0,15.0,40.0,100.0,50.0,60.0,1349.7659324543263,1.0413133819898093
2023-07-01 05:00:00,24.171202,23.29623543045064,-2000.0,410.6961673457472,-527.236176568719,True,0.1712017059326172,24,21,24,True,675.0,265.0,15.0,40.0,100.0,50.0,60.0,1350.6961673457472,0.8749662754819774
2023-07-01 05:15:00,24.225153,23.430784600136583,-2000.0,411.37859661662014,-534.2219300395983,True,0.22515296936035156,24,21,24,True,675.0,265.0,15.0,40.0,100.0,50.0,60.0,1351.3785966166201,0.7943683692237684
2023-07-01 05:30:00,24.286266,23.72039806091035,-2000.0,412.0149531227776,-549.1518423306354,True,0.2862663269042969,24,21,24,True,675.0,265.0,15.0,40.0,100.0,50.0,60.0,1352.0149531227776,0.5658682659939451
2023-07-01 05:45:00,24.354439,23.269497900220788,-2000.0,412.6048932349991,-1578.3020080752622,True,0.35443878173828125,24,21,24,True,675.0,265.0,15.0,40.0,100.0,50.0,60.0,1352.604893234999,1.0849408815174932
2023-07-01 06:00:00,24.423471,23.27114751512977,-2000.0,415.031887919762,-1578.7039658796664,True,0.42347145080566406,24,21,24,True,600.0,265.0,15.0,40.0,100.0,50.0,60.0,1280.031887919762,1.152323935675895
2023-07-01 06:15:00,24.494507,23.315177146465626,-2000.0,417.5104955218878,-1585.6297170444032,True,0.4945068359375,24,21,24,True,600.0,265.0,15.0,40.0,100.0,50.0,60.0,1282.5104955218878,1.1793296894718743
2023-07-01 06:30:00,24.567791,23.420034071509026,-2000.0,420.0394288602465,-1601.9090606040356,True,0.5677909851074219,24,21,24,True,600.0,265.0,15.0,40.0,100.0,50.0,60.0,1285.0394288602465,1.1477569135983963
2023-07-01 06:45:00,24.639112,23.54197318816316,-2000.0,422.65313375882664,-1620.7616140638586,True,0.6391124725341797,24,21,24,True,600.0,265.0,15.0,40.0,100.0,50.0,60.0,1287.6531337588267,1.0971392843710213
2023-07-01 07:00:00,24.709463,23.71182714719329,-2000.0,425.55397679268486,-1647.068846905837,True,0.7094631195068359,24,21,24,True,600.0,965.0,15.0,40.0,800.0,50.0,60.0,1990.5539767926848,0.997635972313546
2023-07-01 07:15:00,24.779503,23.850956920703904,-2000.0,428.5437636361438,-1668.1759274420688,True,0.7795028686523438,24,21,24,True,600.0,965.0,15.0,40.0,800.0,50.0,60.0,1993.543763636144,0.9285459479484395
2023-07-01 07:30:00,24.848972,24.58507455305324,-4000.0,863.2556383585853,-593.6577629997231,True,0.8489723205566406,24,21,24,True,600.0,965.0,15.0,40.0,800.0,50.0,60.0,2428.255638358585,0.2638977675034013
2023-07-01 07:45:00,24.765596,25.38631635868528,-2000.0,436.1992011842503,0.0,True,0.7655963897705078,24,21,24,True,600.0,965.0,15.0,40.0,800.0,50.0,60.0,2001.1992011842503,-0.6207199689147735
2023-07-01 08:00:00,24.834082,25.885050994067,-4000.0,879.0455639023277,0.0,True,0.8340816497802734,24,21,24,True,225.0,965.0,15.0,40.0,800.0,50.0,60.0,2069.0455639023276,-1.0509693442867274
2023-07-01 08:15:00,24.750122,26.768560360422292,-2000.0,444.4432388179423,0.0,True,0.7501220703125,24,21,24,True,225.0,965.0,15.0,40.0,800.0,50.0,60.0,1634.4432388179423,-2.018438290109792
2023-07-01 08:30:00,24.818245,27.090010245297343,-4000.0,896.0433078410325,0.0,True,0.8182449340820312,24,21,24,True,225.0,965.0,15.0,40.0,800.0,50.0,60.0,2086.0433078410324,-2.2717653112153116
2023-07-01 08:45:00,24.733835,27.424482993690187,-2000.0,453.3211742554557,0.0,True,0.7338352203369141,24,21,24,True,225.0,965.0,15.0,40.0,800.0,50.0,60.0,1643.3211742554556,-2.690647773353273
2023-07-01 09:00:00,24.801414,27.708040666272275,-4000.0,905.2096229989992,0.0,True,0.8014144897460938,24,21,24,True,225.0,265.0,15.0,40.0,100.0,50.0,60.0,1395.2096229989993,-2.9066261765261814
2023-07-01 09:15:00,24.717453,28.251904946594195,-2000.0,453.4954557087394,0.0,True,0.7174530029296875,24,21,24,True,225.0,265.0,15.0,40.0,100.0,50.0,60.0,943.4954557087394,-3.534451943664507
2023-07-01 09:30:00,24.786102,28.23681126630948,-2000.0,452.7667633467634,-781.3239557939982,True,0.786102294921875,24,21,24,True,225.0,265.0,15.0,40.0,100.0,50.0,60.0,942.7667633467634,-3.4507089713876056
2023-07-01 09:45:00,24.85523,28.02215854256747,-4000.0,904.0745958370325,-872.7618710549227,True,0.8552303314208984,24,21,24,True,225.0,265.0,15.0,40.0,100.0,50.0,60.0,1394.0745958370326,-3.1669282111465726
2023-07-01 10:00:00,24.772346,27.926980087415117,-2000.0,457.22433364026983,-867.7451340973638,True,0.7723464965820312,24,21,24,True,225.0,265.0,15.0,40.0,100.0,50.0,60.0,947.2243336402698,-3.154633590833086
2023-07-01 10:15:00,24.841785,27.98582238742704,-4000.0,921.8028898428703,-870.639596577757,True,0.8417854309082031,24,21,24,True,225.0,265.0,15.0,40.0,100.0,50.0,60.0,1411.8028898428702,-3.1440369565188355
2023-07-01 10:30:00,24.758865,28.11356490177089,-2000.0,466.46642008591004,-876.9851446291084,True,0.7588653564453125,24,21,24,True,225.0,265.0,15.0,40.0,100.0,50.0,60.0,956.46642008591,-3.354699545325577
2023-07-01 10:45:00,24.8282,28.24419579446658,-4000.0,940.8291248077403,-883.4706444545545,True,0.8281993865966797,24,21,24,True,225.0,265.0,15.0,40.0,100.0,50.0,60.0,1430.8291248077403,-3.415996407869901
2023-07-01 11:00:00,24.745253,28.355629241591693,-2000.0,468.10752276690135,-888.969817630972,True,0.7452526092529297,24,21,24,True,225.0,265.0,15.0,40.0,100.0,50.0,60.0,958.1075227669014,-3.610376632338763
2023-07-01 11:15:00,24.815437,28.455570301582057,-4000.0,928.1146240481166,-893.8792494366019,True,0.8154373168945312,24,21,24,True,225.0,265.0,15.0,40.0,100.0,50.0,60.0,1418.1146240481166,-3.6401329846875257
2023-07-01 11:30:00,24.733883,28.553083960599963,-2000.0,461.84024645467815,-898.6618108544327,True,0.7338829040527344,24,21,24,True,225.0,265.0,15.0,40.0,100.0,50.0,60.0,951.8402464546782,-3.8192010565472287
2023-07-01 11:45:00,24.805368,27.70488981931051,-4000.0,915.9218751463573,-2564.6964384799003,True,0.8053684234619141,24,21,24,True,225.0,265.0,15.0,40.0,100.0,50.0,60.0,1405.9218751463573,-2.899521395848595
2023-07-01 12:00:00,24.725292,27.88431608795069,-2000.0,457.46641069840075,-863.6523879307606,True,0.7252922058105469,24,21,24,True,225.0,795.0,45.0,40.0,600.0,50.0,60.0,1477.4664106984008,-3.1590238821401435
2023-07-01 12:15:00,24.79576,28.32997020769265,-2000.0,455.33680167789265,-886.4421811028495,True,0.7957592010498047,24,21,24,True,225.0,795.0,45.0,40.0,600.0,50.0,60.0,1475.3368016778927,-3.5342110066428454
2023-07-01 12:30:00,24.865492,28.768000536122347,-4000.0,906.5008552088981,-908.7603196714994,True,0.8654918670654297,24,21,24,True,225.0,795.0,45.0,40.0,600.0,50.0,60.0,1926.500855208898,-3.9025086690569175
2023-07-01 12:45:00,24.78207,27.95291274349892,-2000.0,452.80944513224847,-2600.660731468156,True,0.7820701599121094,24,21,24,True,225.0,795.0,45.0,40.0,600.0,50.0,60.0,1472.8094451322486,-3.1708425835868113
2023-07-01 13:00:00,24.8502,28.223399400233568,-4000.0,910.0382510705616,-880.3776894777765,True,0.8502006530761719,24,21,24,True,225.0,795.0,45.0,40.0,600.0,50.0,60.0,1930.0382510705617,-3.373198747157396
2023-07-01 13:15:00,24.766924,28.713850760058293,-2000.0,458.94016212312727,-905.4282350222284,True,0.7669239044189453,24,21,24,True,225.0,795.0,45.0,40.0,600.0,50.0,60.0,1478.9401621231273,-3.9469268556393473
2023-07-01 13:30:00,24.836153,28.11049976215069,-4000.0,922.4950911624496,-2623.5460450296832,True,0.8361530303955078,24,21,24,True,225.0,795.0,45.0,40.0,600.0,50.0,60.0,1942.4950911624496,-3.2743467317551804
2023-07-01 13:45:00,24.753092,27.828597253273884,-2000.0,465.3621333231337,-2578.886771900244,True,0.7530918121337891,24,21,24,True,225.0,795.0,45.0,40.0,600.0,50.0,60.0,1485.3621333231338,-3.075505441140095
2023-07-01 14:00:00,24.822687,28.7291021348873,-4000.0,922.799961997065,-905.5783356960052,True,1.8226871490478516,23,21,23,True,225.0,295.0,45.0,40.0,100.0,50.0,60.0,1442.799961997065,-3.9064149858394472
2023-07-01 14:15:00,24.7391,28.624458799585724,-4000.0,918.4995445992115,-2700.65253280374,True,1.7390995025634766,23,21,23,True,225.0,295.0,45.0,40.0,100.0,50.0,60.0,1438.4995445992115,-3.885359297022248
2023-07-01 14:30:00,24.655157,28.339750721938223,-4000.0,914.2774229974948,-2656.6747130629824,True,1.6551570892333984,23,21,23,True,225.0,295.0,45.0,40.0,100.0,50.0,60.0,1434.2774229974948,-3.684593632704825
2023-07-01 14:45:00,24.57121,28.207963079435924,-4000.0,910.1242575670198,-2635.439641691434,True,1.5712108612060547,23,21,23,True,225.0,295.0,45.0,40.0,100.0,50.0,60.0,1430.1242575670199,-3.6367522182298693
2023-07-01 15:00:00,24.486673,28.267100463626647,-4000.0,905.5214392646727,-2643.640051482727,True,1.486673355102539,23,21,23,True,225.0,295.0,45.0,40.0,100.0,50.0,60.0,1425.5214392646726,-3.7804271085241083
2023-07-01 15:15:00,24.4022,28.30496823248178,-4000.0,901.0012809916807,-2648.949656375162,True,1.402200698852539,23,21,23,True,225.0,295.0,45.0,40.0,100.0,50.0,60.0,1421.0012809916807,-3.902767533629241
2023-07-01 15:30:00,24.317572,28.32273009339429,-4000.0,896.5665546734148,-2651.572579812751,True,1.3175716400146484,23,21,23,True,225.0,295.0,45.0,40.0,100.0,50.0,60.0,1416.5665546734149,-4.005158453379643
2023-07-01 15:45:00,24.232777,28.34105418196447,-4000.0,892.2155170451894,-2654.169262569373,True,1.2327766418457031,23,21,23,True,225.0,295.0,45.0,40.0,100.0,50.0,60.0,1412.2155170451892,-4.108277540118767
2023-07-01 16:00:00,24.147806,28.53358756609553,0.0,0.0,-2377.3947226432224,False,0.14780616760253906,24,21,24,True,225.0,295.0,45.0,40.0,100.0,50.0,60.0,520.0,-4.385781398492991
2023-07-01 16:15:00,24.367926,28.63361753555158,0.0,0.0,-2392.5938308747204,False,0.36792564392089844,24,21,24,True,225.0,295.0,45.0,40.0,100.0,50.0,60.0,520.0,-4.265691891630681
2023-07-01 16:30:00,24.588022,28.707316474326262,-2000.0,431.50420747245425,-2403.7929207974903,True,0.5880222320556641,24,21,24,True,225.0,295.0,45.0,40.0,100.0,50.0,60.0,951.5042074724543,-4.119294242270598
2023-07-01 16:45:00,24.65599,28.74949500675028,-2000.0,427.4682864000315,-2410.197476359677,True,0.6559906005859375,24,21,24,True,225.0,295.0,45.0,40.0,100.0,50.0,60.0,947.4682864000315,-4.093504406164342
2023-07-01 17:00:00,24.724306,28.845726120335662,-2000.0,425.63831369440277,-2424.865723988232,True,0.7243061065673828,24,21,24,True,225.0,1595.0,45.0,40.0,1400.0,50.0,60.0,2245.6383136944028,-4.1214200137682795
2023-07-01 17:15:00,24.79347,28.879326394393665,-2000.0,423.834141239379,-2430.033744187822,True,0.7934703826904297,24,21,24,True,225.0,1595.0,45.0,40.0,1400.0,50.0,60.0,2243.8341412393793,-4.085856011703235
2023-07-01 17:30:00,24.863209,28.141454031638148,-4000.0,844.1154235583666,-3861.7230365585433,True,0.8632087707519531,24,21,24,True,225.0,1595.0,45.0,40.0,1400.0,50.0,60.0,2664.1154235583667,-3.2782452608861945
2023-07-01 17:45:00,24.7812,27.635159874941287,-2000.0,421.51453610010924,-3732.2294573203935,True,0.7812004089355469,24,21,24,True,225.0,1595.0,45.0,40.0,1400.0,50.0,60.0,2241.514536100109,-2.8539594660057404
2023-07-01 18:00:00,24.850605,27.505600195931564,-4000.0,839.9562951451153,-3699.185905364795,True,0.8506050109863281,24,21,24,True,600.0,1655.0,105.0,40.0,1400.0,50.0,60.0,3094.9562951451153,-2.6549951849452356
2023-07-01 18:15:00,24.764526,27.29682168423505,-2000.0,419.67349441211866,-3645.918616259317,True,0.7645263671875,24,21,24,True,600.0,1655.0,105.0,40.0,1400.0,50.0,60.0,2674.6734944121185,-2.5322953170475486
2023-07-01 18:30:00,24.828352,26.88689517167008,-4000.0,836.418506333769,-4051.398671989888,True,0.8283519744873047,24,21,24,True,600.0,1655.0,105.0,40.0,1400.0,50.0,60.0,3091.418506333769,-2.0585431971827752
2023-07-01 18:45:00,24.731415,26.398406418518896,-2000.0,417.99357611234893,-3926.7551273050512,True,0.731414794921875,24,21,24,True,600.0,1655.0,105.0,40.0,1400.0,50.0,60.0,2672.993576112349,-1.6669916235970206
2023-07-01 19:00:00,24.78125,26.08633816067568,-2000.0,414.4186679810214,-3847.065026710104,True,0.78125,24,21,24,True,600.0,1735.0,105.0,120.0,1400.0,50.0,60.0,2749.4186679810214,-1.3050881606756803
2023-07-01 19:15:00,24.801868,25.72439902255396,-4000.0,822.376483257317,-3754.645451988972,True,0.8018684387207031,24,21,24,True,600.0,1735.0,105.0,120.0,1400.0,50.0,60.0,3157.376483257317,-0.9225305838332574
2023-07-01 19:30:00,24.629036,25.472036777157207,-2000.0,409.41190825620475,-3690.261397121792,True,0.6290359497070312,24,21,24,True,600.0,1735.0,105.0,120.0,1400.0,50.0,60.0,2744.4119082562047,-0.8430008274501759
2023-07-01 19:45:00,24.563417,25.18591408950768,-2000.0,406.9430849922602,-3617.246742599199,True,0.5634174346923828,24,21,24,True,600.0,1735.0,105.0,120.0,1400.0,50.0,60.0,2741.94308499226,-0.622496654815297
2023-07-01 20:00:00,24.506355,24.92390053605132,-2000.0,407.3302290472271,-3550.3840992829137,True,0.5063552856445312,24,21,24,True,600.0,435.0,105.0,120.0,100.0,50.0,60.0,1442.330229047227,-0.41754525040678914
2023-07-01 20:15:00,24.459808,24.56399962099242,-2000.0,407.647378901801,-3458.475224611505,True,0.459808349609375,24,21,24,True,600.0,435.0,105.0,120.0,100.0,50.0,60.0,1442.647378901801,-0.10419127138304418
2023-07-01 20:30:00,24.410442,24.396234152252507,-2000.0,407.9850647782495,-3415.6769618803046,True,0.4104423522949219,24,21,24,True,600.0,435.0,105.0,120.0,100.0,50.0,60.0,1442.9850647782496,0.014208200042414632
2023-07-01 20:45:00,24.359854,24.07707982423652,-2000.0,408.3325378843971,-3334.211439289793,True,0.35985374450683594,24,21,24,True,600.0,435.0,105.0,120.0,100.0,50.0,60.0,1443.332537884397,0.28277392027031567
2023-07-01 21:00:00,24.310505,23.843294553388205,-2000.0,407.6426238832352,-3274.51550569674,True,0.3105049133300781,24,21,24,True,675.0,435.0,105.0,120.0,100.0,50.0,60.0,1517.6426238832353,0.4672103599418733
2023-07-01 21:15:00,24.260008,24.1829145893036,-2000.0,406.96616664503006,-2016.720968896028,True,0.2600078582763672,24,21,24,True,675.0,435.0,105.0,120.0,100.0,50.0,60.0,1516.9661666450302,0.07709326897276725
2023-07-01 21:30:00,24.20821,24.047876420992523,-2000.0,406.3039555117948,-2816.910573847946,True,0.20820999145507812,24,21,24,True,675.0,435.0,105.0,120.0,100.0,50.0,60.0,1516.3039555117948,0.16033357046255503
2023-07-01 21:45:00,24.155397,23.78682417886252,-2000.0,405.6538300833879,-2750.315441511628,True,0.1553974151611328,24,21,24,True,675.0,435.0,105.0,120.0,100.0,50.0,60.0,1515.653830083388,0.3685732362986123
2023-07-01 22:00:00,24.101442,23.981252615232204,-2000.0,405.18185925534624,-1679.9042910148223,True,0.10144233703613281,24,21,24,True,675.0,435.0,105.0,120.0,100.0,50.0,60.0,1515.1818592553464,0.1201897218039285
2023-07-01 22:15:00,24.046694,24.151597779262104,-2000.0,404.7178641504428,-1706.005945869433,True,0.04669380187988281,24,21,24,True,675.0,435.0,105.0,120.0,100.0,50.0,60.0,1514.717864150443,-0.10490397738222157
2023-07-01 22:30:00,23.99122,23.55740261365388,0.0,0.0,-2691.928711124162,False,-0.008779525756835938,24,21,24,True,675.0,435.0,105.0,120.0,100.0,50.0,60.0,1110.0,0.43381786058928284
2023-07-01 22:45:00,24.087194,23.52652149698428,0.0,0.0,-1610.3827934881524,False,0.08719444274902344,24,21,24,True,675.0,435.0,105.0,120.0,100.0,50.0,60.0,1110.0,0.5606729457647432
2023-07-01 23:00:00,24.180454,23.649820472998684,0.0,0.0,-1629.258783634569,False,0.18045425415039062,24,21,24,True,675.0,355.0,105.0,40.0,100.0,50.0,60.0,1030.0,0.5306337811517068
2023-07-01 23:15:00,24.272636,23.64044391348193,0.0,0.0,-1627.864803984215,False,0.27263641357421875,24,21,24,True,675.0,355.0,105.0,40.0,100.0,50.0,60.0,1030.0,0.6321925000922874
2023-07-01 23:30:00,24.364103,23.519574262705564,0.0,0.0,-1609.425015529317,False,0.3641033172607422,24,21,24,True,675.0,355.0,105.0,40.0,100.0,50.0,60.0,1030.0,0.8445290545551778
2023-07-01 23:45:00,24.45439,23.37997039162724,0.0,0.0,-1588.1117104802083,False,0.4543895721435547,24,21,24,True,675.0,355.0,105.0,40.0,100.0,50.0,60.0,1030.0,1.0744191805163155
