,PV2Blgd,G2Blgd,Bat2Blgd,EV2Blgd,GridPurchase,PVcurt,PV2Bat,PV2EV,G2Bat,G2EV,Bat2EV,EV2Bat,SoC_Bat,SoC_EV
0,0.0,5.2208491401256705,0.0,0.0,5.2208491401256705,0.0,0.0,0.0,0.0,0.0,0.0,0.0,0.0,0.0
1,0.4060614419779734,5.022888700659833,0.0,0.0,5.022888700659833,0.0,0.0,0.0,0.0,0.0,0.0,0.0,0.0,0.0
2,0.7916487680953728,4.446122914860988,0.0,0.0,4.446122914860988,0.0,0.0,0.0,0.0,0.0,0.0,0.0,0.0,0.0
3,1.1913781713110025,3.973400744466225,0.0,0.0,3.973400744466225,0.0,0.0,0.0,0.0,0.0,0.0,0.0,0.0,0.0
4,1.482853087226193,3.6598431693471465,0.0,0.0,3.6598431693471465,0.0,0.0,0.0,0.0,0.0,0.0,0.0,0.0,0.0
5,1.5201574056211777,4.285304345853263,0.0,0.0,4.285304345853263,0.0,0.0,0.0,0.0,0.0,0.0,0.0,0.0,0.0
6,1.9289250973875218,3.261358186822247,0.0,0.0,3.261358186822247,0.0,0.0,0.0,0.0,0.0,0.0,0.0,0.0,0.0
7,2.4098226601691914,2.9706576078188665,0.0,0.0,2.9706576078188665,0.0,0.0,0.0,0.0,0.0,0.0,0.0,0.0,0.0
8,2.5429529279860876,2.7842553514797697,0.0,0.0,2.7842553514797697,0.0,0.0,0.0,0.0,0.0,0.0,0.0,0.0,0.0
9,2.866280577000817,2.7103007179440355,0.0,0.0,2.7103007179440355,0.0,0.0,0.0,0.0,0.0,0.0,0.0,0.0,0.0
10,2.736407445931284,2.7293189735935486,0.0,0.0,2.7293189735935486,0.0,0.0,0.0,0.0,0.0,0.0,0.0,0.0,0.0
11,3.2598778262323798,2.701869251600545,0.0,0.0,2.701869251600545,0.0,0.0,0.0,0.0,0.0,0.0,0.0,0.0,0.0
12,3.637625093809821,1.6882507115241454,0.0,0.0,1.6882507115241454,0.0,0.0,0.0,0.0,0.0,0.0,0.0,0.0,0.0
13,4.233293949366667,1.705594515250815,0.0,0.0,1.705594515250815,0.0,0.0,0.0,0.0,0.0,0.0,0.0,0.0,0.0
14,4.33116620711909,1.3610273325119389,0.0,0.0,1.3610273325119389,0.0,0.0,0.0,0.0,0.0,0.0,0.0,0.0,0.0
15,3.4430901518901056,2.3761699573714727,0.0,0.0,2.3761699573714727,0.0,0.0,0.0,0.0,0.0,0.0,0.0,0.0,0.0
16,4.136193483822381,2.5443062602161577,0.0,0.0,2.5443062602161577,0.0,0.0,0.0,0.0,0.0,0.0,0.0,0.0,0.0
17,3.686624650678268,2.0616993595495616,0.0,0.0,2.0616993595495616,0.0,0.0,0.0,0.0,0.0,0.0,0.0,0.0,0.0
18,4.702825834477845,1.1506847484883371,0.0,0.0,1.1506847484883371,0.0,0.0,0.0,0.0,0.0,0.0,0.0,0.0,0.0
19,4.81485466472828,1.3072092275511755,0.0,0.0,1.3072092275511755,0.0,0.0,0.0,0.0,0.0,0.0,0.0,0.0,0.0
20,5.2470170568905585,1.8589988708970404,0.0,0.0,1.8589988708970404,0.0,0.0,0.0,0.0,0.0,0.0,0.0,0.0,0.0
21,4.51641717730218,2.6809136980871804,0.0,0.0,2.6809136980871804,0.0,0.0,0.0,0.0,0.0,0.0,0.0,0.0,0.0
22,5.074199064624647,1.6471507036087845,0.0,0.0,1.6471507036087845,0.0,0.0,0.0,0.0,0.0,0.0,0.0,0.0,0.0
23,4.134508892885807,3.3826976419921744,0.0,0.0,3.3826976419921744,0.0,0.0,0.0,0.0,0.0,0.0,0.0,0.0,0.0
24,4.083904022688632,2.574744331495636,0.0,0.0,2.574744331495636,0.0,0.0,0.0,0.0,0.0,0.0,0.0,0.0,0.0
25,4.125569256736878,2.341240821541877,0.0,0.0,2.341240821541877,0.0,0.0,0.0,0.0,0.0,0.0,0.0,0.0,0.0
26,3.965971388377976,3.9055147139418023,0.0,0.0,3.9055147139418023,0.0,0.0,0.0,0.0,0.0,0.0,0.0,0.0,0.0
27,4.909081014350338,3.101966192740303,0.0,0.0,3.101966192740303,0.0,0.0,0.0,0.0,0.0,0.0,0.0,0.0,0.0
28,4.264804749712588,3.0391153093269807,0.0,0.0,3.0391153093269807,0.0,0.0,0.0,0.0,0.0,0.0,0.0,0.0,0.0
29,3.847990678984326,4.499509675705848,0.0,0.0,4.499509675705848,0.0,0.0,0.0,0.0,0.0,0.0,0.0,0.0,0.0
30,3.670914689567644,3.8312195072613107,0.0,0.0,3.8312195072613107,0.0,0.0,0.0,0.0,0.0,0.0,0.0,0.0,0.0
31,4.912307340594883,2.8869640031998367,0.0,0.0,2.8869640031998367,0.0,0.0,0.0,0.0,0.0,0.0,0.0,0.0,0.0
32,3.61939563030375,3.5878656521410766,0.0,0.0,3.5878656521410766,0.0,0.0,0.0,0.0,0.0,0.0,0.0,0.0,0.0
33,4.376635149688506,4.0426096466023855,0.0,0.0,4.0426096466023855,0.0,0.0,0.0,0.0,0.0,0.0,0.0,0.0,0.0
34,4.501912497197012,3.338711578502277,0.0,0.0,3.338711578502277,0.0,0.0,0.0,0.0,0.0,0.0,0.0,0.0,0.0
35,3.1168356919599347,5.190256792455823,0.0,0.0,5.190256792455823,0.0,0.0,0.0,0.0,0.0,0.0,0.0,0.0,0.0
36,3.551244346775442,4.313372790695173,0.0,0.0,4.313372790695173,0.0,0.0,0.0,0.0,0.0,0.0,0.0,0.0,0.0
37,2.6115569949321604,6.530037104500698,0.0,0.0,6.530037104500698,0.0,0.0,0.0,0.0,0.0,0.0,0.0,0.0,0.0
38,2.6215908911582435,6.4696888298859,0.0,0.0,6.4696888298859,0.0,0.0,0.0,0.0,0.0,0.0,0.0,0.0,0.0
39,2.7664525115466825,5.1132070019250895,0.0,0.0,5.1132070019250895,0.0,0.0,0.0,0.0,0.0,0.0,0.0,0.0,0.0
40,2.3137513450206924,6.0483422309156865,0.0,0.0,6.0483422309156865,0.0,0.0,0.0,0.0,0.0,0.0,0.0,0.0,0.0
41,1.8496654958453478,6.669617149749313,0.0,0.0,6.669617149749313,0.0,0.0,0.0,0.0,0.0,0.0,0.0,0.0,0.0
42,1.9919047901705715,5.973588681271331,0.0,0.0,5.973588681271331,0.0,0.0,0.0,0.0,0.0,0.0,0.0,0.0,0.0
43,1.8577182435121253,6.731651908796754,0.0,0.0,6.731651908796754,0.0,0.0,0.0,0.0,0.0,0.0,0.0,0.0,0.0
44,1.1404216636868953,7.606703146928622,0.0,0.0,7.606703146928622,0.0,0.0,0.0,0.0,0.0,0.0,0.0,0.0,0.0
45,0.8120508549346737,8.13017774650563,0.0,0.0,8.13017774650563,0.0,0.0,0.0,0.0,0.0,0.0,0.0,0.0,0.0
46,0.6253641385112212,8.040699534077698,0.0,0.0,8.040699534077698,0.0,0.0,0.0,0.0,0.0,0.0,0.0,0.0,0.0
47,0.30280377611472775,8.63381367186345,0.0,0.0,8.63381367186345,0.0,0.0,0.0,0.0,0.0,0.0,0.0,0.0,0.0
48,0.0,8.784524633870626,0.0,0.0,8.784524633870626,0.0,0.0,0.0,0.0,0.0,0.0,0.0,0.0,0.0
49,0.0,7.931113998840567,0.0,0.0,7.931113998840567,0.0,0.0,0.0,0.0,0.0,0.0,0.0,0.0,0.0
50,0.0,8.073626405769906,0.0,0.0,8.073626405769906,0.0,0.0,0.0,0.0,0.0,0.0,0.0,0.0,0.0
51,0.0,8.808616427068197,0.0,0.0,8.808616427068197,0.0,0.0,0.0,0.0,0.0,0.0,0.0,0.0,0.0
52,0.0,9.391270571981199,0.0,0.0,9.391270571981199,0.0,0.0,0.0,0.0,0.0,0.0,0.0,0.0,0.0
53,0.0,9.114396881164193,0.0,0.0,9.114396881164193,0.0,0.0,0.0,0.0,0.0,0.0,0.0,0.0,0.0
54,0.0,8.83239031344919,0.0,0.0,8.83239031344919,0.0,0.0,0.0,0.0,0.0,0.0,0.0,0.0,0.0
55,0.0,9.446550916682396,0.0,0.0,9.446550916682396,0.0,0.0,0.0,0.0,0.0,0.0,0.0,0.0,0.0
56,0.0,8.80152767709679,0.0,0.0,8.80152767709679,0.0,0.0,0.0,0.0,0.0,0.0,0.0,0.0,0.0
57,0.0,9.021811014695077,0.0,0.0,9.021811014695077,0.0,0.0,0.0,0.0,0.0,0.0,0.0,0.0,0.0
58,0.0,8.638583537832986,0.0,0.0,8.638583537832986,0.0,0.0,0.0,0.0,0.0,0.0,0.0,0.0,0.0
59,0.0,7.799939101566148,0.0,0.0,7.799939101566148,0.0,0.0,0.0,0.0,0.0,0.0,0.0,0.0,0.0
60,0.0,8.945750000048614,0.0,0.0,8.945750000048614,0.0,0.0,0.0,0.0,0.0,0.0,0.0,0.0,0.0
61,0.0,8.119769149811553,0.0,0.0,8.119769149811553,0.0,0.0,0.0,0.0,0.0,0.0,0.0,0.0,0.0
62,0.0,8.44140236242373,0.0,0.0,8.44140236242373,0.0,0.0,0.0,0.0,0.0,0.0,0.0,0.0,0.0
63,0.0,7.7378799551437485,0.0,0.0,7.7378799551437485,0.0,0.0,0.0,0.0,0.0,0.0,0.0,0.0,0.0
64,0.0,7.618575632000155,0.0,0.0,7.618575632000155,0.0,0.0,0.0,0.0,0.0,0.0,0.0,0.0,0.0
65,0.0,7.299731839343292,0.0,0.0,7.299731839343292,0.0,0.0,0.0,0.0,0.0,0.0,0.0,0.0,0.0
66,0.0,7.534794473515866,0.0,0.0,7.534794473515866,0.0,0.0,0.0,0.0,0.0,0.0,0.0,0.0,0.0
67,0.0,7.834178224871523,0.0,0.0,7.834178224871523,0.0,0.0,0.0,0.0,0.0,0.0,0.0,0.0,0.0
68,0.0,7.8295831785535785,0.0,0.0,7.8295831785535785,0.0,0.0,0.0,0.0,0.0,0.0,0.0,0.0,0.0
69,0.0,7.780033151179054,0.0,0.0,7.780033151179054,0.0,0.0,0.0,0.0,0.0,0.0,0.0,0.0,0.0
70,0.0,7.429750010846943,0.0,0.0,7.429750010846943,0.0,0.0,0.0,0.0,0.0,0.0,0.0,0.0,0.0
71,0.0,6.529292581642632,0.0,0.0,6.529292581642632,0.0,0.0,0.0,0.0,0.0,0.0,0.0,0.0,0.0
72,0.0,7.283852071828992,0.0,0.0,7.283852071828992,0.0,0.0,0.0,0.0,0.0,0.0,0.0,0.0,0.0
73,0.0,6.503855784870118,0.0,0.0,6.503855784870118,0.0,0.0,0.0,0.0,0.0,0.0,0.0,0.0,0.0
74,0.0,6.978907482993428,0.0,0.0,6.978907482993428,0.0,0.0,0.0,0.0,0.0,0.0,0.0,0.0,0.0
75,0.0,6.824765818943876,0.0,0.0,6.824765818943876,0.0,0.0,0.0,0.0,0.0,0.0,0.0,0.0,0.0
76,0.0,6.248089867363287,0.0,0.0,6.248089867363287,0.0,0.0,0.0,0.0,0.0,0.0,0.0,0.0,0.0
77,0.0,6.924796039985298,0.0,0.0,6.924796039985298,0.0,0.0,0.0,0.0,0.0,0.0,0.0,0.0,0.0
78,0.0,6.16183610044597,0.0,0.0,6.16183610044597,0.0,0.0,0.0,0.0,0.0,0.0,0.0,0.0,0.0
79,0.0,6.674362992423598,0.0,0.0,6.674362992423598,0.0,0.0,0.0,0.0,0.0,0.0,0.0,0.0,0.0
80,0.0,5.637126975293157,0.0,0.0,5.637126975293157,0.0,0.0,0.0,0.0,0.0,0.0,0.0,0.0,0.0
81,0.0,6.088963233692032,0.0,0.0,6.088963233692032,0.0,0.0,0.0,0.0,0.0,0.0,0.0,0.0,0.0
82,0.0,6.127777896653433,0.0,0.0,6.127777896653433,0.0,0.0,0.0,0.0,0.0,0.0,0.0,0.0,0.0
83,0.0,5.787822533411985,0.0,0.0,5.787822533411985,0.0,0.0,0.0,0.0,0.0,0.0,0.0,0.0,0.0
84,0.0,5.728239683371494,0.0,0.0,5.728239683371494,0.0,0.0,0.0,0.0,0.0,0.0,0.0,0.0,0.0
85,0.0,5.325915861999148,0.0,0.0,5.325915861999148,0.0,0.0,0.0,0.0,0.0,0.0,0.0,0.0,0.0
86,0.0,5.1241399712765565,0.0,0.0,5.1241399712765565,0.0,0.0,0.0,0.0,0.0,0.0,0.0,0.0,0.0
87,0.0,5.1353788788580745,0.0,0.0,5.1353788788580745,0.0,0.0,0.0,0.0,0.0,0.0,0.0,0.0,0.0
88,0.0,5.215529651442537,0.0,0.0,5.215529651442537,0.0,0.0,0.0,0.0,0.0,0.0,0.0,0.0,0.0
89,0.0,4.9919554482475865,0.0,0.0,4.9919554482475865,0.0,0.0,0.0,0.0,0.0,0.0,0.0,0.0,0.0
90,0.0,5.79255445412456,0.0,0.0,5.79255445412456,0.0,0.0,0.0,0.0,0.0,0.0,0.0,0.0,0.0
91,0.0,5.71272588798775,0.0,0.0,5.71272588798775,0.0,0.0,0.0,0.0,0.0,0.0,0.0,0.0,0.0
92,0.0,5.287564995128798,0.0,0.0,5.287564995128798,0.0,0.0,0.0,0.0,0.0,0.0,0.0,0.0,0.0
93,0.0,5.63377460124487,0.0,0.0,5.63377460124487,0.0,0.0,0.0,0.0,0.0,0.0,0.0,0.0,0.0
94,0.0,5.288049327946481,0.0,0.0,5.288049327946481,0.0,0.0,0.0,0.0,0.0,0.0,0.0,0.0,0.0
95,0.0,5.257375583924184,0.0,0.0,5.257375583924184,0.0,0.0,0.0,0.0,0.0,0.0,0.0,0.0,0.0
96,0.0,5.36181136773206,0.0,0.0,5.36181136773206,0.0,0.0,0.0,0.0,0.0,0.0,0.0,0.0,0.0
97,0.31168487119002897,4.488246435571735,0.0,0.0,4.488246435571735,0.0,0.0,0.0,0.0,0.0,0.0,0.0,0.0,0.0
98,0.5658473013101832,4.371841256623025,0.0,0.0,4.371841256623025,0.0,0.0,0.0,0.0,0.0,0.0,0.0,0.0,0.0
99,1.1822581365458187,3.661729268211905,0.0,0.0,3.661729268211905,0.0,0.0,0.0,0.0,0.0,0.0,0.0,0.0,0.0
100,1.535526196881178,3.867249027977728,0.0,0.0,3.867249027977728,0.0,0.0,0.0,0.0,0.0,0.0,0.0,0.0,0.0
101,1.8488894874402042,3.185696116925616,0.0,0.0,3.185696116925616,0.0,0.0,0.0,0.0,0.0,0.0,0.0,0.0,0.0
102,1.712463916069968,4.190576492374076,0.0,0.0,4.190576492374076,0.0,0.0,0.0,0.0,0.0,0.0,0.0,0.0,0.0
103,2.0510369774787964,2.9536986663124205,0.0,0.0,2.9536986663124205,0.0,0.0,0.0,0.0,0.0,0.0,0.0,0.0,0.0
104,2.608614542254844,2.8328638626770637,0.0,0.0,2.8328638626770637,0.0,0.0,0.0,0.0,0.0,0.0,0.0,0.0,0.0
105,2.594834610844703,3.143220106182388,0.0,0.0,3.143220106182388,0.0,0.0,0.0,0.0,0.0,0.0,0.0,0.0,0.0
106,2.505678151136922,2.771356339293302,0.0,0.0,2.771356339293302,0.0,0.0,0.0,0.0,0.0,0.0,0.0,0.0,0.0
107,3.5707984915677415,2.641586135759502,0.0,0.0,2.641586135759502,0.0,0.0,0.0,0.0,0.0,0.0,0.0,0.0,0.0
108,3.693983839763698,2.0034398528021713,0.0,0.0,2.0034398528021713,0.0,0.0,0.0,0.0,0.0,0.0,0.0,0.0,0.0
109,3.3600365547608684,2.6803419818533296,0.0,0.0,2.6803419818533296,0.0,0.0,0.0,0.0,0.0,0.0,0.0,0.0,0.0
110,4.033807118014379,2.1655658386622463,0.0,0.0,2.1655658386622463,0.0,0.0,0.0,0.0,0.0,0.0,0.0,0.0,0.0
111,4.1151691441363125,2.022519315078563,0.0,0.0,2.022519315078563,0.0,0.0,0.0,0.0,0.0,0.0,0.0,0.0,0.0
112,3.813576081900897,2.9219246122704154,0.0,0.0,2.9219246122704154,0.0,0.0,0.0,0.0,0.0,0.0,0.0,0.0,0.0
113,4.511794656463271,1.670049760903134,0.0,0.0,1.670049760903134,0.0,0.0,0.0,0.0,0.0,0.0,0.0,0.0,0.0
114,3.8041166884508875,1.9422514190222935,0.0,0.0,1.9422514190222935,0.0,0.0,0.0,0.0,0.0,0.0,0.0,0.0,0.0
115,4.835984965559551,1.424145707796841,0.0,0.0,1.424145707796841,0.0,0.0,0.0,0.0,0.0,0.0,0.0,0.0,0.0
116,5.200317782408549,1.3044340155406067,0.0,0.0,1.3044340155406067,0.0,0.0,0.0,0.0,0.0,0.0,0.0,0.0,0.0
117,4.119807197631349,2.69873173002242,0.0,0.0,2.69873173002242,0.0,0.0,0.0,0.0,0.0,0.0,0.0,0.0,0.0
118,4.052363760510209,2.9096328973350163,0.0,0.0,2.9096328973350163,0.0,0.0,0.0,0.0,0.0,0.0,0.0,0.0,0.0
119,5.177962776382904,1.8758709078455373,0.0,0.0,1.8758709078455373,0.0,0.0,0.0,0.0,0.0,0.0,0.0,0.0,0.0
120,5.371946171322177,2.088637563513336,0.0,0.0,2.088637563513336,0.0,0.0,0.0,0.0,0.0,0.0,0.0,0.0,0.0
121,5.228836866309965,1.7464711539968354,0.0,0.0,1.7464711539968354,0.0,0.0,0.0,0.0,0.0,0.0,0.0,0.0,0.0
122,4.7684736115926265,2.9021296073438307,0.0,0.0,2.9021296073438307,0.0,0.0,0.0,0.0,0.0,0.0,0.0,0.0,0.0
123,3.865446954106828,3.6462802521033484,0.0,0.0,3.6462802521033484,0.0,0.0,0.0,0.0,0.0,0.0,0.0,0.0,0.0
124,4.672540004302365,2.981817440949113,0.0,0.0,2.981817440949113,0.0,0.0,0.0,0.0,0.0,0.0,0.0,0.0,0.0
125,5.357625847854174,2.4311310401605777,0.0,0.0,2.4311310401605777,0.0,0.0,0.0,0.0,0.0,0.0,0.0,0.0,0.0
126,4.64541521494055,2.8001284192754294,0.0,0.0,2.8001284192754294,0.0,0.0,0.0,0.0,0.0,0.0,0.0,0.0,0.0
127,3.6572111761535635,4.289522326607948,0.0,0.0,4.289522326607948,0.0,0.0,0.0,0.0,0.0,0.0,0.0,0.0,0.0
128,4.133048774812055,3.980249534780544,0.0,0.0,3.980249534780544,0.0,0.0,0.0,0.0,0.0,0.0,0.0,0.0,0.0
129,3.442360030857931,3.9032008424508584,0.0,0.0,3.9032008424508584,0.0,0.0,0.0,0.0,0.0,0.0,0.0,0.0,0.0
130,3.9166175420631753,4.244855714002959,0.0,0.0,4.244855714002959,0.0,0.0,0.0,0.0,0.0,0.0,0.0,0.0,0.0
131,4.085099866198507,4.470978180768333,0.0,0.0,4.470978180768333,0.0,0.0,0.0,0.0,0.0,0.0,0.0,0.0,0.0
132,2.960487373947248,6.059391794334403,0.0,0.0,6.059391794334403,0.0,0.0,0.0,0.0,0.0,0.0,0.0,0.0,0.0
133,2.5733795732870046,5.230367818028858,0.0,0.0,5.230367818028858,0.0,0.0,0.0,0.0,0.0,0.0,0.0,0.0,0.0
134,3.423438975144127,4.951752135824839,0.0,0.0,4.951752135824839,0.0,0.0,0.0,0.0,0.0,0.0,0.0,0.0,0.0
135,2.7910317899461905,6.411131852101386,0.0,0.0,6.411131852101386,0.0,0.0,0.0,0.0,0.0,0.0,0.0,0.0,0.0
136,2.307878646069952,6.46686286979763,0.0,0.0,6.46686286979763,0.0,0.0,0.0,0.0,0.0,0.0,0.0,0.0,0.0
137,2.0028478077281875,5.833768727714471,0.0,0.0,5.833768727714471,0.0,0.0,0.0,0.0,0.0,0.0,0.0,0.0,0.0
138,1.55458362786064,6.520146446695674,0.0,0.0,6.520146446695674,0.0,0.0,0.0,0.0,0.0,0.0,0.0,0.0,0.0
139,1.5917216809632004,7.612634811245263,0.0,0.0,7.612634811245263,0.0,0.0,0.0,0.0,0.0,0.0,0.0,0.0,0.0
140,1.237421796016147,7.608632534867192,0.0,0.0,7.608632534867192,0.0,0.0,0.0,0.0,0.0,0.0,0.0,0.0,0.0
141,0.8161164138516666,7.505423533367873,0.0,0.0,7.505423533367873,0.0,0.0,0.0,0.0,0.0,0.0,0.0,0.0,0.0
142,0.5394037518939384,7.9720780946287055,0.0,0.0,7.9720780946287055,0.0,0.0,0.0,0.0,0.0,0.0,0.0,0.0,0.0
143,0.2656036310121024,9.28304161069357,0.0,0.0,9.28304161069357,0.0,0.0,0.0,0.0,0.0,0.0,0.0,0.0,0.0
144,0.0,8.827263494422457,0.0,0.0,8.827263494422457,0.0,0.0,0.0,0.0,0.0,0.0,0.0,0.0,0.0
145,0.0,8.97228233571368,0.0,0.0,8.97228233571368,0.0,0.0,0.0,0.0,0.0,0.0,0.0,0.0,0.0
146,0.0,8.069515975305455,0.0,0.0,8.069515975305455,0.0,0.0,0.0,0.0,0.0,0.0,0.0,0.0,0.0
147,0.0,9.474954286414565,0.0,0.0,9.474954286414565,0.0,0.0,0.0,0.0,0.0,0.0,0.0,0.0,0.0
148,0.0,9.194792593467549,0.0,0.0,9.194792593467549,0.0,0.0,0.0,0.0,0.0,0.0,0.0,0.0,0.0
149,0.0,8.239559939504879,0.0,0.0,8.239559939504879,0.0,0.0,0.0,0.0,0.0,0.0,0.0,0.0,0.0
150,0.0,8.75276368870487,0.0,0.0,8.75276368870487,0.0,0.0,0.0,0.0,0.0,0.0,0.0,0.0,0.0
151,0.0,8.68720908464892,0.0,0.0,8.68720908464892,0.0,0.0,0.0,0.0,0.0,0.0,0.0,0.0,0.0
152,0.0,8.014184202604865,0.0,0.0,8.014184202604865,0.0,0.0,0.0,0.0,0.0,0.0,0.0,0.0,0.0
153,0.0,7.684702992486203,0.0,0.0,7.684702992486203,0.0,0.0,0.0,0.0,0.0,0.0,0.0,0.0,0.0
154,0.0,8.438014146122434,0.0,0.0,8.438014146122434,0.0,0.0,0.0,0.0,0.0,0.0,0.0,0.0,0.0
155,0.0,9.00371915569244,0.0,0.0,9.00371915569244,0.0,0.0,0.0,0.0,0.0,0.0,0.0,0.0,0.0
156,0.0,8.652757048348445,0.0,0.0,8.652757048348445,0.0,0.0,0.0,0.0,0.0,0.0,0.0,0.0,0.0
157,0.0,8.695376390933466,0.0,0.0,8.695376390933466,0.0,0.0,0.0,0.0,0.0,0.0,0.0,0.0,0.0
158,0.0,7.34883741950374,0.0,0.0,7.34883741950374,0.0,0.0,0.0,0.0,0.0,0.0,0.0,0.0,0.0
159,0.0,7.320369989924021,0.0,0.0,7.320369989924021,0.0,0.0,0.0,0.0,0.0,0.0,0.0,0.0,0.0
160,0.0,8.376489140854462,0.0,0.0,8.376489140854462,0.0,0.0,0.0,0.0,0.0,0.0,0.0,0.0,0.0
161,0.0,7.777968129455131,0.0,0.0,7.777968129455131,0.0,0.0,0.0,0.0,0.0,0.0,0.0,0.0,0.0
162,0.0,7.365383874813041,0.0,0.0,7.365383874813041,0.0,0.0,0.0,0.0,0.0,0.0,0.0,0.0,0.0
163,0.0,7.481906610771498,0.0,0.0,7.481906610771498,0.0,0.0,0.0,0.0,0.0,0.0,0.0,0.0,0.0
164,0.0,7.696668301787888,0.0,0.0,7.696668301787888,0.0,0.0,0.0,0.0,0.0,0.0,0.0,0.0,0.0
165,0.0,7.736577511983002,0.0,0.0,7.736577511983002,0.0,0.0,0.0,0.0,0.0,0.0,0.0,0.0,0.0
166,0.0,6.915031547428217,0.0,0.0,6.915031547428217,0.0,0.0,0.0,0.0,0.0,0.0,0.0,0.0,0.0
167,0.0,7.028734713000797,0.0,0.0,7.028734713000797,0.0,0.0,0.0,0.0,0.0,0.0,0.0,0.0,0.0
168,0.0,6.521097516232929,0.0,0.0,6.521097516232929,0.0,0.0,0.0,0.0,0.0,0.0,0.0,0.0,0.0
169,0.0,6.5009710451957465,0.0,0.0,6.5009710451957465,0.0,0.0,0.0,0.0,0.0,0.0,0.0,0.0,0.0
170,0.0,6.810312961485055,0.0,0.0,6.810312961485055,0.0,0.0,0.0,0.0,0.0,0.0,0.0,0.0,0.0
171,0.0,6.699643950830599,0.0,0.0,6.699643950830599,0.0,0.0,0.0,0.0,0.0,0.0,0.0,0.0,0.0
172,0.0,6.588885366815101,0.0,0.0,6.588885366815101,0.0,0.0,0.0,0.0,0.0,0.0,0.0,0.0,0.0
173,0.0,6.8819116285653354,0.0,0.0,6.8819116285653354,0.0,0.0,0.0,0.0,0.0,0.0,0.0,0.0,0.0
174,0.0,6.93038321738476,0.0,0.0,6.93038321738476,0.0,0.0,0.0,0.0,0.0,0.0,0.0,0.0,0.0
175,0.0,5.887846062323564,0.0,0.0,5.887846062323564,0.0,0.0,0.0,0.0,0.0,0.0,0.0,0.0,0.0
176,0.0,6.590612285419848,0.0,0.0,6.590612285419848,0.0,0.0,0.0,0.0,0.0,0.0,0.0,0.0,0.0
177,0.0,6.598589750919564,0.0,0.0,6.598589750919564,0.0,0.0,0.0,0.0,0.0,0.0,0.0,0.0,0.0
178,0.0,5.629104862934377,0.0,0.0,5.629104862934377,0.0,0.0,0.0,0.0,0.0,0.0,0.0,0.0,0.0
179,0.0,6.004272914549407,0.0,0.0,6.004272914549407,0.0,0.0,0.0,0.0,0.0,0.0,0.0,0.0,0.0
180,0.0,5.660520287314999,0.0,0.0,5.660520287314999,0.0,0.0,0.0,0.0,0.0,0.0,0.0,0.0,0.0
181,0.0,5.692469092481559,0.0,0.0,5.692469092481559,0.0,0.0,0.0,0.0,0.0,0.0,0.0,0.0,0.0
182,0.0,5.926159770213021,0.0,0.0,5.926159770213021,0.0,0.0,0.0,0.0,0.0,0.0,0.0,0.0,0.0
183,0.0,5.040677265505905,0.0,0.0,5.040677265505905,0.0,0.0,0.0,0.0,0.0,0.0,0.0,0.0,0.0
184,0.0,6.029499287175644,0.0,0.0,6.029499287175644,0.0,0.0,0.0,0.0,0.0,0.0,0.0,0.0,0.0
185,0.0,5.98220734096521,0.0,0.0,5.98220734096521,0.0,0.0,0.0,0.0,0.0,0.0,0.0,0.0,0.0
186,0.0,5.529012371362084,0.0,0.0,5.529012371362084,0.0,0.0,0.0,0.0,0.0,0.0,0.0,0.0,0.0
187,0.0,5.764115420201791,0.0,0.0,5.764115420201791,0.0,0.0,0.0,0.0,0.0,0.0,0.0,0.0,0.0
188,0.0,5.291136098386495,0.0,0.0,5.291136098386495,0.0,0.0,0.0,0.0,0.0,0.0,0.0,0.0,0.0
189,0.0,4.956057339633974,0.0,0.0,4.956057339633974,0.0,0.0,0.0,0.0,0.0,0.0,0.0,0.0,0.0
190,0.0,5.304568897363854,0.0,0.0,5.304568897363854,0.0,0.0,0.0,0.0,0.0,0.0,0.0,0.0,0.0
191,0.0,5.5093225810184245,0.0,0.0,5.5093225810184245,0.0,0.0,0.0,0.0,0.0,0.0,0.0,0.0,0.0
192,0.0,4.786945770507318,0.0,0.0,4.786945770507318,0.0,0.0,0.0,0.0,0.0,0.0,0.0,0.0,0.0
193,0.3185481000926512,4.918354323359245,0.0,0.0,4.918354323359245,0.0,0.0,0.0,0.0,0.0,0.0,0.0,0.0,0.0
194,0.6353775706798137,4.294594517179922,0.0,0.0,4.294594517179922,0.0,0.0,0.0,0.0,0.0,0.0,0.0,0.0,0.0
195,0.9053817259243618,4.329436356178979,0.0,0.0,4.329436356178979,0.0,0.0,0.0,0.0,0.0,0.0,0.0,0.0,0.0
196,1.2119737585231671,4.2090847746216875,0.0,0.0,4.2090847746216875,0.0,0.0,0.0,0.0,0.0,0.0,0.0,0.0,0.0
197,1.429345965957236,3.8667418360901036,0.0,0.0,3.8667418360901036,0.0,0.0,0.0,0.0,0.0,0.0,0.0,0.0,0.0
198,2.0800844876847076,3.671140191044541,0.0,0.0,3.671140191044541,0.0,0.0,0.0,0.0,0.0,0.0,0.0,0.0,0.0
199,1.9838243348677087,3.5120041957480685,0.0,0.0,3.5120041957480685,0.0,0.0,0.0,0.0,0.0,0.0,0.0,0.0,0.0
200,3.032919549501851,2.7946226966982604,0.0,0.0,2.7946226966982604,0.0,0.0,0.0,0.0,0.0,0.0,0.0,0.0,0.0
201,2.838329256862969,2.804212767381527,0.0,0.0,2.804212767381527,0.0,0.0,0.0,0.0,0.0,0.0,0.0,0.0,0.0
202,2.9410745031517016,2.540320538366983,0.0,0.0,2.540320538366983,0.0,0.0,0.0,0.0,0.0,0.0,0.0,0.0,0.0
203,3.51580473913911,2.4722285057762594,0.0,0.0,2.4722285057762594,0.0,0.0,0.0,0.0,0.0,0.0,0.0,0.0,0.0
204,3.0874381142126377,2.7381696937472495,0.0,0.0,2.7381696937472495,0.0,0.0,0.0,0.0,0.0,0.0,0.0,0.0,0.0
205,4.4143588123776025,1.3402954333344432,0.0,0.0,1.3402954333344432,0.0,0.0,0.0,0.0,0.0,0.0,0.0,0.0,0.0
206,4.20942266869789,2.287469793436501,0.0,0.0,2.287469793436501,0.0,0.0,0.0,0.0,0.0,0.0,0.0,0.0,0.0
207,4.589847717577632,1.8239088030719897,0.0,0.0,1.8239088030719897,0.0,0.0,0.0,0.0,0.0,0.0,0.0,0.0,0.0
208,4.574621129406864,2.1228785584745307,0.0,0.0,2.1228785584745307,0.0,0.0,0.0,0.0,0.0,0.0,0.0,0.0,0.0
209,4.476820301295539,1.425756375702795,0.0,0.0,1.425756375702795,0.0,0.0,0.0,0.0,0.0,0.0,0.0,0.0,0.0
210,4.404646166396561,1.328913662772158,0.0,0.0,1.328913662772158,0.0,0.0,0.0,0.0,0.0,0.0,0.0,0.0,0.0
211,3.7808238738160407,2.683646855218762,0.0,0.0,2.683646855218762,0.0,0.0,0.0,0.0,0.0,0.0,0.0,0.0,0.0
212,4.566859677356044,1.4584412524218644,0.0,0.0,1.4584412524218644,0.0,0.0,0.0,0.0,0.0,0.0,0.0,0.0,0.0
213,4.251903171889191,2.630166564508115,0.0,0.0,2.630166564508115,0.0,0.0,0.0,0.0,0.0,0.0,0.0,0.0,0.0
214,5.328383569782803,1.0007670963989552,0.0,0.0,1.0007670963989552,0.0,0.0,0.0,0.0,0.0,0.0,0.0,0.0,0.0
215,4.362473433880652,2.921677492255122,0.0,0.0,2.921677492255122,0.0,0.0,0.0,0.0,0.0,0.0,0.0,0.0,0.0
216,5.6796220721247295,1.8944336336867318,0.0,0.0,1.8944336336867318,0.0,0.0,0.0,0.0,0.0,0.0,0.0,0.0,0.0
217,3.952010977520243,2.834776733653361,0.0,0.0,2.834776733653361,0.0,0.0,0.0,0.0,0.0,0.0,0.0,0.0,0.0
218,5.384548167921048,1.6433324423136968,0.0,0.0,1.6433324423136968,0.0,0.0,0.0,0.0,0.0,0.0,0.0,0.0,0.0
219,3.824222279830369,4.209145991168208,0.0,0.0,4.209145991168208,0.0,0.0,0.0,0.0,0.0,0.0,0.0,0.0,0.0
220,5.436384689157704,2.5913254532509598,0.0,0.0,2.5913254532509598,0.0,0.0,0.0,0.0,0.0,0.0,0.0,0.0,0.0
221,5.399494626862284,2.0085244984974047,0.0,0.0,2.0085244984974047,0.0,0.0,0.0,0.0,0.0,0.0,0.0,0.0,0.0
222,4.340519401226113,3.146104447644582,0.0,0.0,3.146104447644582,0.0,0.0,0.0,0.0,0.0,0.0,0.0,0.0,0.0
223,3.491247688994887,4.69760536121421,0.0,0.0,4.69760536121421,0.0,0.0,0.0,0.0,0.0,0.0,0.0,0.0,0.0
224,4.0480563614942335,3.3299305555071435,0.0,0.0,3.3299305555071435,0.0,0.0,0.0,0.0,0.0,0.0,0.0,0.0,0.0
225,3.583129099798403,4.991381419440416,0.0,0.0,4.991381419440416,0.0,0.0,0.0,0.0,0.0,0.0,0.0,0.0,0.0
226,4.405767814223629,3.3614469516199756,0.0,0.0,3.3614469516199756,0.0,0.0,0.0,0.0,0.0,0.0,0.0,0.0,0.0
227,2.979496678914375,5.24987939056404,0.0,0.0,5.24987939056404,0.0,0.0,0.0,0.0,0.0,0.0,0.0,0.0,0.0
228,3.960416194840795,3.8612448911846706,0.0,0.0,3.8612448911846706,0.0,0.0,0.0,0.0,0.0,0.0,0.0,0.0,0.0
229,3.458289411551569,4.754403557433605,0.0,0.0,4.754403557433605,0.0,0.0,0.0,0.0,0.0,0.0,0.0,0.0,0.0
230,2.9983953427530468,5.76145920951526,0.0,0.0,5.76145920951526,0.0,0.0,0.0,0.0,0.0,0.0,0.0,0.0,0.0
231,2.415442915395314,5.357937418730062,0.0,0.0,5.357937418730062,0.0,0.0,0.0,0.0,0.0,0.0,0.0,0.0,0.0
232,2.131750910848502,6.428455703347737,0.0,0.0,6.428455703347737,0.0,0.0,0.0,0.0,0.0,0.0,0.0,0.0,0.0
233,2.065675905250054,5.75374452985944,0.0,0.0,5.75374452985944,0.0,0.0,0.0,0.0,0.0,0.0,0.0,0.0,0.0
234,1.8503428785982337,6.074017898549787,0.0,0.0,6.074017898549787,0.0,0.0,0.0,0.0,0.0,0.0,0.0,0.0,0.0
235,1.7474480607693534,6.7539838631557805,0.0,0.0,6.7539838631557805,0.0,0.0,0.0,0.0,0.0,0.0,0.0,0.0,0.0
236,1.1247947244809917,6.909071349368519,0.0,0.0,6.909071349368519,0.0,0.0,0.0,0.0,0.0,0.0,0.0,0.0,0.0
237,0.8665215684509207,7.899713809782218,0.0,0.0,7.899713809782218,0.0,0.0,0.0,0.0,0.0,0.0,0.0,0.0,0.0
238,0.703929106712635,7.227726012385549,0.0,0.0,7.227726012385549,0.0,0.0,0.0,0.0,0.0,0.0,0.0,0.0,0.0
239,0.33164119255269303,9.17541548655975,0.0,0.0,9.17541548655975,0.0,0.0,0.0,0.0,0.0,0.0,0.0,0.0,0.0
240,0.0,9.397332272977293,0.0,0.0,9.397332272977293,0.0,0.0,0.0,0.0,0.0,0.0,0.0,0.0,0.0
241,0.0,9.369715130712951,0.0,0.0,9.369715130712951,0.0,0.0,0.0,0.0,0.0,0.0,0.0,0.0,0.0
242,0.0,9.628261645493131,0.0,0.0,9.628261645493131,0.0,0.0,0.0,0.0,0.0,0.0,0.0,0.0,0.0
243,0.0,9.446513497004949,0.0,0.0,9.446513497004949,0.0,0.0,0.0,0.0,0.0,0.0,0.0,0.0,0.0
244,0.0,9.118163099959427,0.0,0.0,9.118163099959427,0.0,0.0,0.0,0.0,0.0,0.0,0.0,0.0,0.0
245,0.0,8.607161348139378,0.0,0.0,8.607161348139378,0.0,0.0,0.0,0.0,0.0,0.0,0.0,0.0,0.0
246,0.0,8.858926598953042,0.0,0.0,8.858926598953042,0.0,0.0,0.0,0.0,0.0,0.0,0.0,0.0,0.0
247,0.0,8.762696803804536,0.0,0.0,8.762696803804536,0.0,0.0,0.0,0.0,0.0,0.0,0.0,0.0,0.0
248,0.0,7.798940215029272,0.0,0.0,7.798940215029272,0.0,0.0,0.0,0.0,0.0,0.0,0.0,0.0,0.0
249,0.0,8.341601748629671,0.0,0.0,8.341601748629671,0.0,0.0,0.0,0.0,0.0,0.0,0.0,0.0,0.0
250,0.0,7.9593588117895635,0.0,0.0,7.9593588117895635,0.0,0.0,0.0,0.0,0.0,0.0,0.0,0.0,0.0
251,0.0,8.400439915106793,0.0,0.0,8.400439915106793,0.0,0.0,0.0,0.0,0.0,0.0,0.0,0.0,0.0
252,0.0,7.611726482982724,0.0,0.0,7.611726482982724,0.0,0.0,0.0,0.0,0.0,0.0,0.0,0.0,0.0
253,0.0,8.14190277280485,0.0,0.0,8.14190277280485,0.0,0.0,0.0,0.0,0.0,0.0,0.0,0.0,0.0
254,0.0,8.921055980086212,0.0,0.0,8.921055980086212,0.0,0.0,0.0,0.0,0.0,0.0,0.0,0.0,0.0
255,0.0,8.788441103202562,0.0,0.0,8.788441103202562,0.0,0.0,0.0,0.0,0.0,0.0,0.0,0.0,0.0
256,0.0,8.612685045933032,0.0,0.0,8.612685045933032,0.0,0.0,0.0,0.0,0.0,0.0,0.0,0.0,0.0
257,0.0,8.571677989445247,0.0,0.0,8.571677989445247,0.0,0.0,0.0,0.0,0.0,0.0,0.0,0.0,0.0
258,0.0,7.614512582348076,0.0,0.0,7.614512582348076,0.0,0.0,0.0,0.0,0.0,0.0,0.0,0.0,0.0
259,0.0,6.87606594302263,0.0,0.0,6.87606594302263,0.0,0.0,0.0,0.0,0.0,0.0,0.0,0.0,0.0
260,0.0,7.865181111415298,0.0,0.0,7.865181111415298,0.0,0.0,0.0,0.0,0.0,0.0,0.0,0.0,0.0
261,0.0,7.5493604135959185,0.0,0.0,7.5493604135959185,0.0,0.0,0.0,0.0,0.0,0.0,0.0,0.0,0.0
262,0.0,6.88376952574768,0.0,0.0,6.88376952574768,0.0,0.0,0.0,0.0,0.0,0.0,0.0,0.0,0.0
263,0.0,7.374942387374075,0.0,0.0,7.374942387374075,0.0,0.0,0.0,0.0,0.0,0.0,0.0,0.0,0.0
264,0.0,7.043114391801909,0.0,0.0,7.043114391801909,0.0,0.0,0.0,0.0,0.0,0.0,0.0,0.0,0.0
265,0.0,7.477005711208338,0.0,0.0,7.477005711208338,0.0,0.0,0.0,0.0,0.0,0.0,0.0,0.0,0.0
266,0.0,6.655814797671248,0.0,0.0,6.655814797671248,0.0,0.0,0.0,0.0,0.0,0.0,0.0,0.0,0.0
267,0.0,6.901386346774384,0.0,0.0,6.901386346774384,0.0,0.0,0.0,0.0,0.0,0.0,0.0,0.0,0.0
268,0.0,6.018766228583579,0.0,0.0,6.018766228583579,0.0,0.0,0.0,0.0,0.0,0.0,0.0,0.0,0.0
269,0.0,6.196298374644757,0.0,0.0,6.196298374644757,0.0,0.0,0.0,0.0,0.0,0.0,0.0,0.0,0.0
270,0.0,6.293009654178528,0.0,0.0,6.293009654178528,0.0,0.0,0.0,0.0,0.0,0.0,0.0,0.0,0.0
271,0.0,6.508407573133469,0.0,0.0,6.508407573133469,0.0,0.0,0.0,0.0,0.0,0.0,0.0,0.0,0.0
272,0.0,5.995012517511257,0.0,0.0,5.995012517511257,0.0,0.0,0.0,0.0,0.0,0.0,0.0,0.0,0.0
273,0.0,5.797270727725334,0.0,0.0,5.797270727725334,0.0,0.0,0.0,0.0,0.0,0.0,0.0,0.0,0.0
274,0.0,5.992019565166047,0.0,0.0,5.992019565166047,0.0,0.0,0.0,0.0,0.0,0.0,0.0,0.0,0.0
275,0.0,6.103839015150003,0.0,0.0,6.103839015150003,0.0,0.0,0.0,0.0,0.0,0.0,0.0,0.0,0.0
276,0.0,5.452704861886048,0.0,0.0,5.452704861886048,0.0,0.0,0.0,0.0,0.0,0.0,0.0,0.0,0.0
277,0.0,5.213079546102401,0.0,0.0,5.213079546102401,0.0,0.0,0.0,0.0,0.0,0.0,0.0,0.0,0.0
278,0.0,5.486552367108291,0.0,0.0,5.486552367108291,0.0,0.0,0.0,0.0,0.0,0.0,0.0,0.0,0.0
279,0.0,5.746639522213907,0.0,0.0,5.746639522213907,0.0,0.0,0.0,0.0,0.0,0.0,0.0,0.0,0.0
280,0.0,5.321169166410824,0.0,0.0,5.321169166410824,0.0,0.0,0.0,0.0,0.0,0.0,0.0,0.0,0.0
281,0.0,5.439090665798384,0.0,0.0,5.439090665798384,0.0,0.0,0.0,0.0,0.0,0.0,0.0,0.0,0.0
282,0.0,5.537760266905366,0.0,0.0,5.537760266905366,0.0,0.0,0.0,0.0,0.0,0.0,0.0,0.0,0.0
283,0.0,5.152046410272578,0.0,0.0,5.152046410272578,0.0,0.0,0.0,0.0,0.0,0.0,0.0,0.0,0.0
284,0.0,5.085918181178751,0.0,0.0,5.085918181178751,0.0,0.0,0.0,0.0,0.0,0.0,0.0,0.0,0.0
285,0.0,4.821143033692735,0.0,0.0,4.821143033692735,0.0,0.0,0.0,0.0,0.0,0.0,0.0,0.0,0.0
286,0.0,5.754695959400657,0.0,0.0,5.754695959400657,0.0,0.0,0.0,0.0,0.0,0.0,0.0,0.0,0.0
287,0.0,5.802001476218889,0.0,0.0,5.802001476218889,0.0,0.0,0.0,0.0,0.0,0.0,0.0,0.0,0.0
