,Unnamed: 0,thermal_load_baseline(kW),thermal_load_MPC(kW),TOU($/kWh),temp_amb,q_sol,elec_load(kW),cop,baseline(kW)
0,2024-02-17 00:00:00,8.461078445351944,5.57680957240925,0.0192,-1.933333333,0.0,0.535296883,2.15333333335,4.464590278643865
1,2024-02-17 00:15:00,9.648097871519113,5.57680957240925,0.0192,-1.955555556,0.0,0.368822351,2.1522222222,4.851676292381962
2,2024-02-17 00:30:00,10.37314256230003,6.532281256392495,0.0192,-2.077777778,0.0,0.286788956,2.1461111110999997,5.120249119664697
3,2024-02-17 00:45:00,10.929911229969804,6.909429580752267,0.0192,-2.022222222,0.0,0.265958191,2.1488888889,5.352266415882089
4,2024-02-17 01:00:00,11.423632169677628,6.900272907621615,0.0192,-2.211111111,0.0,0.245127426,2.13944444445,5.584659471018523
5,2024-02-17 01:15:00,2.200106026428486,2.990752719488849,0.0192,-2.566666667,0.0,0.234323091,2.12166666665,1.2712937240459241
6,2024-02-17 01:30:00,5.26945623569604,3.245108584442314,0.0192,-2.888888889,0.0,0.223518756,2.10555555555,2.7261628785007646
7,2024-02-17 01:45:00,6.129140468417599,3.2725720733107964,0.0192,-3.1,0.0,0.218497059,2.0949999999999998,3.144101101204105
8,2024-02-17 02:00:00,6.835675978856425,3.2892847059654358,0.0192,-3.288888889,0.0,0.222795905,2.08555555555,3.5004242379713215
9,2024-02-17 02:15:00,7.331777959547111,3.301217159544881,0.0192,-3.255555556,0.0,0.22709475,2.0872222222,3.73979113736367
10,2024-02-17 02:30:00,7.739954012539136,3.466189620817123,0.0192,-3.266666667,0.0,0.231393596,2.0866666666500002,3.9406367330292125
11,2024-02-17 02:45:00,8.355867681262923,3.481401604067622,0.0192,-3.266666667,0.0,0.241665829,2.0866666666500002,4.246075260947123
12,2024-02-17 03:00:00,8.786705834759923,3.491700144873495,0.0192,-3.444444444,0.0,0.24650023,2.0777777778,4.475396086256338
13,2024-02-17 03:15:00,9.241031595761564,3.5053446493806564,0.0192,-3.411111111,0.0,0.251334631,2.07944444445,4.69532524610189
14,2024-02-17 03:30:00,9.833624340377115,3.556251761942166,0.0192,-3.344444444,0.0,0.256169032,2.0827777778,4.977567754990117
15,2024-02-17 03:45:00,10.217546702847594,3.584438419880501,0.0192,-3.233333333,0.0,0.270220035,2.08833333335,5.162900020362833
16,2024-02-17 04:00:00,10.556929156164502,3.620470654205714,0.0192,-3.455555556,0.0,0.348676786,2.0772222222,5.4309106670642935
17,2024-02-17 04:15:00,11.322435929732892,5.383905592038952,0.0192,-3.988888889,0.0,0.427133537,2.05055555555,5.948776634690171
18,2024-02-17 04:30:00,56.92308128751325,26.016474927332688,0.0192,-4.222222222,0.0,0.505590287,2.0388888889,28.424267757562802
19,2024-02-17 04:45:00,52.19207360871308,13.465391129226548,0.0192,-4.311111111,0.0,0.619195049,2.03444444445,26.27340927494948
20,2024-02-17 05:00:00,54.23002092792861,16.074912709047872,0.0192,-4.444444444,0.0,0.607291235,2.0277777778,27.350863199164866
21,2024-02-17 05:15:00,57.066458871119,24.01156322809161,0.0192,-4.444444444,0.0,0.595387421,2.0277777778,28.737750699599594
22,2024-02-17 05:30:00,40.66317274449652,13.037134342642776,0.0192,-4.444444444,0.0,0.583483607,2.0277777778,20.636555097216885
23,2024-02-17 05:45:00,42.43672517287688,10.967379620948892,0.0192,-4.388888889,0.0,0.611629598,2.03055555555,21.510700818625825
24,2024-02-17 06:00:00,38.67944254321838,10.826692632791149,0.0192,-4.344444444,0.0,0.741313774,2.0327777778,19.769189307487828
25,2024-02-17 06:15:00,37.47784659659869,10.419567575285452,0.0192,-4.677777778,0.0,0.870997951,2.0161111111,19.460175100145612
26,2024-02-17 06:30:00,36.75362232617228,10.340606959665577,0.0192,-4.677777778,0.0,1.000682127,2.0161111111,19.23064084495941
27,2024-02-17 06:45:00,36.1550047768428,10.184584682124775,0.0192,-4.588888889,0.0,1.216291078,2.02055555555,19.10988706328897
28,2024-02-17 07:00:00,35.665651621039,10.030788681984124,0.0192,-4.777777778,0.0,1.374275576,2.0111111111,19.108577487111845
29,2024-02-17 07:15:00,33.57716754781711,9.586988189608435,0.0192,-4.8,10.6,1.532260074,2.01,18.23731855550105
30,2024-02-17 07:30:00,31.77115656353131,9.284911697523665,0.0192,-4.822222222,17.4,1.690244572,2.0088888889,17.505532684289836
31,2024-02-17 07:45:00,29.6274751157922,8.904392135833719,0.0192,-4.666666667,39.8,1.923016449,2.01666666665,16.614326423894408
32,2024-02-17 08:00:00,27.943551785639293,8.530431063801576,0.2583,-4.877777778,52.0,2.236746465,2.0061111111,16.165960869439022
33,2024-02-17 08:15:00,26.13073468411024,8.519558370203697,0.2583,-4.766666667,85.6,2.55047648,2.01166666665,15.540071186376172
34,2024-02-17 08:30:00,24.40491434556331,8.778402821946807,0.2583,-4.566666667,98.0,2.864206496,2.02166666665,14.935887128694727
35,2024-02-17 08:45:00,23.29935917072333,9.587758862232944,0.2583,-4.433333333,90.8,2.996458111,2.02833333335,14.483405935419992
36,2024-02-17 09:00:00,21.70376872449088,10.716790442473211,0.2583,-4.155555556,104.8,3.005221088,2.0422222222,13.632746578889197
37,2024-02-17 09:15:00,20.608513628952807,9.409704152581847,0.2583,-4.588888889,138.0,3.013984064,2.02055555555,13.2134134102241
38,2024-02-17 09:30:00,19.26822502143832,8.058902142246845,0.2583,-4.711111111,178.8,3.02274704,2.01444444445,12.587778766004778
39,2024-02-17 09:45:00,18.32255955762708,7.156535523795962,0.2583,-4.311111111,133.2,3.085712435,2.03444444445,12.091885893120885
40,2024-02-17 10:00:00,17.44505669351454,6.911796839491519,0.2583,-4.422222222,266.8,3.169367726,2.0288888889,11.76769796919666
41,2024-02-17 10:15:00,16.67690398295439,6.632572118149158,0.2583,-4.277777778,340.4,3.274094652,2.0361111111,11.464661410385188
42,2024-02-17 10:30:00,15.829611355495196,6.330617455889531,0.2583,-3.877777778,195.2,3.378821578,2.0561111111,11.077632829025488
43,2024-02-17 10:45:00,15.261116323718497,6.286068334486701,0.2583,-3.733333333,303.4,3.381502827,2.06333333335,10.777843533104308
44,2024-02-17 11:00:00,14.774297233676394,6.245502086402803,0.2583,-3.966666667,345.6,3.397093691,2.05166666665,10.598213382533588
45,2024-02-17 11:15:00,15.047089609048337,6.206394604891434,0.2583,-3.955555556,257.4,3.423980467,2.0522222222,10.756076107655193
46,2024-02-17 11:30:00,15.442906464762071,6.307954465060542,0.2583,-4.022222222,376.4,3.450867244,2.0488888889,10.988077557563173
47,2024-02-17 11:45:00,16.07499905507476,6.306058934030888,0.2583,-4.422222222,52.8,3.477296609,2.0288888889,11.400352003024125
48,2024-02-17 12:00:00,16.958621117375326,6.304830291565061,0.2583,-5.488888889,112.6,3.483387523,1.97555555555,12.06761643508139
49,2024-02-17 12:15:00,17.19332634208149,6.303303544775657,0.2583,-5.344444444,318.2,3.471682291,1.9827777778,12.143015273740216
50,2024-02-17 12:30:00,17.454901801027102,6.844534837777019,0.2583,-5.555555556,241.8,3.459977059,1.9722222221999999,12.31034980328248
51,2024-02-17 12:45:00,17.905488537507654,6.953784206490888,0.2583,-5.5,305.4,3.408493968,1.9749999999999999,12.474564113573496
52,2024-02-17 13:00:00,18.41520256829567,7.057543085625239,0.2583,-5.511111111,226.2,3.36147023,1.97444444445,12.688246995008143
53,2024-02-17 13:15:00,18.576978248287165,7.203694867008366,0.2583,-4.811111111,406.2,3.318348428,2.00944444445,12.563181396433633
54,2024-02-17 13:30:00,18.763804790646493,7.021925072390698,0.2583,-4.644444444,292.6,3.275226625,2.0177777778,12.574469087222388
55,2024-02-17 13:45:00,19.15943866165257,7.162403859596624,0.2583,-4.477777778,258.6,3.234413183,2.0261111111,12.690675752554085
56,2024-02-17 14:00:00,19.34632775157188,7.341853197028723,0.2583,-3.833333333,362.0,3.217436326,2.0583333333500002,12.616461954217923
57,2024-02-17 14:15:00,19.698607949869466,7.750018021220036,0.2583,-3.511111111,623.8,3.221316482,2.07444444445,12.717163913620269
58,2024-02-17 14:30:00,20.17140364299343,6.991183311501231,0.2583,-3.822222222,135.6,3.225196638,2.0588888889,13.022424527150628
59,2024-02-17 14:45:00,20.354313888951808,6.993498464978391,0.2583,-4.333333333,169.4,3.315654686,2.03333333335,13.325972991959821
60,2024-02-17 15:00:00,20.75393910070988,6.994390752557544,0.2583,-4.244444444,254.4,3.375872544,2.0377777778,13.560466431914502
61,2024-02-17 15:15:00,21.430383211976345,7.182765995436967,0.2583,-4.111111111,179.0,3.409630235,2.04444444445,13.891882893003425
62,2024-02-17 15:30:00,22.114219307242735,7.7022976361585185,0.2583,-4.211111111,180.4,3.443387927,2.03944444445,14.286644465525876
63,2024-02-17 15:45:00,22.639951753291516,8.052695791891686,0.2583,-3.933333333,352.4,3.515863378,2.05333333335,14.54181390711092
64,2024-02-17 16:00:00,22.910027076535044,8.403710510850237,0.2583,-3.888888889,118.2,3.608945717,2.05555555555,14.754364294803928
65,2024-02-17 16:15:00,23.393852468966585,8.160162166068057,0.2583,-4.433333333,67.2,3.720059081,2.02833333335,15.253593576698124
66,2024-02-17 16:30:00,23.81235393902237,9.013059154873034,0.2583,-5.655555556,195.4,3.831172446,1.9672222222,15.935729658856381
67,2024-02-17 16:45:00,24.6984306987014,9.412098899079805,0.2583,-5.388888889,67.0,3.85309899,1.9805555555499998,16.32355488278744
68,2024-02-17 17:00:00,25.46794009101183,9.745038205810156,0.2583,-5.011111111,33.2,3.864977239,1.9994444444500001,16.602485481204475
69,2024-02-17 17:15:00,24.17657540943257,9.760203557865356,0.2583,-5.1,33.0,3.868063228,1.9949999999999999,15.98664739312911
70,2024-02-17 17:30:00,23.0080025543166,9.689804124903976,0.2583,-5.5,4.2,3.871149217,1.9749999999999999,15.52077076348942
71,2024-02-17 17:45:00,22.200329665616582,9.558461345471102,0.2583,-5.344444444,0.0,3.870866229,1.9827777778,15.067446054626783
72,2024-02-17 18:00:00,21.12888691822813,9.42711493887659,0.2583,-5.177777778,0.0,3.871517437,1.9911111111,14.483123590187184
73,2024-02-17 18:15:00,20.666271219422075,9.296712782031593,0.2583,-5.133333333,0.0,3.820351452,1.99333333335,14.188046043596628
74,2024-02-17 18:30:00,20.29699401288129,9.197471752529031,0.2583,-5.122222222,0.0,3.770002889,1.9938888889,13.949604232823553
75,2024-02-17 18:45:00,19.989848194769145,9.28328444299406,0.2583,-5.233333333,0.0,3.712827551,1.98833333335,13.766397472844888
76,2024-02-17 19:00:00,19.731892272367624,9.404106345615626,0.2583,-5.4,0.0,3.655652213,1.98,13.621254370761426
77,2024-02-17 19:15:00,19.91307894019201,9.531364614890633,0.2583,-5.411111111,0.0,3.604880181,1.97944444445,13.66481340924727
78,2024-02-17 19:30:00,20.114270297201408,9.970578758445884,0.2583,-5.644444444,0.0,3.554108148,1.9677777777999998,13.775928174694993
79,2024-02-17 19:45:00,20.351927127223444,10.15919930901019,0.2583,-5.833333333,0.0,3.496415835,1.95833333335,13.888889261578845
80,2024-02-17 20:00:00,20.60992181875604,10.3403972361773,0.2583,-6.077777778,0.0,3.438723521,1.9461111111,14.029034475602534
81,2024-02-17 20:15:00,21.67714653633869,10.52304350374393,0.2583,-6.211111111,0.0,3.408288158,1.9394444444499999,14.585275773381802
82,2024-02-17 20:30:00,22.780946689812577,10.954362149013516,0.2583,-6.2,0.0,3.377852796,1.94,15.120608821676587
83,2024-02-17 20:45:00,-15.568141776339402,-2.9147567519971562e-09,0.2583,-6.166666667,0.0,3.243086281,1.94166666665,11.261013376179246
84,2024-02-17 21:00:00,-9.524639972860184,0.0044668042614119,0.2583,-6.222222222,0.0,3.108319766,1.9388888889,8.020741528478535
85,2024-02-17 21:15:00,-5.1544795361423725,0.0545738266179599,0.2583,-6.333333333,0.0,2.932433937,1.93333333335,5.5985440418782435
86,2024-02-17 21:30:00,-2.688896685705558,1.2910714100268332,0.2583,-6.455555556,0.0,2.756548109,1.9272222222,4.151766913936815
87,2024-02-17 21:45:00,5.354195305281989,3.584943062658698,0.2583,-6.5,0.0,2.434262966,1.925,5.215663124588046
88,2024-02-17 22:00:00,7.254843133385521,3.692283327592388,0.0192,-6.444444444,0.0,2.111977824,1.9277777778,5.875297028594641
89,2024-02-17 22:15:00,9.735933077683857,3.886707834151701,0.0192,-6.488888889,0.0,1.830268495,1.92555555555,6.886436856189125
90,2024-02-17 22:30:00,11.92213018967917,4.5611910068032415,0.0192,-6.566666667,0.0,1.548559166,1.92166666665,7.7526165067368105
91,2024-02-17 22:45:00,14.081243150829655,6.822675504955804,0.0192,-6.611111111,0.0,1.322066448,1.91944444445,8.658169970842263
92,2024-02-17 23:00:00,16.194272280432703,8.16775194475052,0.0192,-6.211111111,0.0,1.09557373,1.9394444444499999,9.445527927850291
93,2024-02-17 23:15:00,17.052644446303432,9.31801817895897,0.0192,-5.944444444,0.0,0.871552037,1.9527777778,9.604058438990577
94,2024-02-17 23:30:00,17.835895625591252,9.263601332299706,0.0192,-5.888888889,0.0,0.647530343,1.95555555555,9.76815878793053
95,2024-02-17 23:45:00,18.273466825760945,9.452321488261903,0.0192,-5.955555556,0.0,0.549193045,1.9522222221999999,9.909534617778633
96,2024-02-18 00:00:00,18.67058875631819,9.64367357652674,0.0192,-5.777777778,0.0,0.450855747,1.9611111111,9.971269277187861
97,2024-02-18 00:15:00,19.04238891169101,9.83514609877609,0.0192,-5.677777778,0.0,0.380707447,1.9661111111,10.06601404243304
98,2024-02-18 00:30:00,19.469577182209807,9.283034201056385,0.0192,-5.766666667,0.0,0.325186514,1.96166666665,10.250204618864176
99,2024-02-18 00:45:00,19.907285330830035,9.380155320742752,0.0192,-6.188888889,0.0,0.242128943,1.9405555555499998,10.500678497994748
100,2024-02-18 01:00:00,20.31758315745993,9.570296748420782,0.0192,-6.122222222,0.0,0.225833797,1.9438888889,10.67786285765128
101,2024-02-18 01:15:00,9.509414637211446,4.217165003741815,0.0192,-6.3,0.0,0.216729036,1.9349999999999998,5.131155205101523
102,2024-02-18 01:30:00,12.898294381898571,4.3934509700726965,0.0192,-6.355555556,0.0,0.207624275,1.9322222222,6.882992270308925
103,2024-02-18 01:45:00,13.82056181400664,4.424975619097279,0.0192,-6.444444444,0.0,0.203783794,1.9277777778,7.372951305505817
104,2024-02-18 02:00:00,14.389135843808305,4.45864858964968,0.0192,-6.566666667,0.0,0.211265267,1.92166666665,7.699106989775248
105,2024-02-18 02:15:00,15.14374516708282,4.492125442171417,0.0192,-6.544444444,0.0,0.218746739,1.9227777778,8.094719377091314
106,2024-02-18 02:30:00,15.660110154699224,4.475893420423887,0.0192,-6.377777778,0.0,0.226228212,1.9311111111,8.335606312869043
107,2024-02-18 02:45:00,16.112932627405346,4.48921563482043,0.0192,-5.944444444,0.0,0.237012332,1.9527777778,8.488300732853364
108,2024-02-18 03:00:00,16.482069035135886,4.499028473048429,0.0192,-5.644444444,0.0,0.272703117,1.9677777777999998,8.64868399303319
109,2024-02-18 03:15:00,16.992718157900665,4.507193655421458,0.0192,-5.366666667,0.0,0.308393902,1.98166666665,8.88335680765698
110,2024-02-18 03:30:00,17.66588283399775,4.187826222479432,0.0192,-5.222222222,0.0,0.344084686,1.9888888889,9.226372144385001
111,2024-02-18 03:45:00,18.268707404577626,4.196068570069292,0.0192,-5.166666667,0.0,0.384955293,1.9916666666499998,9.557528048513223
112,2024-02-18 04:00:00,18.81428523728181,4.208924447781528,0.0192,-5.022222222,0.0,0.492534583,1.9988888889,9.90490629698527
113,2024-02-18 04:15:00,19.123995973005044,4.182525935477513,0.0192,-5.266666667,0.0,0.600113873,1.98666666665,10.226286342714168
114,2024-02-18 04:30:00,19.43538489621341,4.304856924113235,0.0192,-5.5,0.0,0.707693163,1.9749999999999999,10.548394376272613
115,2024-02-18 04:45:00,19.732983161861224,4.755538848893885,0.0192,-5.7,0.0,0.817118167,1.965,10.859348783723268
116,2024-02-18 05:00:00,19.385732312363704,7.319640070555274,0.0192,-5.811111111,0.0,0.851170619,1.95944444445,10.744654645695698
117,2024-02-18 05:15:00,29.668002485919043,15.451960584028164,0.0192,-5.511111111,0.0,0.885223071,1.97444444445,15.911223204512668
118,2024-02-18 05:30:00,21.14756074494304,5.35535499132213,0.0192,-5.055555556,0.0,0.919275522,1.9972222221999998,11.507762125983591
119,2024-02-18 05:45:00,21.506448819268535,3.683099369354349,0.0192,-4.9,0.0,0.958837946,2.005,11.685246334662612
120,2024-02-18 06:00:00,19.298923847699413,3.700238818548544,0.0192,-4.9,0.0,1.198289713,2.005,10.823688140780256
121,2024-02-18 06:15:00,18.697743666496503,6.236609626128396,0.0192,-5.144444444,0.0,1.43774148,1.9927777778,10.820495480367548
122,2024-02-18 06:30:00,64.35736755143876,25.463103596723677,0.0192,-5.322222222,0.0,1.677193246,1.9838888889,34.117199292469046
123,2024-02-18 06:45:00,59.15272211653908,11.497061354433296,0.0192,-5.388888889,0.0,1.92950912,1.9805555555499998,31.79624118453549
124,2024-02-18 07:00:00,59.865883466514845,11.657731853778612,0.0192,-5.377777778,2.8,2.075921364,1.9811111111,32.29425850374512
125,2024-02-18 07:15:00,50.50506206747795,11.79554791168916,0.0192,-5.388888889,16.8,2.222333607,1.9805555555499998,27.722785702852825
126,2024-02-18 07:30:00,46.73353128989245,12.248903505198909,0.0192,-5.111111111,33.4,2.368745851,1.99444444445,25.80059997957161
127,2024-02-18 07:45:00,43.42589526046171,12.954418325117778,0.0192,-5.1,52.0,2.518449941,1.9949999999999999,24.285815986344215
128,2024-02-18 08:00:00,40.38468191132587,13.424663080350124,0.2583,-4.966666667,60.2,2.701755858,2.0016666666500003,22.87728387381788
129,2024-02-18 08:15:00,38.51391349908884,13.895230956625287,0.2583,-4.811111111,92.4,2.885061776,2.00944444445,22.051510296367223
130,2024-02-18 08:30:00,36.469083960420434,14.029430256774203,0.2583,-4.755555556,80.8,3.068367693,2.0122222222,21.192153206385345
131,2024-02-18 08:45:00,34.90506945674581,13.841666793190004,0.2583,-4.611111111,82.6,3.25094726,2.01944444445,20.53543832519109
132,2024-02-18 09:00:00,33.99372890528969,13.667150667672074,0.2583,-4.966666667,73.4,3.308717685,2.0016666666500003,20.29142987762585
133,2024-02-18 09:15:00,32.80616541653157,13.397670836488674,0.2583,-4.833333333,105.4,3.36648811,2.00833333335,19.7015082342785
134,2024-02-18 09:30:00,31.65900368910542,13.132609760711109,0.2583,-4.733333333,125.0,3.424258535,2.01333333335,19.148929241379143
135,2024-02-18 09:45:00,30.62980751931027,12.867437973681923,0.2583,-4.733333333,115.8,3.47420946,2.01333333335,18.68769001582287
136,2024-02-18 10:00:00,29.515979797515545,12.602098887671444,0.2583,-4.544444444,124.0,3.524160385,2.0227777778,18.115965832663914
137,2024-02-18 10:15:00,28.386362623904656,12.243021391801127,0.2583,-4.444444444,131.4,3.57411131,2.0277777778,17.572865480539296
138,2024-02-18 10:30:00,27.191725902038744,11.38252711016939,0.2583,-4.133333333,135.8,3.573023714,2.04333333335,16.880556781773386
139,2024-02-18 10:45:00,26.01080272222053,10.609946290445633,0.2583,-4.144444444,144.4,3.519511631,2.0427777778,16.252567083675448
140,2024-02-18 11:00:00,24.871252952731503,9.703876002434404,0.2583,-3.855555556,178.6,3.465999547,2.0572222222,15.555725530094868
141,2024-02-18 11:15:00,23.493840621694183,9.542362004278802,0.2583,-3.811111111,168.2,3.412487463,2.05944444445,14.82034101545089
142,2024-02-18 11:30:00,22.36700003879452,9.08669001081623,0.2583,-3.933333333,178.2,3.383003666,2.05333333335,14.2760231653245
143,2024-02-18 11:45:00,21.482820114609908,8.801288853451581,0.2583,-3.633333333,169.4,3.374346374,2.06833333335,13.760883093308685
144,2024-02-18 12:00:00,20.89021462534809,8.582742072756455,0.2583,-3.388888889,195.4,3.365689082,2.08055555555,13.406379689670752
145,2024-02-18 12:15:00,20.23650404049111,8.50163265495916,0.2583,-3.255555556,208.6,3.35703179,2.0872222222,13.052455605084328
146,2024-02-18 12:30:00,19.86754687050414,8.207989507384202,0.2583,-3.044444444,192.4,3.324771588,2.0977777778,12.79553015964423
147,2024-02-18 12:45:00,19.723311153376976,8.198749022097987,0.2583,-2.833333333,166.0,3.274170479,2.10833333335,12.629100670251097
148,2024-02-18 13:00:00,19.65297866010988,8.264294598588162,0.2583,-2.733333333,146.2,3.223569369,2.11333333335,12.523086085066982
149,2024-02-18 13:15:00,19.611796894869563,8.390519237500454,0.2583,-2.611111111,151.0,3.17296826,2.11944444445,12.42624071364946
150,2024-02-18 13:30:00,19.28924458175667,8.386796430092048,0.2583,-2.333333333,163.4,3.171270225,2.13333333335,12.2131036226278
151,2024-02-18 13:45:00,19.23082381343215,8.580112266617691,0.2583,-2.144444444,134.2,3.214668223,2.1427777778,12.18938506609538
152,2024-02-18 14:00:00,18.985300463017964,8.691281453462713,0.2583,-2.133333333,119.2,3.258066221,2.14333333335,12.115904695123016
153,2024-02-18 14:15:00,18.62282702327462,8.969115398210251,0.2583,-1.966666667,129.4,3.301464219,2.15166666665,11.956534872796531
154,2024-02-18 14:30:00,18.1117801466639,9.520910990476256,0.2583,-1.744444444,115.4,3.378004978,2.1627777778,11.752318942464434
155,2024-02-18 14:45:00,17.25717260091511,9.634101563072926,0.2583,-1.655555556,109.0,3.485969567,2.1672222222,11.448776714389313
156,2024-02-18 15:00:00,16.315852412489587,9.412793253959764,0.2583,-1.488888889,81.0,3.593934156,2.17555555555,11.093559881882598
157,2024-02-18 15:15:00,16.40356568740256,9.198133929234324,0.2583,-1.3,49.6,3.701898744,2.185,11.209251461346708
158,2024-02-18 15:30:00,16.55591969710177,8.563225077711405,0.2583,-1.311111111,69.0,3.755226872,2.18444444445,11.334233854377263
159,2024-02-18 15:45:00,17.458117374691437,8.419462841792837,0.2583,-1.177777778,50.6,3.757323077,2.1911111111,11.725023704435076
160,2024-02-18 16:00:00,18.37311771501435,8.58723808428138,0.2583,-1.188888889,38.0,3.759419281,2.19055555555,12.146843041362592
161,2024-02-18 16:15:00,20.02642387410092,8.788211143477287,0.2583,-1.388888889,30.8,3.761515486,2.18055555555,12.94560796331809
162,2024-02-18 16:30:00,21.703393322658208,9.02915289858207,0.2583,-1.544444444,38.2,3.760284333,2.1727777778,13.749061622794228
163,2024-02-18 16:45:00,23.37472196321172,9.100530281146844,0.2583,-1.422222222,28.0,3.751298954,2.1788888889,14.47911627515414
164,2024-02-18 17:00:00,25.19474701833931,9.15116485468478,0.2583,-1.322222222,17.4,3.725193575,2.1838888889,15.261836829332239
165,2024-02-18 17:15:00,25.101404140811507,9.190074352380831,0.2583,-1.4,8.2,3.684108196,2.18,15.19851376517959
166,2024-02-18 17:30:00,25.267491113500064,9.19384766549858,0.2583,-1.477777778,0.0,3.643022817,2.1761111111,15.254328409170625
167,2024-02-18 17:45:00,25.19221316366265,9.19583169670216,0.2583,-1.477777778,0.0,3.59865218,2.1761111111,15.175364892490249
168,2024-02-18 18:00:00,25.00884754719403,9.193706004802964,0.2583,-1.366666667,0.0,3.558453017,2.18166666665,15.02163753069828
169,2024-02-18 18:15:00,25.09292912916301,9.169787238220245,0.2583,-1.311111111,0.0,3.461206968,2.18444444445,14.94830575548183
170,2024-02-18 18:30:00,24.976395382799627,9.18857852837224,0.2583,-1.2,0.0,3.36761096,2.19,14.772357710136816
171,2024-02-18 18:45:00,-13.005274755511332,-5.061849434240404e-09,0.2583,-1.1,0.0,3.26730448,2.195,9.192258810529081
172,2024-02-18 19:00:00,-8.854700130776298,-4.354300407562825e-09,0.2583,-1.022222222,0.0,3.166998,2.1988888889,7.193895482394341
173,2024-02-18 19:15:00,-4.176297719416815,-2.839315850417736e-09,0.2583,-0.8,0.0,3.079060967,2.21,4.968788441849238
174,2024-02-18 19:30:00,-1.634770517439,-1.0717196049585084e-08,0.2583,-0.722222222,0.0,2.999683933,2.2138888889,3.738099725064098
175,2024-02-18 19:45:00,0.2153776754642404,-2.2738245012830743e-08,0.2583,-0.688888889,0.0,2.930621001,2.21555555555,3.0278325897253273
176,2024-02-18 20:00:00,2.257097129352763,3.1020453585564224e-08,0.2583,-0.611111111,0.0,2.869048069,2.21944444445,3.8860129833491373
177,2024-02-18 20:15:00,3.911757665927264,0.0001128547526214,0.2583,-0.522222222,0.0,2.694211071,2.2238888889,4.453182791867823
178,2024-02-18 20:30:00,5.356009748320492,0.0003765220068758,0.2583,-0.522222222,0.0,2.519374073,2.2238888889,4.927772161166055
179,2024-02-18 20:45:00,6.820834157049424,0.0011158334336973,0.2583,-0.444444444,0.0,2.33761931,2.2277777778,5.3993403779716935
180,2024-02-18 21:00:00,7.985668507621114,0.0021569097841282,0.2583,-0.455555556,0.0,2.155864547,2.2272222222,5.7413480376114805
181,2024-02-18 21:15:00,9.612451410113843,0.0038124580357673,0.2583,-0.511111111,0.0,1.950225136,2.22444444445,6.271506988687739
182,2024-02-18 21:30:00,11.113358107726816,0.0069386013719609,0.2583,-0.555555556,0.0,1.744585726,2.2222222222,6.745596874527077
183,2024-02-18 21:45:00,17.221150507180973,0.0172805760711311,0.2583,-0.5,0.0,1.529337957,2.225,9.269180881575718
184,2024-02-18 22:00:00,18.70982931726175,0.0294843957688835,0.0192,-0.477777778,0.0,1.314090188,2.2261111111,9.718805129661904
185,2024-02-18 22:15:00,19.277603079626328,0.0420542045867489,0.0192,-0.4,0.0,1.174142484,2.23,9.818807542128399
186,2024-02-18 22:30:00,19.83379149428067,0.1165134223733039,0.0192,-0.333333333,0.0,1.03419478,2.23333333335,9.914996941551935
187,2024-02-18 22:45:00,20.38723817353976,0.2226752669556007,0.0192,-0.711111111,0.0,0.882302358,2.2144444444499998,10.088782215571378
188,2024-02-18 23:00:00,20.91987104110525,0.3476210833764344,0.0192,-0.477777778,0.0,0.730409937,2.2261111111,10.12790628693197
189,2024-02-18 23:15:00,22.11535223588593,0.6200095082058497,0.0192,-0.277777778,0.0,0.654558871,2.2361111111,10.544654280886329
190,2024-02-18 23:30:00,23.300064197914345,1.126282444607238,0.0192,-0.3,0.0,0.578707805,2.235,11.00379245731067
191,2024-02-18 23:45:00,24.44756675711738,1.6718707810494169,0.0192,-0.5,0.0,0.507468092,2.225,11.495138544637024
192,2024-02-19 00:00:00,25.57184164839989,2.241587341771174,0.0192,-0.288888889,0.0,0.436228379,2.23555555555,11.874924941433942
193,2024-02-19 00:15:00,24.38965521467564,2.693622129208585,0.0192,-0.266666667,0.0,0.440185847,2.2366666666499997,11.344651665863212
194,2024-02-19 00:30:00,23.3760386772804,3.647629309988345,0.0192,-0.922222222,0.0,0.349278037,2.2038888889,10.956000905387342
195,2024-02-19 00:45:00,22.538024279877195,4.232415588330179,0.0192,-1.544444444,0.0,0.254345409,2.1727777778,10.627253540772958
196,2024-02-19 01:00:00,21.6057077607322,4.480982554166944,0.0192,-1.744444444,0.0,0.23363323,2.1627777778,10.223428752455272
197,2024-02-19 01:15:00,12.002404237115137,1.2910036559211695,0.0192,-1.833333333,0.0,0.220111436,2.15833333335,5.781070928056735
198,2024-02-19 01:30:00,15.1236305581651,2.899553809220009,0.0192,-1.911111111,0.0,0.206589642,2.15444444445,7.226325331692363
199,2024-02-19 01:45:00,16.3274305920672,2.932009874527309,0.0192,-1.933333333,0.0,0.200649245,2.15333333335,7.783047352712457
200,2024-02-19 02:00:00,17.15967670326808,2.999032794295245,0.0192,-1.722222222,0.0,0.213222357,2.1638888889,8.143239832153773
201,2024-02-19 02:15:00,19.502368762700208,3.010945476404276,0.0192,-1.966666667,0.0,0.22579547,2.15166666665,9.289638427173324
202,2024-02-19 02:30:00,21.739422653208077,3.2063744654066104,0.0192,-2.555555556,0.0,0.238368582,2.1222222222,10.482075591472325
203,2024-02-19 02:45:00,24.04612548333204,3.222034690463842,0.0192,-3.011111111,0.0,0.256951791,2.09944444445,11.710517779325786
204,2024-02-19 03:00:00,26.405501218595266,3.231211423752088,0.0192,-3.288888889,0.0,0.257572012,2.08555555555,12.918707385894004
205,2024-02-19 03:15:00,27.31037773864673,3.245887041054846,0.0192,-3.422222222,0.0,0.258192233,2.0788888889,13.395199162262795
206,2024-02-19 03:30:00,28.204795479160783,3.587815174720741,0.0192,-3.533333333,0.0,0.258812454,2.07333333335,13.862411559595204
207,2024-02-19 03:45:00,29.09433754576688,3.605263259529252,0.0192,-3.811111111,0.0,0.267437868,2.05944444445,14.394712640656895
208,2024-02-19 04:00:00,29.92590016140206,3.62032853381146,0.0192,-4.133333333,0.0,0.329594046,2.04333333335,14.975222183597698
209,2024-02-19 04:15:00,29.623742191938923,5.536104685016784,0.0192,-4.233333333,0.0,0.391750225,2.0383333333499998,14.925066099912527
210,2024-02-19 04:30:00,77.23949685862563,25.82908883543808,0.0192,-4.711111111,0.0,0.453906404,2.01444444445,38.796734408727716
211,2024-02-19 04:45:00,75.50063804401908,13.492369315799904,0.0192,-5.122222222,0.0,0.549191579,1.9938888889,38.41521233087435
212,2024-02-19 05:00:00,72.75787438631026,15.935667026763085,0.0192,-5.433333333,0.0,0.560550863,1.97833333335,37.33790944043756
213,2024-02-19 05:15:00,75.39751549782348,23.472066340607256,0.0192,-5.588888889,0.0,0.571910146,1.97055555555,38.83397044948601
214,2024-02-19 05:30:00,55.90954441547511,14.658201850658166,0.0192,-5.788888889,0.0,0.58326943,1.96055555555,29.10046408801654
215,2024-02-19 05:45:00,56.93188923465184,13.201127142052153,0.0192,-5.955555556,0.0,0.631227839,1.9522222221999999,29.79383473243763
216,2024-02-19 06:00:00,52.29538077999708,11.735594251369516,0.0192,-6.166666667,0.0,0.767304056,1.94166666665,27.700547376401357
217,2024-02-19 06:15:00,50.31963331510386,11.594512026797496,0.0192,-6.277777778,0.0,0.903380273,1.9361111111,26.893434783102364
218,2024-02-19 06:30:00,48.718228000985455,11.999063202160038,0.0192,-6.477777778,0.0,1.039456491,1.9261111111,26.33302741753005
219,2024-02-19 06:45:00,47.16367055449047,11.830984592158003,0.0192,-6.688888889,0.0,1.260172656,1.91555555555,25.881578397974785
220,2024-02-19 07:00:00,45.48002394538638,11.656875524128536,0.0192,-6.944444444,2.8,1.419345342,1.9027777778000001,25.321255736376468
221,2024-02-19 07:15:00,43.33895406512167,11.14261883273011,0.0192,-6.944444444,12.0,1.578518027,1.9027777778000001,24.35519461570305
222,2024-02-19 07:30:00,41.4280584831812,10.95343715660126,0.0192,-6.944444444,20.0,1.737690713,1.9027777778000001,23.51010101047599
223,2024-02-19 07:45:00,39.30625559648576,10.436853321699177,0.0192,-6.9,54.8,1.970769754,1.905,22.603974791525335
224,2024-02-19 08:00:00,37.886332349149946,9.917086001418696,0.2583,-6.733333333,94.8,2.26939607,1.91333333335,22.070615067641075
225,2024-02-19 08:15:00,35.84771659432476,10.713086751874426,0.2583,-6.411111111,140.6,2.568022386,1.9294444444499999,21.14731690647186
226,2024-02-19 08:30:00,33.74786191572306,11.20911954637928,0.2583,-6.377777778,191.6,2.866648702,1.9311111111,20.34252656409753
227,2024-02-19 08:45:00,32.26350820054174,11.93608401045814,0.2583,-6.377777778,238.4,2.982291534,1.9311111111,19.689516724250083
228,2024-02-19 09:00:00,30.421926264186943,12.662987919165388,0.2583,-6.111111111,280.0,3.024911724,1.94444444445,18.67047380268001
229,2024-02-19 09:15:00,28.83696469117016,11.699971062241284,0.2583,-5.688888889,319.4,3.067531915,1.96555555555,17.738684103878747
230,2024-02-19 09:30:00,27.27919711190661,10.099517986301729,0.2583,-5.466666667,357.6,3.110152106,1.9766666666500001,16.910757727654275
231,2024-02-19 09:45:00,25.55771648790809,9.17325633615161,0.2583,-5.433333333,392.0,3.209581079,1.97833333335,16.12839311995675
232,2024-02-19 10:00:00,23.89553690867777,8.308914478060752,0.2583,-5.388888889,425.4,3.309010052,1.9805555555499998,15.374077775910417
233,2024-02-19 10:15:00,23.755555084632785,8.182149544014058,0.2583,-5.288888889,455.0,3.408439026,1.98555555555,15.372624575093077
234,2024-02-19 10:30:00,23.695240436191344,7.746441984377808,0.2583,-5.088888889,483.6,3.518494469,1.99555555555,15.392501369128942
235,2024-02-19 10:45:00,24.118876444394928,7.507157127850275,0.2583,-5.044444444,506.2,3.516647645,1.9977777777999999,15.589500147621791
236,2024-02-19 11:00:00,24.618385856770807,7.223760271406349,0.2583,-4.8,538.6,3.51480082,2.01,15.762753982572542
237,2024-02-19 11:15:00,23.322432406382557,6.962507564290889,0.2583,-4.233333333,570.0,3.512953996,2.0383333333499998,14.954866869029532
238,2024-02-19 11:30:00,22.021588741766827,6.5090087325773744,0.2583,-4.5,268.2,3.536362745,2.025,14.411221382909545
239,2024-02-19 11:45:00,21.22356148582828,6.294473779047469,0.2583,-4.644444444,281.6,3.582415722,2.0177777778,14.100700599221964
240,2024-02-19 12:00:00,20.43596624452716,6.216365655678706,0.2583,-4.7,241.2,3.6284687,2.015,13.770387431775266
241,2024-02-19 12:15:00,21.196473564844982,6.261149643636698,0.2583,-4.722222222,243.0,3.674521677,2.0138888889,14.199667171209784
242,2024-02-19 12:30:00,22.191686612806187,6.314427411997234,0.2583,-4.2,792.4,3.68732757,2.04,14.565605321375582
243,2024-02-19 12:45:00,23.663313319719308,6.373922563695645,0.2583,-4.211111111,606.6,3.630029785,2.03944444445,15.232852987227929
244,2024-02-19 13:00:00,25.27233118046072,6.505621830656555,0.2583,-4.877777778,166.4,3.572732,2.0061111111,16.170404701490238
245,2024-02-19 13:15:00,25.505449730368497,6.702094215653993,0.2583,-4.366666667,668.6,3.515434214,2.03166666665,16.06938814209404
246,2024-02-19 13:30:00,25.644962685395264,6.948168791908058,0.2583,-4.788888889,189.4,3.464012964,2.01055555555,16.219175393908547
247,2024-02-19 13:45:00,25.552227535377504,7.077257011822058,0.2583,-4.533333333,623.4,3.426191092,2.02333333335,16.054969115970522
248,2024-02-19 14:00:00,25.43970784092667,7.187430385702081,0.2583,-4.0,632.0,3.38836922,2.05,15.79798280093984
249,2024-02-19 14:15:00,25.100499640629955,7.365321149984904,0.2583,-3.933333333,480.2,3.350547348,2.05333333335,15.57481665340238
250,2024-02-19 14:30:00,24.76479206796033,7.415646914975825,0.2583,-4.255555556,544.8,3.30626563,2.0372222222,15.462422085635353
251,2024-02-19 14:45:00,24.21676574550018,8.554947747877335,0.2583,-3.811111111,460.0,3.342709109,2.05944444445,15.101591855636832
252,2024-02-19 15:00:00,23.67729151436104,8.733978627376475,0.2583,-3.722222222,503.2,3.379152588,2.0638888889,14.851326134600384
253,2024-02-19 15:15:00,23.177388524254148,8.693509496201882,0.2583,-3.944444444,245.6,3.415596068,2.0527777778000003,14.706340139232971
254,2024-02-19 15:30:00,22.64767702966805,8.73785774342484,0.2583,-4.211111111,129.0,3.478921718,2.03944444445,14.583748373759041
255,2024-02-19 15:45:00,21.988610712038483,8.32262309154469,0.2583,-4.466666667,299.8,3.60765027,2.02666666665,14.457293713529264
256,2024-02-19 16:00:00,21.194858419898704,7.718743829910838,0.2583,-3.7,244.0,3.736378822,2.065,14.000232778367412
257,2024-02-19 16:15:00,20.37738834461435,7.942411743272411,0.2583,-3.766666667,200.6,3.865107373,2.06166666665,13.749046747993898
258,2024-02-19 16:30:00,19.45949427188944,8.02094056373792,0.2583,-3.966666667,153.8,3.966540331,2.05166666665,13.451265402672227
259,2024-02-19 16:45:00,18.72996752477563,7.995136988220611,0.2583,-3.733333333,101.4,3.961986092,2.06333333335,13.039514779216965
260,2024-02-19 17:00:00,18.07481758921221,7.850265347691897,0.2583,-3.955555556,59.8,3.957431853,2.0522222222,12.764868685954596
261,2024-02-19 17:15:00,17.9475972689051,7.779300198881437,0.2583,-4.155555556,21.2,3.952877614,2.0422222222,12.741146135322282
262,2024-02-19 17:30:00,17.813922153722498,8.005929494634964,0.2583,-4.555555556,8.2,3.948323375,2.0222222222,12.757405758805731
263,2024-02-19 17:45:00,17.945146504960206,7.992892713809125,0.2583,-4.777777778,0.0,3.945723015,2.0111111111,12.868724039615147
264,2024-02-19 18:00:00,17.960618206115456,7.976563107355697,0.2583,-5.022222222,0.0,3.944123456,1.9988888889,12.929424392861621
265,2024-02-19 18:15:00,17.257131257618145,7.959391871729203,0.2583,-5.166666667,0.0,3.85946763,1.9916666666499998,12.524136043939361
266,2024-02-19 18:30:00,16.74126811865672,8.340956255096398,0.2583,-5.355555556,0.0,3.776023829,1.9822222222,12.22173083962778
267,2024-02-19 18:45:00,16.370668737833387,8.421037173187088,0.2583,-5.522222222,0.0,3.69052547,1.9738888889,11.984137552165556
268,2024-02-19 19:00:00,16.144673018785674,8.52740886881849,0.2583,-5.777777778,0.0,3.605027111,1.9611111111,11.837438282098828
269,2024-02-19 19:15:00,16.366728932590043,8.635725342654638,0.2583,-5.977777778,0.0,3.639629375,1.9511111111,12.028043976033555
270,2024-02-19 19:30:00,16.589043598386414,8.988622429715768,0.2583,-5.8,0.0,3.67423164,1.96,12.138029394278783
271,2024-02-19 19:45:00,17.00557345758833,9.07125659422308,0.2583,-5.844444444,0.0,3.706906095,1.9577777777999998,12.393067338845501
272,2024-02-19 20:00:00,17.427187485478747,9.310250378287469,0.2583,-5.811111111,0.0,3.739580551,1.95944444445,12.633523696384973
273,2024-02-19 20:15:00,18.1870758105143,9.529158861409742,0.2583,-6.133333333,0.0,3.638070313,1.94333333335,12.996771416100337
274,2024-02-19 20:30:00,18.956981802520417,9.95608344303497,0.2583,-6.633333333,0.0,3.536560075,1.91833333335,13.418566227400897
275,2024-02-19 20:45:00,-17.558173189369505,-5.3893099672459645e-09,0.2583,-6.877777778,0.0,3.335344063,1.9061111111,12.546860163568155
276,2024-02-19 21:00:00,-13.257118492699774,0.0023279406431946,0.2583,-7.011111111,0.0,3.134128052,1.89944444445,10.113599618770927
277,2024-02-19 21:15:00,-8.732588945255072,0.0467419468012833,0.2583,-7.155555556,0.0,2.982113238,1.8922222222,7.597104459856644
278,2024-02-19 21:30:00,-4.740312051581661,0.3639460536183035,0.2583,-7.322222222,0.0,2.830098424,1.8838888888999998,5.346336021403912
279,2024-02-19 21:45:00,4.183255401396991,3.920008435795024,0.2583,-7.466666667,0.0,2.535759035,1.87666666665,4.764847170755315
280,2024-02-19 22:00:00,7.149951063839248,4.039128383374365,0.0192,-7.488888889,0.0,2.241419646,1.8755555555499999,6.053597345925583
281,2024-02-19 22:15:00,9.57531714836747,4.349526262453938,0.0192,-7.711111111,0.0,1.929589576,1.86444444445,7.065337748529823
282,2024-02-19 22:30:00,11.71325639379858,5.362711518804948,0.0192,-7.844444444,0.0,1.617759506,1.8577777778,7.92274201454822
283,2024-02-19 22:45:00,13.934223390714903,6.895733323216749,0.0192,-8.055555556,0.0,1.364347104,1.8472222221999999,8.907686082522876
284,2024-02-19 23:00:00,15.79530691442245,7.478087226363034,0.0192,-8.311111111,0.0,1.110934701,1.8344444444499999,9.721338227915297
285,2024-02-19 23:15:00,17.713222890404335,8.052459972616806,0.0192,-8.477777778,0.0,0.906113042,1.8261111111,10.606082985085429
286,2024-02-19 23:30:00,19.470981769602265,9.136697113420247,0.0192,-8.5,0.0,0.701291383,1.825,11.370322489631377
287,2024-02-19 23:45:00,20.85920681088509,9.71016365617082,0.0192,-8.588888889,0.0,0.61619252,1.82055555555,12.073797725891895
288,2024-02-20 00:00:00,22.105985765660467,10.277998185128022,0.0192,-8.811111111,0.0,0.531093657,1.8094444444499997,12.748095308233244
289,2024-02-20 00:15:00,23.5781664246118,10.845668257989669,0.0192,-8.988888889,0.0,0.440185847,1.80055555555,13.535125545991729
290,2024-02-20 00:30:00,25.132314809801745,11.26803618742072,0.0192,-8.888888889,0.0,0.349278037,1.80555555555,14.268713931702257
291,2024-02-20 00:45:00,26.49488901585992,11.456821623647636,0.0192,-8.622222222,0.0,0.254345409,1.8188888889000001,14.820869608223129
292,2024-02-20 01:00:00,27.81145040032464,11.642975733521514,0.0192,-8.577777778,0.0,0.23363323,1.8211111111,15.505326555469734
293,2024-02-20 01:15:00,16.325432715038417,5.065660663380707,0.0192,-8.833333333,0.0,0.220111436,1.80833333335,9.248000494924213
294,2024-02-20 01:30:00,19.6188125466356,5.081702737323247,0.0192,-8.888888889,0.0,0.206589642,1.80555555555,11.072393514016227
295,2024-02-20 01:45:00,20.585299001170014,5.161002543251508,0.0192,-8.911111111,0.0,0.200649245,1.8044444444499999,11.608758297337422
296,2024-02-20 02:00:00,21.183605589689037,5.206353008761342,0.0192,-8.877777778,0.0,0.213222357,1.8061111110999999,11.942071960714193
297,2024-02-20 02:15:00,21.103863716529023,5.234777075327619,0.0192,-8.688888889,0.0,0.22579547,1.81555555555,11.849710613778605
298,2024-02-20 02:30:00,20.92743355121837,5.230360615986711,0.0192,-8.577777778,0.0,0.238368582,1.8211111111,11.729942832281543
299,2024-02-20 02:45:00,20.762283791762588,5.25032639379028,0.0192,-8.566666667,0.0,0.256951791,1.8216666666499999,11.654362838732414
300,2024-02-20 03:00:00,20.51979903351893,5.2658619552513,0.0192,-8.777777778,0.0,0.257572012,1.8111111111,11.587522398675054
301,2024-02-20 03:15:00,21.31928256165237,5.235161267543995,0.0192,-8.977777778,0.0,0.258192233,1.8011111111,12.09493147149815
302,2024-02-20 03:30:00,22.058469592412905,5.275958669029304,0.0192,-8.855555556,0.0,0.258812454,1.8072222222,12.464544168365649
303,2024-02-20 03:45:00,22.796522188500575,5.2741945140432565,0.0192,-8.844444444,0.0,0.267437868,1.8077777778,12.87768370045133
304,2024-02-20 04:00:00,23.44202741739133,5.34655131700384,0.0192,-8.888888889,0.0,0.329594046,1.80555555555,13.312870769518224
305,2024-02-20 04:15:00,24.291998545742448,14.043947691407524,0.0192,-9.011111111,0.0,0.391750225,1.79944444445,13.891471553249897
306,2024-02-20 04:30:00,72.50358130794297,24.45006923852187,0.0192,-9.144444444,0.0,0.453906404,1.7927777777999998,40.89594122044861
307,2024-02-20 04:45:00,68.98017614807301,15.657070824900092,0.0192,-9.166666667,0.0,0.549191579,1.7916666666499999,39.04975501084076
308,2024-02-20 05:00:00,69.85401401515432,19.163162430785587,0.0192,-9.166666667,0.0,0.560550863,1.7916666666499999,39.54883775554185
309,2024-02-20 05:15:00,72.85650852023588,30.16843287510845,0.0192,-9.144444444,0.0,0.571910146,1.7927777777999998,41.210805508503576
310,2024-02-20 05:30:00,53.31696022224943,17.339420288319545,0.0192,-8.877777778,0.0,0.58326943,1.8061111110999999,30.103579611679294
311,2024-02-20 05:45:00,54.5420641609776,15.888102125554136,0.0192,-8.688888889,0.0,0.631227839,1.81555555555,30.67275644672953
312,2024-02-20 06:00:00,50.08543229093122,14.422418137461996,0.0192,-9.144444444,0.0,0.767304056,1.7927777777999998,28.704638460263624
313,2024-02-20 06:15:00,47.66201450982457,14.275312082307712,0.0192,-9.522222222,0.0,0.903380273,1.7738888889,27.772038624752852
314,2024-02-20 06:30:00,45.74015386180253,14.52197788993584,0.0192,-9.566666667,0.0,1.039456491,1.7716666666499998,26.857040985204794
315,2024-02-20 06:45:00,43.96705923413567,14.346051526814504,0.0192,-9.488888889,0.0,1.260172656,1.7755555555499998,26.022596505090064
316,2024-02-20 07:00:00,42.199867442280805,14.170553387860618,0.0192,-9.577777778,6.0,1.419345342,1.7711111111,25.246121187853824
317,2024-02-20 07:15:00,40.18825924852924,13.64403834735671,0.0192,-9.811111111,14.8,1.578518027,1.7594444444499997,24.41996628943266
318,2024-02-20 07:30:00,38.50699162721824,13.125306763377647,0.0192,-9.577777778,22.4,1.737690713,1.7711111111,23.47940493176652
319,2024-02-20 07:45:00,36.610513573165385,12.613115622291188,0.0192,-9.177777778,55.8,1.970769754,1.7911111111,22.410882791253876
320,2024-02-20 08:00:00,35.33234596618669,12.092528095163688,0.2583,-9.044444444,99.8,2.26939607,1.7977777778,21.92274055033063
321,2024-02-20 08:15:00,33.56297940023585,12.923050620688551,0.2583,-7.977777778,143.8,2.568022386,1.8511111111,20.699283766788458
322,2024-02-20 08:30:00,31.77121275894766,11.87766567336656,0.2583,-6.466666667,191.6,2.866648702,1.92666666665,19.35689753896669
323,2024-02-20 08:45:00,30.50534083126164,12.606815690405428,0.2583,-6.2,245.6,2.982291534,1.94,18.706694024341054
324,2024-02-20 09:00:00,28.87614904220633,13.333037981538668,0.2583,-5.955555556,274.0,3.024911724,1.9522222221999999,17.816336959219992
325,2024-02-20 09:15:00,27.13732149708005,12.369375902225318,0.2583,-5.177777778,318.6,3.067531915,1.9911111111,16.696767041957777
326,2024-02-20 09:30:00,25.44967045438625,8.749118052832179,0.2583,-4.022222222,361.2,3.110152106,2.0488888889,15.531357859158032
327,2024-02-20 09:45:00,23.681589132133254,7.875491357670716,0.2583,-2.666666667,394.8,3.209581079,2.11666666665,14.39773342497782
328,2024-02-20 10:00:00,21.99623163481837,7.652110913512428,0.2583,-0.644444444,421.6,3.309010052,2.2177777778,13.227150568602289
329,2024-02-20 10:15:00,19.8592392084956,7.50909328966784,0.2583,-0.155555556,451.4,3.408439026,2.2422222222,12.265384163672536
330,2024-02-20 10:30:00,17.514577593901674,5.5965744157979245,0.2583,0.077777778,486.8,3.518494469,2.2538888888999997,11.289320120680454
331,2024-02-20 10:45:00,15.423474862344534,5.325088514730797,0.2583,0.255555555555556,513.0,3.516647645,2.262777777777778,10.332816255906005
332,2024-02-20 11:00:00,13.29510532331658,5.0271516141210535,0.2583,1.555555555555554,520.8,3.51480082,2.3277777777777775,9.22630191354889
333,2024-02-20 11:15:00,12.102798319742748,4.755525719807178,0.2583,1.8666666666666665,515.8,3.512953996,2.3433333333333333,8.67773279532123
334,2024-02-20 11:30:00,11.091582345865897,3.9677457919180417,0.2583,1.0777777777777766,545.8,3.536362745,2.303888888888889,8.350649753092263
335,2024-02-20 11:45:00,10.480026804668844,2.3603666850290246,0.2583,1.71111111111111,572.0,3.582415722,2.3355555555555556,8.069582289175052
336,2024-02-20 12:00:00,9.976569456945212,1.577792577715751,0.2583,2.3000000000000003,579.2,3.6284687,2.365,7.846891303359497
337,2024-02-20 12:15:00,9.256015762562598,1.9711678762274016,0.2583,2.944444444444443,583.8,3.674521677,2.397222222222222,7.535663825925301
338,2024-02-20 12:30:00,8.740625823395527,1.3011969967411214,0.2583,2.755555555555556,585.0,3.68732757,2.387777777777778,7.3478967840790945
339,2024-02-20 12:45:00,8.600397586800845,2.0536399139485946,0.2583,3.188888888888886,582.8,3.630029785,2.4094444444444445,7.199482322754559
340,2024-02-20 13:00:00,8.535833857686724,3.206267547605564,0.2583,3.544444444444446,576.6,3.572732,2.4272222222222224,7.089440845007118
341,2024-02-20 13:15:00,8.645438151871476,3.613837949964984,0.2583,3.2333333333333334,566.0,3.515434214,2.4116666666666666,7.100273807035857
342,2024-02-20 13:30:00,8.645092852634727,3.517582379021977,0.2583,3.555555555555555,553.4,3.464012964,2.4277777777777776,7.024920775153893
343,2024-02-20 13:45:00,8.690977699033793,3.630556465761977,0.2583,3.766666666666668,532.8,3.426191092,2.4383333333333335,6.990501836648171
344,2024-02-20 14:00:00,8.657749168468596,3.651070113768425,0.2583,3.777777777777776,510.4,3.38836922,2.4388888888888887,6.938243594315143
345,2024-02-20 14:15:00,8.56359036283211,3.72874345978886,0.2583,3.744444444444442,488.2,3.350547348,2.437222222222222,6.864215607197128
346,2024-02-20 14:30:00,8.48302024619716,3.5522106199883803,0.2583,4.766666666666666,461.8,3.30626563,2.4883333333333333,6.715382942604351
347,2024-02-20 14:45:00,8.058805290083354,3.634206338265622,0.2583,4.622222222222223,436.0,3.342709109,2.4811111111111113,6.590772145755494
348,2024-02-20 15:00:00,7.621051948930445,3.742120148689664,0.2583,4.188888888888888,401.4,3.379152588,2.4594444444444443,6.4778409792524965
349,2024-02-20 15:15:00,7.258688503780458,3.852921275689028,0.2583,5.188888888888886,367.6,3.415596068,2.509444444444444,6.308144065964319
350,2024-02-20 15:30:00,6.789159451502158,3.70603988354184,0.2583,5.199999999999999,331.2,3.478921718,2.51,6.183766120988908
351,2024-02-20 15:45:00,6.2986400745095805,3.774616675125056,0.2583,4.777777777777779,291.6,3.60765027,2.488888888888889,6.138353871365457
352,2024-02-20 16:00:00,5.774813468264752,3.9600102024861754,0.2583,4.144444444444445,249.0,3.736378822,2.457222222222222,6.0865176967177375
353,2024-02-20 16:15:00,5.448390359411922,4.17880545404813,0.2583,4.9,199.6,3.865107373,2.495,6.048830963946662
354,2024-02-20 16:30:00,5.005035260994897,4.389758990810662,0.2583,4.299999999999997,148.0,3.966540331,2.465,5.996980599152089
355,2024-02-20 16:45:00,4.732140140629841,4.362855578445645,0.2583,5.022222222222222,102.0,3.961986092,2.5011111111111113,5.854001252624992
356,2024-02-20 17:00:00,4.523640784800035,4.215739867339617,0.2583,4.844444444444448,59.6,3.957431853,2.4922222222222223,5.772535154970589
357,2024-02-20 17:15:00,4.57619138470438,4.109785950801968,0.2583,4.188888888888888,24.6,3.952877614,2.4594444444444443,5.813538217674697
358,2024-02-20 17:30:00,4.7404331259822685,3.284202756004978,0.2583,4.166666666666667,9.8,3.948323375,2.4583333333333335,5.876635155060584
359,2024-02-20 17:45:00,4.999495719421391,2.339626620118075,0.2583,3.1333333333333337,0.0,3.945723015,2.4066666666666667,6.023075807003348
360,2024-02-20 18:00:00,5.129312042755282,1.7181906613641431,0.2583,2.444444444444444,0.0,3.944123456,2.3722222222222222,6.1063627246087835
361,2024-02-20 18:15:00,5.7423288283935445,1.2656744527282031,0.2583,2.177777777777779,0.0,3.85946763,2.358888888888889,6.2938039208875125
362,2024-02-20 18:30:00,6.374527537060307,2.730480356085533,0.2583,1.933333333333336,0.0,3.776023829,2.3466666666666667,6.492441813542745
363,2024-02-20 18:45:00,7.276523473909752,2.8490545246191616,0.2583,1.6666666666666667,0.0,3.69052547,2.333333333333333,6.809035530247037
364,2024-02-20 19:00:00,7.925358358717546,2.981639951416528,0.2583,1.3999999999999977,0.0,3.605027111,2.32,7.021129851826529
365,2024-02-20 19:15:00,8.389152220958037,3.1138999457037686,0.2583,1.1555555555555546,0.0,3.639629375,2.307777777777778,7.274794035020333
366,2024-02-20 19:30:00,8.764826492649641,4.072301848781627,0.2583,0.9555555555555588,0.0,3.67423164,2.297777777777778,7.488711254789495
367,2024-02-20 19:45:00,9.322386193781933,4.17622296959186,0.2583,0.8222222222222244,0.0,3.706906095,2.2911111111111113,7.775842843013452
368,2024-02-20 20:00:00,9.868811100688744,4.458324541235161,0.2583,0.6111111111111119,0.0,3.739580551,2.2805555555555554,8.066952044602859
369,2024-02-20 20:15:00,10.443077022035451,4.715489716346564,0.2583,0.3777777777777776,0.0,3.638070313,2.2688888888888887,8.24079769783443
370,2024-02-20 20:30:00,11.05705954409634,6.725813558956175,0.2583,-0.033333333,0.0,3.536560075,2.2483333333499997,8.45445164387222
371,2024-02-20 20:45:00,-13.594678090859375,2.3647139519114645e-08,0.2583,-0.422222222,0.0,3.335344063,2.2288888889,9.434651282198626
372,2024-02-20 21:00:00,-12.900652548316817,-1.2685424192533284e-08,0.2583,-0.444444444,0.0,3.134128052,2.2277777778,8.92494465717173
373,2024-02-20 21:15:00,-11.64033392179087,3.947578727370514e-09,0.2583,-0.822222222,0.0,2.982113238,2.2088888889,8.251882116047831
374,2024-02-20 21:30:00,-9.891370051449876,0.0009389444283745,0.2583,-0.7,0.0,2.830098424,2.215,7.295728244067664
375,2024-02-20 21:45:00,-5.751864147293992,0.0035756549076721,0.2583,-0.811111111,0.0,2.535759035,2.20944444445,5.139066921623876
376,2024-02-20 22:00:00,-3.8211298784794656,0.0073233352015498,0.0192,-1.377777778,0.0,2.241419646,2.1811111111,3.993338591822231
377,2024-02-20 22:15:00,-1.88346649096912,0.0193528217137364,0.0192,-1.4,0.0,1.929589576,2.18,2.793565030572991
378,2024-02-20 22:30:00,0.2661617138390609,0.0374323249522011,0.0192,-1.377777778,0.0,1.617759506,2.1811111111,1.7397898383771653
379,2024-02-20 22:45:00,2.118783532959096,0.1775465197633311,0.0192,-1.855555556,0.0,1.364347104,2.1572222222,2.3465284996646045
380,2024-02-20 23:00:00,3.78813252020208,0.1700290925017559,0.0192,-1.777777778,0.0,1.110934701,2.1611111111,2.8637980779662726
381,2024-02-20 23:15:00,5.3779747923524175,0.2493285109190249,0.0192,-1.777777778,0.0,0.906113042,2.1611111111,3.3946360821758668
382,2024-02-20 23:30:00,7.054083189885517,0.9632247916700012,0.0192,-1.433333333,0.0,0.701291383,2.17833333335,3.9395851197245046
383,2024-02-20 23:45:00,8.383543049311115,2.846985682378377,0.0192,-0.944444444,0.0,0.61619252,2.2027777777999997,4.422088481817849
384,2024-02-21 00:00:00,9.71772340015187,3.66274242248462,0.0192,-0.444444444,0.0,0.531093657,2.2277777778,4.893164011139373
385,2024-02-21 00:15:00,10.181755114518484,4.449202107437153,0.0192,-0.6,0.0,0.440185847,2.2199999999999998,5.02656202471103
386,2024-02-21 00:30:00,11.026538845761264,2.694769471276825,0.0192,-0.088888889,0.0,0.349278037,2.24555555555,5.2596614913343345
387,2024-02-21 00:45:00,11.401650119588172,2.8476711533058,0.0192,0.4777777777777774,0.0,0.254345409,2.273888888888889,5.2685086670646735
388,2024-02-21 01:00:00,11.733798155694693,3.0112411175716822,0.0192,0.8333333333333334,0.0,0.23363323,2.2916666666666665,5.353836061575866
389,2024-02-21 01:15:00,2.2055590688238045,0.1409705735386369,0.0192,0.5555555555555556,0.0,0.220111436,2.2777777777777777,1.18840566133728
390,2024-02-21 01:30:00,5.279673026612953,0.1371709382957331,0.0192,0.2999999999999995,0.0,0.206589642,2.2649999999999997,2.5375711107032908
391,2024-02-21 01:45:00,5.937429062393728,0.1270224205729841,0.0192,0.1333333333333305,0.0,0.200649245,2.2566666666666664,2.8317108679218888
392,2024-02-21 02:00:00,6.596118280257897,0.1285253405399695,0.0192,0.1111111111111126,0.0,0.213222357,2.2555555555555555,3.1376097718926634
393,2024-02-21 02:15:00,7.065699513281641,0.1527314836993994,0.0192,0.0,0.0,0.22579547,2.25,3.36610636479184
394,2024-02-21 02:30:00,7.3578715260640495,0.1682569946218199,0.0192,0.5111111111111121,0.0,0.238368582,2.2755555555555556,3.4718082174773657
395,2024-02-21 02:45:00,7.834547514021337,0.1956545230061707,0.0192,0.6666666666666683,0.0,0.256951791,2.283333333333333,3.688140483272119
396,2024-02-21 03:00:00,7.992072021271968,0.2257375161104743,0.0192,0.4444444444444428,0.0,0.257572012,2.272222222222222,3.774865322095242
397,2024-02-21 03:15:00,8.326053806199768,0.242579943479397,0.0192,0.3888888888888904,0.0,0.258192233,2.2694444444444444,3.9269552320598735
398,2024-02-21 03:30:00,8.759303183370122,0.4995777638498806,0.0192,0.3888888888888904,0.0,0.258812454,2.2694444444444444,4.118480931372392
399,2024-02-21 03:45:00,8.966988566075894,0.9468754152260054,0.0192,0.088888889,0.0,0.267437868,2.25444444445,4.244909385717309
400,2024-02-21 04:00:00,9.192945788620928,1.1837293709392327,0.0192,-0.6,0.0,0.329594046,2.2199999999999998,4.47056061745087
401,2024-02-21 04:15:00,9.6464757102776,2.488484819194196,0.0192,-1.166666667,0.0,0.391750225,2.1916666666499998,4.7931840091905515
402,2024-02-21 04:30:00,53.77135805545653,24.96030901453281,0.0192,-1.222222222,0.0,0.453906404,2.1888888889,25.01950145459148
403,2024-02-21 04:45:00,49.6952897973876,11.676639042863782,0.0192,-1.022222222,0.0,0.549191579,2.1988888889,23.14937390210401
404,2024-02-21 05:00:00,51.19034395073052,13.255610998402243,0.0192,-0.9,0.0,0.560550863,2.205,23.776126350859645
405,2024-02-21 05:15:00,53.40959219416347,17.909409646894197,0.0192,-0.922222222,0.0,0.571910146,2.2038888889,24.806159187847637
406,2024-02-21 05:30:00,39.29329605922413,10.625109835353474,0.0192,-1.044444444,0.0,0.58326943,2.1977777778,18.461917788414638
407,2024-02-21 05:45:00,40.99647417894068,9.793669185524724,0.0192,-1.055555556,0.0,0.631227839,2.1972222221999997,19.289547313801407
408,2024-02-21 06:00:00,37.25532133526901,9.419688440374214,0.0192,-0.544444444,0.0,0.767304056,2.2227777778,17.528008480597297
409,2024-02-21 06:15:00,35.563373568485844,9.249817802188284,0.0192,-0.511111111,0.0,0.903380273,2.22444444445,16.890910848203458
410,2024-02-21 06:30:00,34.25329146910695,8.841860011774694,0.0192,-0.666666667,0.0,1.039456491,2.21666666665,16.492069183946388
411,2024-02-21 06:45:00,33.015780286047914,8.679065126672166,0.0192,-0.188888889,0.0,1.260172656,2.24055555555,15.995705637659709
412,2024-02-21 07:00:00,31.529329722122934,8.5215002987329,0.0192,-0.055555556,8.2,1.419345342,2.2472222222,15.449702202415944
413,2024-02-21 07:15:00,29.689908590306,8.07459372937506,0.0192,0.011111111,16.0,1.578518027,2.25055555555,14.770775608506472
414,2024-02-21 07:30:00,28.13943356029767,7.42070910899733,0.0192,0.088888889,28.2,1.737690713,2.25444444445,14.219450301075653
415,2024-02-21 07:45:00,26.281690403423266,6.968550443265029,0.0192,0.2444444444444432,61.8,1.970769754,2.2622222222222224,13.588412859638968
416,2024-02-21 08:00:00,25.15490777952851,6.521241751363431,0.2583,0.3555555555555558,99.8,2.26939607,2.267777777777778,13.361712092330063
417,2024-02-21 08:15:00,24.63628179056368,6.5080891479058645,0.2583,0.688888889,145.6,2.568022386,2.28444444445,13.352386983010405
418,2024-02-21 08:30:00,24.069018073082145,6.46124424148628,0.2583,0.9111111111111114,191.6,2.866648702,2.2955555555555556,13.351700137514971
419,2024-02-21 08:45:00,24.0492646705218,6.577880749776174,0.2583,1.1444444444444457,241.8,2.982291534,2.3072222222222223,13.405762857606847
420,2024-02-21 09:00:00,23.67916069006642,6.664973717660964,0.2583,1.533333333333336,259.8,3.024911724,2.3266666666666667,13.202201418870956
421,2024-02-21 09:15:00,22.914884380126832,6.352370956649766,0.2583,1.833333333333332,321.0,3.067531915,2.341666666666667,12.853247664520355
422,2024-02-21 09:30:00,22.1709989351731,5.554293271473919,0.2583,2.077777777777775,355.4,3.110152106,2.3538888888888887,12.529032937558078
423,2024-02-21 09:45:00,21.20370477806938,5.259358674262894,0.2583,2.377777777777778,387.4,3.209581079,2.368888888888889,12.16048834929195
424,2024-02-21 10:00:00,20.43115853759245,5.162177765061577,0.2583,2.6555555555555563,418.4,3.309010052,2.3827777777777777,11.883522844647798
425,2024-02-21 10:15:00,18.772018614660496,4.920301938136532,0.2583,2.966666666666665,447.6,3.408439026,2.3983333333333334,11.23554894177227
426,2024-02-21 10:30:00,16.91756203368797,4.187571814112136,0.2583,3.2333333333333334,474.0,3.518494469,2.4116666666666666,10.533378518905172
427,2024-02-21 10:45:00,15.522168379730228,3.934408264486113,0.2583,3.533333333333333,497.6,3.516647645,2.4266666666666667,9.91314560368004
428,2024-02-21 11:00:00,14.176246811713314,3.639915707261321,0.2583,3.933333333333332,517.0,3.51480082,2.4466666666666663,9.308907146313345
429,2024-02-21 11:15:00,13.491715880721747,3.034194329568619,0.2583,4.02222222222222,535.2,3.512953996,2.451111111111111,9.01728051125366
430,2024-02-21 11:30:00,13.15279480724841,-0.5359714451514079,0.2583,4.388888888888888,553.0,3.536362745,2.4694444444444446,8.862578864920616
431,2024-02-21 11:45:00,13.248330855351409,-2.435279968374894,0.2583,4.866666667,573.4,3.582415722,2.49333333335,8.895917401918256
432,2024-02-21 12:00:00,13.24563648607744,-2.309290650482836,0.2583,5.599999999999999,574.6,3.6284687,2.53,8.863898141137328
433,2024-02-21 12:15:00,11.18081883449248,-1.6369428147829832,0.2583,5.944444444444446,578.8,3.674521677,2.5472222222222225,8.063938013332926
434,2024-02-21 12:30:00,9.462043835255708,-3.291912721740902,0.2583,6.188888888888889,577.4,3.68732757,2.5594444444444444,7.384240724647335
435,2024-02-21 12:45:00,8.054678140094888,-2.629210264134,0.2583,6.677777777777775,575.0,3.630029785,2.5838888888888887,6.747299329650785
436,2024-02-21 13:00:00,6.937146692410152,-1.613484881153768,0.2583,6.788888888888888,570.6,3.572732,2.589444444444444,6.251741664522264
437,2024-02-21 13:15:00,6.298982227314888,-0.5564821527795726,0.2583,6.922222222222223,559.8,3.515434214,2.596111111111111,5.9417487890410445
438,2024-02-21 13:30:00,5.7156767832644615,-0.0048008242576945,0.2583,7.133333333333332,568.8,3.464012964,2.6066666666666665,5.656727842490203
439,2024-02-21 13:45:00,5.099800468120754,0.0971974017581552,0.2583,7.955555555555555,539.0,3.426191092,2.647777777777778,5.3522592503334785
440,2024-02-21 14:00:00,4.559751002608966,0.0578875615090848,0.2583,7.988888889,512.2,3.38836922,2.64944444445,5.109390776862849
441,2024-02-21 14:15:00,4.802862985806305,0.0601205958518514,0.2583,7.766666666666669,483.4,3.350547348,2.6383333333333336,5.170962882733912
442,2024-02-21 14:30:00,5.082512885639225,0.0749002891540957,0.2583,7.911111111111108,457.8,3.30626563,2.645555555555555,5.227417077742673
443,2024-02-21 14:45:00,5.232595283266464,0.0806321702960514,0.2583,8.077777777777776,428.2,3.342709109,2.653888888888889,5.314379929573505
444,2024-02-21 15:00:00,5.45143099563778,0.0929009914962769,0.2583,7.988888888888886,397.0,3.379152588,2.6494444444444443,5.436727717408263
445,2024-02-21 15:15:00,5.113127774328868,0.102252417717144,0.2583,8.244444444444444,361.4,3.415596068,2.6622222222222223,5.336220023298823
446,2024-02-21 15:30:00,4.784194313832506,0.2878051199568442,0.2583,8.333333333333334,330.0,3.478921718,2.6666666666666665,5.27299458568719
447,2024-02-21 15:45:00,4.040846585635513,0.6355791000264757,0.2583,8.511111111111111,231.2,3.60765027,2.6755555555555555,5.117933462305632
448,2024-02-21 16:00:00,3.223935399755749,1.71556897435751,0.2583,8.211111111111112,146.4,3.736378822,2.660555555555556,4.948131530198026
449,2024-02-21 16:15:00,2.478035869888201,2.4787721840390784,0.2583,7.888888889,69.6,3.865107373,2.64444444445,4.80217976077088
450,2024-02-21 16:30:00,1.5823492155259786,3.0177157299161816,0.2583,7.744444444444444,182.2,3.966540331,2.6372222222222224,4.566546353318677
451,2024-02-21 16:45:00,0.8968806090010522,2.7526976706673123,0.2583,7.944444444444443,96.8,3.961986092,2.647222222222222,4.3007867417800405
452,2024-02-21 17:00:00,0.4786947135624273,1.0976563164887143,0.2583,7.766666666666669,61.0,3.957431853,2.6383333333333336,4.138870152518292
453,2024-02-21 17:15:00,0.8134795341982076,-0.0161129512527938,0.2583,7.366666667,31.2,3.952877614,2.61833333335,4.263563623239858
454,2024-02-21 17:30:00,1.3612944418576858,0.1890127164111929,0.2583,7.022222222222222,11.0,3.948323375,2.601111111111111,4.471674506000392
455,2024-02-21 17:45:00,2.089002490738833,-0.4287660559149531,0.2583,6.833333333333332,0.0,3.945723015,2.591666666666667,4.751768992133955
456,2024-02-21 18:00:00,2.6864392396062398,-1.0463693949012396,0.2583,6.477777778,0.0,3.944123456,2.5738888889,4.987851198557815
457,2024-02-21 18:15:00,2.666894551989109,-1.4989783787808608,0.2583,6.388888888888889,0.0,3.85946763,2.5694444444444446,4.897394158341707
458,2024-02-21 18:30:00,2.708393221030992,-0.8619922191869361,0.2583,6.333333333333332,0.0,3.776023829,2.5666666666666664,4.831241967064023
459,2024-02-21 18:45:00,2.768870164786788,-0.7521636738351091,0.2583,6.233333333333337,0.0,3.69052547,2.561666666666667,4.7714116761627015
460,2024-02-21 19:00:00,2.846855315715853,-0.6196469517628588,0.2583,6.100000000000002,0.0,3.605027111,2.555,4.719256197385852
461,2024-02-21 19:15:00,3.943372216766281,-0.4873216517772492,0.2583,5.955555555555559,0.0,3.639629375,2.547777777777778,5.187398670721611
462,2024-02-21 19:30:00,5.13058863212809,0.0578610837760474,0.2583,5.833333333333333,0.0,3.67423164,2.5416666666666665,5.692823888706133
463,2024-02-21 19:45:00,6.602219789057989,0.1583899371277544,0.2583,5.655555555555555,0.0,3.706906095,2.5327777777777776,6.31361713257499
464,2024-02-21 20:00:00,8.181622878564662,0.4424125432044718,0.2583,5.466666666666665,0.0,3.739580551,2.5233333333333334,6.981967424935798
465,2024-02-21 20:15:00,9.391546255212116,0.7008244338895515,0.2583,5.288888888888887,0.0,3.638070313,2.5144444444444445,7.373108593906277
466,2024-02-21 20:30:00,10.699752409691731,2.463064227505324,0.2583,5.1111111111111125,0.0,3.536560075,2.5055555555555555,7.806971236296034
467,2024-02-21 20:45:00,-10.199898951885588,-9.279274164944242e-08,0.2583,4.955555555555557,0.0,3.335344063,2.497777777777778,7.418933501032487
468,2024-02-21 21:00:00,-9.279036571740688,-3.1741684835039125e-08,0.2583,4.844444444444448,0.0,3.134128052,2.4922222222222223,6.857325963086321
469,2024-02-21 21:15:00,-8.171237675562876,-7.880649710753077e-09,0.2583,4.633333333333331,0.0,2.982113238,2.4816666666666665,6.274754342995115
470,2024-02-21 21:30:00,-7.327933153983891,-1.406246662581098e-10,0.2583,4.466666666666666,0.0,2.830098424,2.473333333333333,5.792874631810198
471,2024-02-21 21:45:00,-5.519206668831742,-2.98336370505179e-09,0.2583,4.222222222222223,0.0,2.535759035,2.4611111111111112,4.778326078769105
472,2024-02-21 22:00:00,-4.741378518298428,2.7094744613431038e-08,0.0192,4.166666666666667,0.0,2.241419646,2.4583333333333335,4.17011599242648
473,2024-02-21 22:15:00,-2.7887075610482643,0.000181383370084,0.0192,4.166666666666667,0.0,1.929589576,2.4583333333333335,3.0639790923586157
474,2024-02-21 22:30:00,-1.2630842494189445,0.0006285414588778,0.0192,4.044444444444441,0.0,1.617759506,2.452222222222222,2.1328369072129814
475,2024-02-21 22:45:00,0.5557089133768813,0.0009736859546729,0.0192,4.011111111111115,0.0,1.364347104,2.450555555555556,1.5911156472052563
476,2024-02-21 23:00:00,2.441936487614893,0.0008970415489317,0.0192,4.000000000000002,0.0,1.110934701,2.45,2.1076434714550585
477,2024-02-21 23:15:00,3.236480156188868,0.0004177637904002,0.0192,3.8333333333333326,0.0,0.906113042,2.4416666666666664,2.2316339250807653
478,2024-02-21 23:30:00,4.15040475040849,0.0005141803648302,0.0192,3.744444444444442,0.0,0.701291383,2.437222222222222,2.4042156024518535
479,2024-02-21 23:45:00,4.65510984586121,0.0003183981449321,0.0192,3.711111111111111,0.0,0.61619252,2.4355555555555553,2.5275058691218475
480,2024-02-22 00:00:00,5.2797904750925895,0.0013548351094333,0.0192,3.611111111111111,0.0,0.531093657,2.4305555555555554,2.703350309609523
481,2024-02-22 00:15:00,6.422337213094466,0.0067265837958874,0.0192,3.544444444444442,0.0,0.440185847,2.427222222222222,3.086147619389572
482,2024-02-22 00:30:00,7.5504039780807,0.0592070352733482,0.0192,3.4999999999999982,0.0,0.349278037,2.425,3.462846687754928
483,2024-02-22 00:45:00,8.639353701082927,0.578253178573609,0.0192,3.444444444444446,0.0,0.254345409,2.4222222222222225,3.821051065410382
484,2024-02-22 01:00:00,9.559855942819857,1.2317974432027838,0.0192,3.377777777777777,0.0,0.23363323,2.4188888888888886,4.185801511367878
485,2024-02-22 01:15:00,0.8814988561603695,4.8201933296917115e-08,0.0192,3.2333333333333334,0.0,0.220111436,2.4116666666666666,0.5856258200333253
486,2024-02-22 01:30:00,3.34529236818335,-1.7220272317021068e-08,0.0192,3.266666666666664,0.0,0.206589642,2.413333333333333,1.592760512794206
487,2024-02-22 01:45:00,3.717537294752709,0.004032718111109,0.0192,3.1666666666666683,0.0,0.200649245,2.408333333333333,1.7442633466274224
488,2024-02-22 02:00:00,4.780316626136357,0.0095978983199245,0.0192,3.0444444444444465,0.0,0.213222357,2.402222222222222,2.2031783993324336
489,2024-02-22 02:15:00,5.31061470650214,0.0199042790867457,0.0192,2.944444444444443,0.0,0.22579547,2.397222222222222,2.441115625667173
490,2024-02-22 02:30:00,5.3591834655433415,0.037739449591549,0.0192,2.944444444444443,0.0,0.238368582,2.397222222222222,2.4739491701756697
491,2024-02-22 02:45:00,5.629829639231709,0.0637778194018695,0.0192,3.0888888888888903,0.0,0.256951791,2.4044444444444446,2.598378165911524
492,2024-02-22 03:00:00,5.931681348631771,0.1023108687704152,0.0192,3.2444444444444422,0.0,0.257572012,2.412222222222222,2.716583165278947
493,2024-02-22 03:15:00,6.316051345269985,0.1986344828279229,0.0192,3.122222222222225,0.0,0.258192233,2.406111111111111,2.8831962555088833
494,2024-02-22 03:30:00,6.892539445099231,0.414597114448956,0.0192,3.111111111111112,0.0,0.258812454,2.4055555555555554,3.1240713457271636
495,2024-02-22 03:45:00,7.523594798837693,0.7634854282068242,0.0192,2.944444444444443,0.0,0.267437868,2.397222222222222,3.4059015152555845
496,2024-02-22 04:00:00,7.934012188389298,1.0150725720979004,0.0192,3.077777777777777,0.0,0.329594046,2.403888888888889,3.630084440985148
497,2024-02-22 04:15:00,8.412346186212748,2.162190935189058,0.0192,3.177777777777781,0.0,0.391750225,2.408888888888889,3.8839603576528936
498,2024-02-22 04:30:00,51.996277370472114,22.42754390337608,0.0192,3.177777777777781,0.0,0.453906404,2.408888888888889,22.03907689912219
499,2024-02-22 04:45:00,47.05708936659909,9.693850372636083,0.0192,3.0888888888888903,0.0,0.549191579,2.4044444444444446,20.12006978137485
500,2024-02-22 05:00:00,44.656307675969714,10.33130625357886,0.0192,2.833333333333334,0.0,0.560550863,2.3916666666666666,19.23217776584448
501,2024-02-22 05:15:00,51.34901248395416,11.855653885827786,0.0192,2.944444444444443,0.0,0.571910146,2.397222222222222,21.99212392841425
502,2024-02-22 05:30:00,38.17749999440779,8.620499807014326,0.0192,2.7333333333333343,0.0,0.58326943,2.3866666666666667,16.57942864553399
503,2024-02-22 05:45:00,40.46565227410564,8.167254913103172,0.0192,2.722222222222221,0.0,0.631227839,2.386111111111111,17.590057662839385
504,2024-02-22 06:00:00,37.336946351877714,7.861757402969352,0.0192,2.811111111111112,0.0,0.767304056,2.3905555555555553,16.385826815326027
505,2024-02-22 06:15:00,34.98970285124552,7.640838379145046,0.0192,2.833333333333334,0.0,0.903380273,2.3916666666666666,15.53322118641276
506,2024-02-22 06:30:00,33.00919676175617,7.431677466054469,0.0192,2.933333333,0.0,1.039456491,2.39666666665,14.812417587795155
507,2024-02-22 06:45:00,31.139298316694973,7.268501938023446,0.0192,2.9888888888888863,0.0,1.260172656,2.3994444444444443,14.237884387894178
508,2024-02-22 07:00:00,28.98576772857577,7.109998692127678,0.0192,3.111111111111112,0.0,1.419345342,2.4055555555555554,13.468856176049973
509,2024-02-22 07:15:00,26.09875956424561,6.6632945235368215,0.0192,3.0888888888888903,14.2,1.578518027,2.4044444444444446,12.432900470540226
510,2024-02-22 07:30:00,23.70205177593819,6.090402102406908,0.0192,3.255555555555555,9.8,1.737690713,2.4127777777777775,11.561244292711894
511,2024-02-22 07:45:00,21.26780020127821,5.639143093219274,0.0192,3.299999999999999,12.0,1.970769754,2.415,10.777312280409195
512,2024-02-22 08:00:00,19.45359823808356,5.189470970630376,0.2583,3.299999999999999,15.0,2.26939607,2.415,10.32471625140106
513,2024-02-22 08:15:00,17.72272519246048,5.179076610033675,0.2583,3.255555555555555,19.0,2.568022386,2.4127777777777775,9.913383967033587
514,2024-02-22 08:30:00,15.85962470036126,5.292266870588493,0.2583,3.455555555555559,32.2,2.866648702,2.422777777777778,9.412698796164243
515,2024-02-22 08:45:00,14.735895539081776,5.4763727066883625,0.2583,3.566666666666668,29.6,2.982291534,2.4283333333333332,9.050608159565591
516,2024-02-22 09:00:00,13.21894016031498,5.565970150445652,0.2583,3.722222222222224,22.2,3.024911724,2.4361111111111113,8.451158540092809
517,2024-02-22 09:15:00,12.048891146585577,5.254856659499349,0.2583,4.033333333333336,21.4,3.067531915,2.4516666666666667,7.982103422784736
518,2024-02-22 09:30:00,10.857734203765,4.628008183866292,0.2583,4.333333333333332,16.0,3.110152106,2.466666666666667,7.511936242661487
519,2024-02-22 09:45:00,9.549241983451124,4.405390729290736,0.2583,4.411111111,35.2,3.209581079,2.47055555555,7.074801580518029
520,2024-02-22 10:00:00,8.328281529968077,4.259333060835257,0.2583,4.766666666666666,76.2,3.309010052,2.4883333333333333,6.655941678243032
521,2024-02-22 10:15:00,5.425971068176833,4.019400763853408,0.2583,4.788888888888891,58.8,3.408439026,2.4894444444444446,5.58803017144037
522,2024-02-22 10:30:00,2.678997854514834,3.451247640134766,0.2583,5.122222222222225,47.4,3.518494469,2.506111111111111,4.587480533758746
523,2024-02-22 10:45:00,0.2907109379466565,3.200707230285535,0.2583,5.288888888888887,55.0,3.516647645,2.5144444444444445,3.632264014488286
524,2024-02-22 11:00:00,-1.6051141908391429,2.779479176645777,0.2583,5.266666666666669,44.8,3.51480082,2.5133333333333336,4.153440418477112
525,2024-02-22 11:15:00,-2.8932400137426995,0.3111952221206439,0.2583,5.088888888888891,46.6,3.512953996,2.5044444444444447,4.668196237512169
526,2024-02-22 11:30:00,-3.700512878319367,-1.9165163344934435,0.2583,4.8555555555555525,56.8,3.536362745,2.4927777777777775,5.020856433650515
527,2024-02-22 11:45:00,-4.188081402795201,-3.1364654426457146,0.2583,4.344444444444445,74.0,3.582415722,2.4672222222222224,5.279904243736402
528,2024-02-22 12:00:00,-4.589290321916485,-2.9889102001474086,0.2583,4.255555555555557,53.8,3.6284687,2.4627777777777777,5.491929692431688
529,2024-02-22 12:15:00,-4.651004072104583,-2.318255083321,0.2583,4.177777777777775,66.2,3.674521677,2.4588888888888887,5.566028077765534
530,2024-02-22 12:30:00,-4.699807559087788,-0.0076623528237495,0.2583,3.988888888888889,68.6,3.68732757,2.4494444444444445,5.606051454408714
531,2024-02-22 12:45:00,-4.29594142288703,0.8727067506722881,0.2583,4.088888888888889,79.6,3.630029785,2.4544444444444444,5.380300170060357
532,2024-02-22 13:00:00,-3.873350153865088,2.121200922050261,0.2583,4.055555555555554,87.0,3.572732,2.4527777777777775,5.151900805652811
533,2024-02-22 13:15:00,-3.416998171925989,3.072163853666208,0.2583,3.8333333333333326,73.6,3.515434214,2.4416666666666664,4.914887390215422
534,2024-02-22 13:30:00,-3.013897137467344,3.3438056963840683,0.2583,3.877777778,94.8,3.464012964,2.4438888889,4.69725116527678
535,2024-02-22 13:45:00,-2.335412869101712,3.459913590232035,0.2583,3.8333333333333326,68.6,3.426191092,2.4416666666666664,4.38267417832152
536,2024-02-22 14:00:00,-1.5420227171771448,3.4806791197814504,0.2583,3.733333333333337,44.0,3.38836922,2.436666666666667,4.021210280401017
537,2024-02-22 14:15:00,-1.1463041611983995,3.5466390800977305,0.2583,3.777777777777776,55.4,3.350547348,2.4388888888888887,3.820558165803444
538,2024-02-22 14:30:00,-0.6864544174028674,3.75872392618206,0.2583,3.777777777777776,47.2,3.30626563,2.4388888888888887,3.5877275779100595
539,2024-02-22 14:45:00,-0.7962629811657899,3.844153481947694,0.2583,3.933333333333332,36.0,3.342709109,2.4466666666666663,3.6681571939451456
540,2024-02-22 15:00:00,-0.8297143740595355,3.9550673467094297,0.2583,4.000000000000002,44.2,3.379152588,2.45,3.717811516187566
541,2024-02-22 15:15:00,-1.1058846010748866,4.068131256871717,0.2583,4.144444444444445,48.8,3.415596068,2.457222222222222,3.865650845737915
542,2024-02-22 15:30:00,-1.2538563139444674,4.00663917021364,0.2583,4.299999999999997,44.4,3.478921718,2.465,3.9875855370444087
543,2024-02-22 15:45:00,-1.5701039155859249,4.076496183152463,0.2583,4.333333333333332,39.4,3.60765027,2.466666666666667,4.244178884426726
544,2024-02-22 16:00:00,-1.782260239499533,4.244990939878291,0.2583,4.311111111111114,30.8,3.736378822,2.4655555555555555,4.459242371143569
545,2024-02-22 16:15:00,-2.1006346398374376,4.47625574997281,0.2583,4.166666666666667,17.2,3.865107373,2.4583333333333335,4.719602819713534
546,2024-02-22 16:30:00,-2.30499682179628,4.605756772283122,0.2583,4.211111111,14.0,3.966540331,2.46055555555,4.903319350923836
547,2024-02-22 16:45:00,-2.866531111145352,4.577361503166039,0.2583,4.222222222222223,9.0,3.961986092,2.4611111111111112,5.126716566054545
548,2024-02-22 17:00:00,-3.2013133180860947,4.42956251012125,0.2583,4.222222222222223,11.0,3.957431853,2.4611111111111112,5.258191214750558
549,2024-02-22 17:15:00,-3.3837244349397757,4.347597372394002,0.2583,4.211111111,7.0,3.952877614,2.46055555555,5.328064785574926
550,2024-02-22 17:30:00,-3.340213375945179,3.41755453022508,0.2583,4.27777777777778,0.0,3.948323375,2.463888888888889,5.303990585079216
551,2024-02-22 17:45:00,-2.9270739008970303,2.008937239684724,0.2583,4.27777777777778,0.0,3.945723015,2.463888888888889,5.133712422353924
552,2024-02-22 18:00:00,-2.8519123875069616,1.3811937978286757,0.2583,4.333333333333332,0.0,3.944123456,2.466666666666667,5.100304153637957
553,2024-02-22 18:15:00,-2.773360900970842,0.9284118822935276,0.2583,4.388888888888888,0.0,3.85946763,2.4694444444444446,4.98253841104556
554,2024-02-22 18:30:00,-2.7538901675144465,0.7375044895198423,0.2583,4.422222222222223,0.0,3.776023829,2.471111111111111,4.890457799666818
555,2024-02-22 18:45:00,-2.6458000601620566,0.8384247276400798,0.2583,4.444444444444445,0.0,3.69052547,2.4722222222222223,4.76073673029027
556,2024-02-22 19:00:00,-2.433329484853666,0.970769981112248,0.2583,4.655555555555553,0.0,3.605027111,2.4827777777777778,4.585110591137973
557,2024-02-22 19:15:00,-2.009621782019152,1.1029611360955591,0.2583,4.833333333333335,0.0,3.639629375,2.4916666666666667,4.446166545041131
558,2024-02-22 19:30:00,-1.538996501521961,1.0685250624484,0.2583,4.588888888888892,0.0,3.67423164,2.479444444444445,4.294933791633325
559,2024-02-22 19:45:00,-0.8126346399867934,1.162710185647927,0.2583,4.544444444444444,0.0,3.706906095,2.477222222222222,4.034948784386909
560,2024-02-22 20:00:00,-0.2356038552741552,1.4463148803713568,0.2583,4.455555555555553,0.0,3.739580551,2.4727777777777775,3.834859575824417
561,2024-02-22 20:15:00,0.6852300392930433,1.704476949854501,0.2583,4.288888888888892,0.0,3.638070313,2.4644444444444447,3.916116767176618
562,2024-02-22 20:30:00,1.4626323837368262,3.2183549965227645,0.2583,4.333333333333332,0.0,3.536560075,2.466666666666667,4.129519149487903
563,2024-02-22 20:45:00,-12.5840861775252,-2.8988587512572862e-08,0.2583,4.299999999999997,0.0,3.335344063,2.465,8.44045001737128
564,2024-02-22 21:00:00,-11.718361527158928,3.246885561889614e-09,0.2583,4.144444444444445,0.0,3.134128052,2.457222222222222,7.903074637775733
565,2024-02-22 21:15:00,-11.134098479699253,9.239170710536335e-10,0.2583,4.200000000000001,0.0,2.982113238,2.46,7.508169530560672
566,2024-02-22 21:30:00,-10.828457316320796,-1.3024737700469352e-08,0.2583,4.066666666666666,0.0,2.830098424,2.453333333333333,7.243871786630759
567,2024-02-22 21:45:00,-9.396637188009406,-1.7040629602295335e-09,0.2583,4.055555555555554,0.0,2.535759035,2.4527777777777775,6.366777594097833
568,2024-02-22 22:00:00,-8.755260749243527,-1.1412368168320096e-08,0.0192,3.966666666666667,0.0,2.241419646,2.4483333333333333,5.817428120844191
569,2024-02-22 22:15:00,-7.847532798036533,0.0002065996666541,0.0192,3.944444444444445,0.0,1.929589576,2.447222222222222,5.136299913449662
570,2024-02-22 22:30:00,-7.325479203341903,0.0006748186913682,0.0192,3.888888888888889,0.0,1.617759506,2.4444444444444446,4.6145464528216875
571,2024-02-22 22:45:00,-5.770204627878747,0.0009923811524859,0.0192,3.888888888888889,0.0,1.364347104,2.4444444444444446,3.7248853608594867
572,2024-02-22 23:00:00,-4.446933659728257,0.0008916965420839,0.0192,3.8555555555555534,0.0,1.110934701,2.4427777777777777,2.9313760445321497
573,2024-02-22 23:15:00,-3.7418897180671538,0.0003960119196231,0.0192,3.799999999999998,0.0,0.906113042,2.44,2.4396744018635874
574,2024-02-22 23:30:00,-3.003781234537545,0.0004710374888971,0.0192,3.844444444444445,0.0,0.701291383,2.442222222222222,1.9312291041482215
575,2024-02-22 23:45:00,-2.348973931019553,0.0001282396871082,0.0192,3.8333333333333326,0.0,0.61619252,2.4416666666666664,1.5782296248544245
576,2024-02-23 00:00:00,-1.6855412487658905,0.0009167838904413,0.0192,3.82222222222222,0.0,0.531093657,2.441111111111111,1.2215748239955855
577,2024-02-23 00:15:00,-1.0422087724424274,0.0039964571277128,0.0192,3.844444444444445,0.0,0.444025426,2.442222222222222,0.870771511167509
578,2024-02-23 00:30:00,-0.506685726592038,0.0530024993475287,0.0192,3.777777777777776,0.0,0.352753968,2.4388888888888887,0.5605066577188311
579,2024-02-23 00:45:00,0.1700079479620469,0.4128382445672292,0.0192,3.8555555555555534,0.0,0.257057822,2.4427777777777777,0.3266539799103217
580,2024-02-23 01:00:00,0.492245894811027,1.0923977279238168,0.0192,3.877777778,0.0,0.236428476,2.4438888889,0.43784757367124805
581,2024-02-23 01:15:00,-6.970299660095809,2.025645070794553e-08,0.0192,3.799999999999998,0.0,0.222989515,2.44,3.079669703563856
582,2024-02-23 01:30:00,-5.306615936744578,5.800521023947366e-09,0.0192,3.811111111111111,0.0,0.209550554,2.4405555555555556,2.383898081006656
583,2024-02-23 01:45:00,-4.154934914585416,0.0039087900340998,0.0192,3.922222222222224,0.0,0.20369299,2.446111111111111,1.9022809632577218
584,2024-02-23 02:00:00,-3.5496090537278224,0.0092851265648643,0.0192,3.966666666666667,0.0,0.21619029,2.4483333333333333,1.6659965747084367
585,2024-02-23 02:15:00,-2.9996511514385547,0.0192522208361809,0.0192,3.888888888888889,0.0,0.228687589,2.4444444444444446,1.4558176054975904
586,2024-02-23 02:30:00,-2.431377930676274,0.036384147301534,0.0192,3.944444444444445,0.0,0.241184889,2.447222222222222,1.2347104906384323
587,2024-02-23 02:45:00,-1.981918411991287,0.0613676589259303,0.0192,3.799999999999998,0.0,0.259692286,2.44,1.0719539302587242
588,2024-02-23 03:00:00,-1.6027092106862435,0.0981668127165965,0.0192,3.844444444444445,0.0,0.26044358,2.442222222222222,0.9166939392436848
589,2024-02-23 03:15:00,-1.291107043165464,0.1905136745023082,0.0192,3.8333333333333326,0.0,0.261194875,2.4416666666666664,0.7899759165694733
590,2024-02-23 03:30:00,-0.7747905719795977,0.4380916215241867,0.0192,3.799999999999998,0.0,0.26194617,2.44,0.5794832896637695
591,2024-02-23 03:45:00,-0.5931089651707944,0.7364064935587167,0.0192,3.877777778,0.0,0.270702658,2.4438888889,0.5133933007148388
592,2024-02-23 04:00:00,-0.3986402439013486,0.978911351651517,0.0192,3.8333333333333326,0.0,0.332787725,2.4416666666666664,0.49605335390157623
593,2024-02-23 04:15:00,-0.2105346262905113,2.088622621938292,0.0192,3.722222222222224,0.0,0.394872792,2.4361111111111113,0.48129521556280963
594,2024-02-23 04:30:00,42.35487238994648,21.849694857808807,0.0192,3.755555555555558,0.0,0.456957859,2.437777777777778,17.831335776480323
595,2024-02-23 04:45:00,34.15996879293589,9.349403614472928,0.0192,3.744444444444442,0.0,0.552171922,2.437222222222222,14.568115351971416
596,2024-02-23 05:00:00,36.49783357752832,9.807443181935996,0.0192,3.5777777777777766,0.0,0.563216755,2.428888888888889,15.589772207779273
597,2024-02-23 05:15:00,38.56744547477306,10.750994593301847,0.0192,3.622222222,0.0,0.574261589,2.4311111111,16.438384499171114
598,2024-02-23 05:30:00,29.73575126462197,8.36751714200529,0.0192,3.4777777777777805,0.0,0.585306423,2.423888888888889,12.85309287184702
599,2024-02-23 05:45:00,28.84515811379383,7.910865607012411,0.0192,3.2222222222222205,0.0,0.632950382,2.411111111111111,12.596380014449055
600,2024-02-23 06:00:00,25.834048169952567,7.616524315785981,0.0192,3.188888888888886,0.0,0.772546086,2.4094444444444445,11.49453979269002
601,2024-02-23 06:15:00,24.190215668593112,7.386243423731082,0.0192,3.122222222222225,0.0,0.91214179,2.406111111111111,10.965798729152066
602,2024-02-23 06:30:00,22.904534922865302,7.135579086684305,0.0192,3.1666666666666683,0.0,1.051737494,2.408333333333333,10.562271025985593
603,2024-02-23 06:45:00,21.59739269392671,6.971349816706162,0.0192,4.200000000000001,0.0,1.275973146,2.46,10.055401070360451
604,2024-02-23 07:00:00,19.89082820938872,6.812139803315891,0.0192,4.444444444444445,4.2,1.437065748,2.4722222222222223,9.48279401247184
605,2024-02-23 07:15:00,18.232549149787346,6.364916073870647,0.0192,3.3888888888888897,9.2,1.598158349,2.4194444444444443,9.133999559015436
606,2024-02-23 07:30:00,16.716767332325176,5.914277018311264,0.0192,3.4222222222222243,30.4,1.759250951,2.421111111111111,8.663835897807093
607,2024-02-23 07:45:00,14.889918329339274,5.464390846349549,0.0192,3.511111111111111,31.0,1.994249908,2.4255555555555555,8.133016053856778
608,2024-02-23 08:00:00,13.627950021511548,5.016277539177587,0.2583,3.6555555555555546,36.2,2.299016557,2.432777777777778,7.900822914323769
609,2024-02-23 08:15:00,12.353860473475896,5.006356138027748,0.2583,3.6666666666666674,39.0,2.603783206,2.4333333333333336,7.680712167702422
610,2024-02-23 08:30:00,11.00210310721407,5.149172519532807,0.2583,3.722222222222224,50.2,2.908549856,2.4361111111111113,7.424806547672823
611,2024-02-23 08:45:00,10.441483735590047,5.342990033551604,0.2583,3.8333333333333326,69.0,3.030333021,2.4416666666666664,7.306708612367938
612,2024-02-23 09:00:00,9.465343448970176,5.432954735503615,0.2583,4.02222222222222,107.2,3.077108989,2.451111111111111,6.938763161290643
613,2024-02-23 09:15:00,8.55649364095669,5.121936051863512,0.2583,4.466666666666666,128.4,3.123884957,2.473333333333333,6.583383733667126
614,2024-02-23 09:30:00,7.381848273386926,4.368201479346645,0.2583,4.755555555555556,164.2,3.170660925,2.4877777777777776,6.137906769595013
615,2024-02-23 09:45:00,5.87477111052271,4.158616403623589,0.2583,5.199999999999999,228.8,3.274245676,2.51,5.614791935172395
616,2024-02-23 10:00:00,4.217988253734411,4.000011044564623,0.2583,5.799999999999999,419.2,3.377830427,2.54,5.038455723745831
617,2024-02-23 10:15:00,2.392848001527487,3.7557442808120016,0.2583,7.688888888888887,470.0,3.481415178,2.634444444444444,4.389708388196009
618,2024-02-23 10:30:00,0.3216168399566195,0.7568240646820084,0.2583,8.0,429.0,3.590967355,2.65,3.712332200266649
619,2024-02-23 10:45:00,-0.9704903546420842,-0.0344318796276745,0.2583,8.588888889,185.0,3.586603104,2.67944444445,3.9488014532332842
620,2024-02-23 11:00:00,-2.3549582184619178,-1.5475128929295408,0.2583,8.833333333333334,604.2,3.582238852,2.6916666666666664,4.457145930066347
621,2024-02-23 11:15:00,-3.207227483889336,-3.7091489615519166,0.2583,8.788888888888888,554.2,3.577874601,2.6894444444444443,4.770398763569883
622,2024-02-23 11:30:00,-3.703127651182495,-5.417609591002463,0.2583,9.422222222222224,470.8,3.599994034,2.721111111111111,4.960882105075641
623,2024-02-23 11:45:00,-4.120178825514853,-5.821452393415309,0.2583,9.2,572.2,3.642339804,2.71,5.162700994226883
624,2024-02-23 12:00:00,-4.490752604755192,-5.564553528642413,0.2583,10.133333333333333,584.8,3.684685573,2.756666666666667,5.3137373038664535
625,2024-02-23 12:15:00,-4.940259842356905,-5.271630739310831,0.2583,10.577777777777776,581.2,3.727031343,2.778888888888889,5.504813773276376
626,2024-02-23 12:30:00,-5.320912649619916,-5.630211064572849,0.2583,10.61111111111111,298.8,3.733241184,2.7805555555555554,5.6468561229242455
627,2024-02-23 12:45:00,-5.470271901998813,-4.988266274900509,0.2583,10.833333333333334,582.8,3.669714671,2.7916666666666665,5.629215053805545
628,2024-02-23 13:00:00,-5.040216798138307,-3.9968100604483983,0.2583,10.988888888888887,418.2,3.606188158,2.799444444444444,5.40662281500515
629,2024-02-23 13:15:00,-4.809465700333209,-2.975463472880018,0.2583,11.655555555555551,566.6,3.542661645,2.8327777777777774,5.24045302774167
630,2024-02-23 13:30:00,-4.426899828868224,-2.3149635017899146,0.2583,11.7,595.2,3.489101974,2.835,5.0506186684861465
631,2024-02-23 13:45:00,-4.5365324934859,-1.4833083898483803,0.2583,11.67777777777778,654.4,3.450314607,2.833888888888889,5.051129837008747
632,2024-02-23 14:00:00,-4.070149013968281,-0.8134691457308821,0.2583,11.400000000000002,323.4,3.41152724,2.8200000000000003,4.854842493180241
633,2024-02-23 14:15:00,-3.822770415690753,-0.147557074705436,0.2583,12.022222222222222,563.2,3.372739874,2.851111111111111,4.713540097741886
634,2024-02-23 14:30:00,-3.739639252407085,-4.9610913312894416e-08,0.2583,11.444444444444445,264.0,3.326678611,2.8222222222222224,4.651747637443456
635,2024-02-23 14:45:00,-3.824239984471058,-4.721753473718137e-10,0.2583,11.333333333333334,135.6,3.361915106,2.816666666666667,4.719633443682032
636,2024-02-23 15:00:00,-3.9770268081240174,1.75922733834459e-05,0.2583,11.3,279.0,3.397151601,2.815,4.8099497566390825
637,2024-02-23 15:15:00,-4.233297336717318,-0.0009457700275067,0.2583,11.155555555555557,175.8,3.432388096,2.807777777777778,4.940091935748946
638,2024-02-23 15:30:00,-4.387594988212793,-0.0058252041151213,0.2583,11.011111111111116,100.4,3.496152418,2.800555555555556,5.062839777409447
639,2024-02-23 15:45:00,-5.096423955430164,-0.0249169027985179,0.2583,10.555555555555555,122.8,3.628027671,2.7777777777777777,5.462740294954859
640,2024-02-23 16:00:00,-5.318812154153927,-0.1960975968239683,0.2583,9.911111111,107.4,3.759902924,2.74555555555,5.697147334662978
641,2024-02-23 16:15:00,-5.593003871312235,-0.866173176778578,0.2583,9.611111111111107,86.6,3.891778177,2.730555555555555,5.94008071379797
642,2024-02-23 16:30:00,-5.56485713222333,-1.316855725031944,0.2583,8.966666666666667,90.8,3.99574699,2.6983333333333333,6.058078231095737
643,2024-02-23 16:45:00,-5.460815193612749,-1.9193622497263536,0.2583,8.633333333333333,80.6,3.991143913,2.6816666666666666,6.027495134981137
644,2024-02-23 17:00:00,-5.211864261633935,-2.4161859221874984,0.2583,8.244444444444444,52.4,3.986540836,2.6622222222222223,5.944252787365
645,2024-02-23 17:15:00,-4.885394522161557,-2.952014848189107,0.2583,8.022222222,25.6,3.981937759,2.6511111111,5.8247102107870194
646,2024-02-23 17:30:00,-4.685699079938977,-1.5515699002666754,0.2583,7.877777777777778,7.8,3.977334682,2.6438888888888887,5.74961002217444
647,2024-02-23 17:45:00,-4.240905995499673,-0.9585205339032308,0.2583,7.411111111,0.0,3.974685484,2.62055555555,5.593008738593087
648,2024-02-23 18:00:00,-3.971681244130677,-1.7336681328551538,0.2583,7.200000000000001,0.0,3.973002497,2.61,5.494719448774205
649,2024-02-23 18:15:00,-3.369353692011179,-2.2046613205261334,0.2583,6.988888888888888,0.0,3.888566324,2.5994444444444444,5.184748552172713
650,2024-02-23 18:30:00,-2.6616667861277103,-1.2759589317675426,0.2583,6.7444444444444445,0.0,3.805401183,2.587222222222222,4.8341751179430705
651,2024-02-23 18:45:00,-1.954568458086364,-1.1708735135492008,0.2583,6.566666666666666,0.0,3.720181484,2.578333333333333,4.478255869812423
652,2024-02-23 19:00:00,-1.1299182523019953,-1.0383416219947446,0.2583,6.4444444444444455,0.0,3.634961786,2.5722222222222224,4.07423886032907
653,2024-02-23 19:15:00,-1.240953013025384,-0.905985351505978,0.2583,6.311111111111111,0.0,3.671010477,2.5655555555555556,4.154708056784688
654,2024-02-23 19:30:00,-1.1725635082010537,-0.3607226264554788,0.2583,6.277777777777776,0.0,3.707059168,2.5638888888888887,4.164397047688385
655,2024-02-23 19:45:00,-0.9682591968871824,-0.260062123879364,0.2583,6.177777777777781,0.0,3.74118005,2.558888888888889,4.1195705307635535
656,2024-02-23 20:00:00,-0.6505684592461999,0.0241331926291361,0.2583,5.944444444444446,0.0,3.775300932,2.5472222222222225,4.030704034866556
657,2024-02-23 20:15:00,0.3449659384604616,0.2826400250582756,0.2583,5.799999999999999,0.0,3.676326203,2.54,3.8121395645986067
658,2024-02-23 20:30:00,1.589888191131855,2.21043901076322,0.2583,5.533333333333334,0.0,3.577351473,2.526666666666667,4.206594820413662
659,2024-02-23 20:45:00,-11.524190690063811,-9.23714344899374e-08,0.2583,5.211111111111109,0.0,3.378670969,2.5105555555555554,7.968965999341859
660,2024-02-23 21:00:00,-10.662660785317316,-1.295377578082e-07,0.2583,4.877777777777778,0.0,3.179990466,2.493888888888889,7.455506040419953
661,2024-02-23 21:15:00,-10.48676244727294,3.1580543735794784e-08,0.2583,4.433333333333335,0.0,3.043755391,2.4716666666666667,7.286545322465788
662,2024-02-23 21:30:00,-9.982508820101632,1.6090096606448553e-08,0.2583,3.4222222222222243,0.0,2.907520316,2.421111111111111,7.030630888781767
663,2024-02-23 21:45:00,-9.108946881470864,0.0007131506067966,0.2583,2.4000000000000004,0.0,2.628960666,2.37,6.472398168730322
664,2024-02-23 22:00:00,-7.252597784406824,0.0028435713020148,0.0192,1.4555555555555542,0.0,2.350401015,2.3227777777777776,5.472782266359073
665,2024-02-23 22:15:00,-5.523542604200695,0.0057866928391149,0.0192,0.6111111111111119,0.0,2.03767235,2.2805555555555554,4.45968859544732
666,2024-02-23 22:30:00,-3.593406235164513,0.0092611181762335,0.0192,0.2222222222222214,0.0,1.724943684,2.261111111111111,3.3141651147852884
667,2024-02-23 22:45:00,-0.6227121142449505,0.0148974550445391,0.0192,-0.1,0.0,1.470632685,2.245,1.7480100187393988
668,2024-02-23 23:00:00,2.1307278026278262,0.0222907677423127,0.0192,-0.355555556,0.0,1.216321686,2.2322222222,2.1708538026670654
669,2024-02-23 23:15:00,3.847260862682994,0.0381347536526245,0.0192,-0.611111111,0.0,0.986204088,2.21944444445,2.719638268929175
670,2024-02-23 23:30:00,5.610501461961645,0.1146830805887782,0.0192,-1.033333333,0.0,0.756086489,2.19833333335,3.3082478818365924
671,2024-02-23 23:45:00,6.993049134050367,0.6068369950481236,0.0192,-1.166666667,0.0,0.645691686,2.1916666666499998,3.836436538062455
