,Time,thermal_load_baseline(kW),thermal_load_MPC(kW),TOU($/kWh),temp_amb,q_sol,elec_load(kW),cop,baseline(kW)
0,2024-07-14 00:00:00,-32.57777303182673,-24.301935832871504,0.0192,21.333333333333336,0.0,53.13047827148438,5.22,59.37143095957379
1,2024-07-14 00:15:00,-34.4758906764176,-25.231085561404456,0.0192,21.11111111111111,0.0,53.24832678222656,5.233333333333333,59.83607659300699
2,2024-07-14 00:30:00,-33.51772253697602,-23.580302041661184,0.0192,20.73333333333333,0.0,53.62708441162109,5.256,60.00412446812338
3,2024-07-14 00:45:00,-32.35832606369821,-24.67975141733615,0.0192,20.62222222222222,0.0,56.8561102294922,5.262666666666667,63.00476605613868
4,2024-07-14 01:00:00,-31.0792882750953,-22.94840179388713,0.0192,20.488888888888887,0.0,54.869340698242205,5.270666666666667,60.76599291335009
5,2024-07-14 01:15:00,-29.70841218437646,-22.23749081715017,0.0192,20.1,0.0,56.17837976074219,5.294,61.790093433650476
6,2024-07-14 01:30:00,-30.587272795047163,-24.51750282104128,0.0192,19.944444444444446,0.0,57.15722998046876,5.303333333333333,62.924786132897516
7,2024-07-14 01:45:00,-30.816823265572637,-24.874886911918352,0.0192,19.77777777777777,0.0,54.97323132324219,5.3133333333333335,60.773135325545695
8,2024-07-14 02:00:00,-31.11126533884944,-22.8344929558092,0.0192,19.61111111111111,0.0,54.99839691162109,5.323333333333333,60.84271726331479
9,2024-07-14 02:15:00,-29.61055615419622,-21.885201339017403,0.0192,19.6,0.0,54.279875,5.324,59.84158727539373
10,2024-07-14 02:30:00,-28.430564827566094,-23.93429534514709,0.0192,19.566666666666663,0.0,53.62672198486328,5.3260000000000005,58.96479273731654
11,2024-07-14 02:45:00,-28.195759320208644,-22.13904719415273,0.0192,19.46666666666666,0.0,54.34860308837891,5.332000000000001,59.636629967637845
12,2024-07-14 03:00:00,-27.83896076961129,-22.34972428071553,0.0192,19.444444444444443,0.0,52.88668902587891,5.333333333333333,58.10649417018102
13,2024-07-14 03:15:00,-28.244784262057564,-22.543667508665138,0.0192,19.411111111111115,0.0,51.9262211303711,5.335333333333333,57.220132962569814
14,2024-07-14 03:30:00,-27.683763637274364,-22.381095973158036,0.0192,19.37777777777778,0.0,52.55294140625,5.3373333333333335,57.73975697656121
15,2024-07-14 03:45:00,-27.114795268466995,-22.690711547231363,0.0192,19.21111111111111,0.0,51.404431213378906,5.347333333333333,56.47514470330541
16,2024-07-14 04:00:00,-26.275823530386905,-21.76072888672443,0.0192,19.07777777777778,0.0,54.264743041992205,5.355333333333333,59.171220733462434
17,2024-07-14 04:15:00,-25.80163756421974,-22.64912689198422,0.0192,18.90000000000001,0.0,52.22088043212891,5.366,57.029236295755396
18,2024-07-14 04:30:00,-26.30149589630305,-21.942244846784394,0.0192,18.85555555555556,0.0,53.14572113037109,5.368666666666666,58.04479524491904
19,2024-07-14 04:45:00,-26.51390413417557,-22.34648573823209,0.0192,18.75555555555556,0.0,52.066178161621096,5.374666666666666,56.99930346567262
20,2024-07-14 05:00:00,-26.090870908774093,-21.011577396846988,0.0192,18.666666666666664,0.0,51.43801257324221,5.38,56.28761683137866
21,2024-07-14 05:15:00,-24.45821160682704,-21.30774441200321,0.0192,18.48888888888889,0.0,51.35078753662109,5.390666666666666,55.887927953420565
22,2024-07-14 05:30:00,-23.208686492036065,-19.41665398402384,0.0192,18.43333333333333,0.0,52.5942117919922,5.394,56.896897459777904
23,2024-07-14 05:45:00,-23.099695057837614,-18.47597161277792,0.0192,18.34444444444445,8.6,53.011989135742205,5.399333333333333,57.29023862169805
24,2024-07-14 06:00:00,-22.430075608086703,-20.918242798381485,0.0192,18.35555555555555,18.0,52.96585394287109,5.398666666666667,57.12059751068167
25,2024-07-14 06:15:00,-22.035371724650133,-20.954077013846614,0.0192,18.42222222222222,27.6,50.73483135986328,5.394666666666667,54.81948998405695
26,2024-07-14 06:30:00,-23.229180463801622,-18.75640986670096,0.0192,18.45555555555556,42.0,53.042262573242205,5.392666666666666,57.34981241818008
27,2024-07-14 06:45:00,-23.535421160643303,-19.322958350831637,0.0192,19.0,65.6,50.80577496337891,5.36,55.19671174708102
28,2024-07-14 07:00:00,-19.80774418602073,-21.01052352625381,0.0192,19.15555555555555,86.8,51.1738101196289,5.350666666666667,54.8757309119328
29,2024-07-14 07:15:00,-25.71265937686533,-20.59244024651575,0.0192,19.188888888888883,117.2,50.80733917236328,5.348666666666667,55.61464181044105
30,2024-07-14 07:30:00,-24.307548620026967,-19.71453639352615,0.0192,19.922222222222224,179.8,50.7450601196289,5.304666666666667,55.32735532259993
31,2024-07-14 07:45:00,-22.693201799068245,-19.88408167366997,0.0192,20.51111111111112,226.6,49.17555792236328,5.269333333333333,53.48221312208524
32,2024-07-14 08:00:00,-22.702536286605163,-21.285116372964307,0.5246,21.32222222222222,269.4,46.68927496337891,5.220666666666667,51.037864470454345
33,2024-07-14 08:15:00,-30.415393294125447,-20.738623044816983,0.5246,21.96666666666666,315.0,47.827998474121095,5.182,53.69742983153627
34,2024-07-14 08:30:00,-28.777844817678154,-21.909462001159927,0.5246,22.67777777777778,358.8,46.79021807861328,5.139333333333333,52.38974684064691
35,2024-07-14 08:45:00,-25.873609757939395,-20.763262532589795,0.5246,23.64444444444445,408.2,44.99676715087891,5.081333333333333,50.08866096312099
36,2024-07-14 09:00:00,-29.114470338477084,-23.34227828161293,0.5246,24.444444444444443,451.0,44.6980234375,5.033333333333333,50.48235529282657
37,2024-07-14 09:15:00,-31.59545474988947,-23.741858788583603,0.5246,25.34444444444445,494.8,45.86130621337891,4.979333333333333,52.2066244788541
38,2024-07-14 09:30:00,-32.53941947149048,-23.29000141383889,0.5246,25.9,535.8,46.71135327148437,4.946,53.290289678983456
39,2024-07-14 09:45:00,-32.63187020767052,-22.888295309716312,0.5246,27.22222222222222,574.4,43.18090625000001,4.866666666666667,49.88608505979532
40,2024-07-14 10:00:00,-33.91702831239748,-23.735809258887773,0.5246,27.35555555555556,616.6,45.2619140625,4.858666666666666,52.242641624052716
41,2024-07-14 10:15:00,-35.048103920937315,-24.19051939545312,0.5246,27.77777777777778,659.8,42.212046875,4.833333333333333,49.46337872071117
42,2024-07-14 10:30:00,-36.81744830917065,-24.14074598671119,0.5246,29.17777777777778,691.6,42.9994281616211,4.749333333333333,50.75155792913316
43,2024-07-14 10:45:00,-36.91656593395884,-25.628349221481027,0.5246,29.533333333333328,724.8,42.0368374633789,4.728000000000001,49.84490978443618
44,2024-07-14 11:00:00,-36.33037906996315,-26.23094666231581,0.5246,28.73333333333333,747.8,40.436196838378905,4.776,48.04306012773468
45,2024-07-14 11:15:00,-37.89614053113492,-49.31142757412261,0.5246,29.71111111111112,778.8,40.3981796875,4.7173333333333325,48.43156165424708
46,2024-07-14 11:30:00,-38.57414621496404,-70.46045722587112,0.5246,28.766666666666666,801.4,43.12636260986328,4.774,51.20640999464837
47,2024-07-14 11:45:00,-40.28702608770809,-69.72174492455673,0.5246,29.533333333333328,824.4,44.33263623046875,4.728000000000001,52.85358083446792
48,2024-07-14 12:00:00,-46.75720823564305,-70.28288327351461,0.5246,30.21111111111111,837.8,43.169876708984376,4.687333333333333,53.14510247394876
49,2024-07-14 12:15:00,-83.98216874862797,-69.68901925433148,0.5246,30.93333333333333,852.4,40.93377685546875,4.644,59.017792520547985
50,2024-07-14 12:30:00,-89.07152770943006,-69.6649125971876,0.5246,30.57777777777777,857.2,41.13774694824218,4.665333333333334,60.22995780336437
51,2024-07-14 12:45:00,-82.50789618960349,-70.24488982464385,0.5246,31.411111111111104,869.8,41.92279248046874,4.615333333333334,59.799701953876976
52,2024-07-14 13:00:00,-84.94923626105985,-69.847020309281,0.5246,30.91111111111111,893.2,42.18100170898437,4.645333333333333,60.46800721868439
53,2024-07-14 13:15:00,-85.33749156334098,-70.3329371535795,0.5246,30.8,571.4,41.44294091796876,4.652,59.78719963751755
54,2024-07-14 13:30:00,-84.019697704322,-70.74734341814819,0.5246,31.411111111111104,799.8,38.61945959472656,4.615333333333334,56.82392970255307
55,2024-07-14 13:45:00,-84.87176920022574,-70.48091332470113,0.5246,31.77777777777778,873.0,39.40774865722656,4.593333333333334,57.884911763226356
56,2024-07-14 14:00:00,-85.06485400182102,-70.42636146664388,0.5246,31.688888888888883,861.4,39.130820312500006,4.598666666666667,57.628541536439045
57,2024-07-14 14:15:00,-69.65927873814,-69.94336745034975,0.5246,31.47777777777777,867.8,39.03779553222657,4.6113333333333335,54.14389906080977
58,2024-07-14 14:30:00,-75.51885928425406,-69.48842051434697,0.5246,31.34444444444445,887.6,41.25525646972656,4.6193333333333335,57.60368898904841
59,2024-07-14 14:45:00,-94.93517150144316,-69.0118642760182,0.5246,31.84444444444445,880.6,40.77274084472656,4.589333333333333,61.45878925439605
60,2024-07-14 15:00:00,-82.5224133912034,-69.38815037125985,0.5246,31.54444444444444,761.0,42.48737670898437,4.607333333333334,60.39847786464999
61,2024-07-14 15:15:00,-86.56613573268865,-70.54779729956505,0.5246,31.14444444444445,679.0,41.49137365722656,4.631333333333333,60.18278053775528
62,2024-07-14 15:30:00,-84.45105699140987,-70.1310784154023,0.5246,31.17777777777778,429.2,41.79844702148438,4.629333333333333,60.041042857762434
63,2024-07-14 15:45:00,-76.72255369602199,-69.85737034727023,0.5246,31.1,700.8,39.98108154296875,4.634,56.537523859762445
64,2024-07-14 16:00:00,-74.13135945292022,-54.702271334743465,0.5246,31.411111111111104,693.4,42.840796875,4.615333333333334,58.90276988949954
65,2024-07-14 16:15:00,-74.54772563512256,-28.98542115768244,0.5246,31.766666666666666,680.0,43.13733154296875,4.594,59.36452475914693
66,2024-07-14 16:30:00,-78.59087421368575,-28.067796626717115,0.5246,31.622222222222224,668.6,40.73536889648437,4.602666666666667,57.81044295797461
67,2024-07-14 16:45:00,-78.03575617729709,-28.971994892279103,0.5246,31.21111111111111,305.6,44.41216882324218,4.6273333333333335,61.27625674514762
68,2024-07-14 17:00:00,-63.995411471470106,-27.9205744546944,0.5246,31.411111111111104,403.2,46.64308288574219,4.615333333333334,60.50890943596682
69,2024-07-14 17:15:00,-57.30131626509822,-28.33878399217792,0.5246,31.411111111111104,186.2,48.071103271484375,4.615333333333334,60.486526411401655
70,2024-07-14 17:30:00,-44.61213763172045,-29.44680851224701,0.5246,31.166666666666668,494.2,44.08076428222657,4.63,53.716215174606795
71,2024-07-14 17:45:00,-39.76320036817014,-27.305784513575396,0.5246,31.84444444444445,506.0,44.12845007324219,4.589333333333333,52.79271511569647
72,2024-07-14 18:00:00,-41.34566763817556,-27.797136781823312,0.5246,31.17777777777778,149.2,45.50200341796875,4.629333333333333,54.433239226906444
73,2024-07-14 18:15:00,-39.70638970555023,-29.39102416104653,0.5246,30.91111111111111,136.0,45.29932373046876,4.645333333333333,53.84691049257056
74,2024-07-14 18:30:00,-38.05290707329607,-28.68610689933929,0.5246,30.86666666666666,180.2,44.19540014648437,4.648000000000001,52.382342287899185
75,2024-07-14 18:45:00,-37.22928282198431,-27.82982469195828,0.5246,30.95555555555556,121.8,48.39426428222656,4.642666666666666,56.413208026192166
76,2024-07-14 19:00:00,-34.22228400472592,-28.0746582952383,0.5246,30.71111111111111,118.6,46.41825952148437,4.657333333333334,53.76630217924115
77,2024-07-14 19:15:00,-35.49646987801696,-27.618309699264447,0.5246,30.588888888888885,58.4,47.98449865722657,4.664666666666667,55.59414633723592
78,2024-07-14 19:30:00,-34.68018126288745,-27.903646671395077,0.5246,30.311111111111103,39.4,45.85046264648437,4.681333333333334,53.25864719423873
79,2024-07-14 19:45:00,-34.34156989390396,-28.44593427149455,0.5246,30.0,35.8,47.17751733398437,4.7,54.484234332687336
80,2024-07-14 20:00:00,-34.17014232457161,-27.727331909070767,0.5246,29.78888888888889,25.0,50.2803359375,4.712666666666666,57.53103808587423
81,2024-07-14 20:15:00,-32.57142204753616,-27.015842750365863,0.5246,29.144444444444453,17.0,50.72421569824219,4.751333333333333,57.579432910435855
82,2024-07-14 20:30:00,-32.60124611525555,-26.97319270686499,0.5246,27.700000000000003,0.0,53.66907507324218,4.838,60.40765426200935
83,2024-07-14 20:45:00,-32.640134189459914,-26.94718691389093,0.5246,27.22222222222222,0.0,53.2813671875,4.866666666666667,59.988244075745186
84,2024-07-14 21:00:00,-32.84920247296294,-26.127991790723023,0.5246,26.933333333333326,0.0,52.15787060546874,4.884,58.88375153768883
85,2024-07-14 21:15:00,-33.38300154069055,-26.05452997653886,0.5246,26.73333333333333,0.0,52.54408935546876,4.896,59.36251287276667
86,2024-07-14 21:30:00,-33.80547593873551,-26.473880142021912,0.5246,26.622222222222224,0.0,53.189829833984376,4.902666666666667,60.08515399880669
87,2024-07-14 21:45:00,-32.82960307180995,-26.9090352475026,0.5246,26.55555555555556,0.0,52.17455944824219,4.906666666666666,58.86537529168172
88,2024-07-14 22:00:00,-31.763557561148385,-27.10596469140998,0.0192,26.65555555555555,0.0,51.358301635742194,4.900666666666667,57.83977848810549
89,2024-07-14 22:15:00,-31.640186930241704,-26.01164661785177,0.0192,26.28888888888889,0.0,53.04263146972656,4.922666666666666,59.47008006064782
90,2024-07-14 22:30:00,-32.05943885719366,-24.713711858203204,0.0192,26.333333333333336,0.0,54.84982983398437,4.92,61.36597594317008
91,2024-07-14 22:45:00,-32.07617122328639,-25.42667678268726,0.0192,26.11111111111111,0.0,54.207125000000005,4.933333333333334,60.70905159931481
92,2024-07-14 23:00:00,-31.80084132787273,-26.101268331962284,0.0192,25.92222222222222,0.0,54.20392968749999,4.9446666666666665,60.63527146878745
93,2024-07-14 23:15:00,-31.96020739410924,-24.72456423281871,0.0192,25.92222222222222,0.0,53.98635021972656,4.9446666666666665,60.44992189171845
94,2024-07-14 23:30:00,-32.468261438993686,-24.90692180105149,0.0192,25.91111111111111,0.0,54.22588146972656,4.945333333333333,60.79131583997333
95,2024-07-14 23:45:00,-31.92703647770792,-25.6471178012964,0.0192,25.944444444444443,0.0,52.33162060546876,4.943333333333333,58.79022542226739
96,2024-07-15 00:00:00,-32.26414169543627,-24.50677618662489,0.0192,25.877777777777776,0.0,51.478700073242194,4.947333333333334,58.0002217742467
97,2024-07-15 00:15:00,-32.07696079066968,-25.155281923805823,0.0192,25.688888888888886,0.0,51.39471875,4.958666666666667,57.863586884714245
98,2024-07-15 00:30:00,-32.90214499455846,-23.470979106223147,0.0192,25.611111111111107,0.0,52.94772216796875,4.963333333333334,59.576764141351916
99,2024-07-15 00:45:00,-32.844755536362484,-25.57284747535657,0.0192,25.444444444444443,0.0,52.604075073242186,4.973333333333334,59.208248438462526
100,2024-07-15 01:00:00,-32.32219028610644,-23.83336523440896,0.0192,25.28888888888889,0.0,51.681800292968745,4.982666666666667,58.16872636055768
101,2024-07-15 01:15:00,-32.052561091854464,-23.219021820899997,0.0192,25.266666666666666,0.0,52.72822045898438,4.984,59.15931217083319
102,2024-07-15 01:30:00,-32.83680986638895,-22.146996576040515,0.0192,25.522222222222226,0.0,51.23887976074219,4.968666666666667,57.84765673640078
103,2024-07-15 01:45:00,-33.48398998704011,-22.732476345914417,0.0192,25.444444444444443,0.0,53.77340966796875,4.973333333333334,60.50611542943794
104,2024-07-15 02:00:00,-33.74455741113854,-23.81881026693907,0.0192,25.311111111111103,0.0,51.7192890625,4.981333333333334,58.493490898247835
105,2024-07-15 02:15:00,-32.748464932716274,-24.36660293979456,0.0192,25.32222222222222,0.0,50.6397578125,4.980666666666667,57.21487458389264
106,2024-07-15 02:30:00,-32.38973873080335,-24.255485687909843,0.0192,25.3,0.0,50.95699560546875,4.982,57.4583482210455
107,2024-07-15 02:45:00,-32.14773008606052,-23.577855612202885,0.0192,25.33333333333333,0.0,51.43115014648437,4.98,57.88651763364511
108,2024-07-15 03:00:00,-32.12886300537164,-22.721619194415396,0.0192,25.28888888888889,0.0,53.540273437500005,4.982666666666667,59.98839954240467
109,2024-07-15 03:15:00,-32.00006931034018,-23.394334747568568,0.0192,25.166666666666668,0.0,53.68428295898437,4.99,60.0971225001347
110,2024-07-15 03:30:00,-32.158676622888606,-22.364130238923643,0.0192,25.033333333333328,0.0,50.65741577148438,4.998,57.09172481968138
111,2024-07-15 03:45:00,-31.688618106111385,-23.25762181731454,0.0192,24.944444444444446,0.0,53.99252685546875,5.003333333333333,60.32602814249968
112,2024-07-15 04:00:00,-30.75162436611185,-24.16374783237131,0.0192,25.0,0.0,53.96552685546875,5.0,60.115851728691126
113,2024-07-15 04:15:00,-30.638907052823136,-22.114852583280506,0.0192,25.21111111111111,0.0,54.00861108398438,4.987333333333334,60.151955634075904
114,2024-07-15 04:30:00,-30.61605941697775,-22.05580485779958,0.0192,25.3,0.0,53.00658764648438,4.982,59.15192273620291
115,2024-07-15 04:45:00,-29.6763259036046,-22.890027128607787,0.0192,25.444444444444443,0.0,58.970651855468745,4.973333333333334,64.93774151437047
116,2024-07-15 05:00:00,-30.22193602003293,-21.11731577869969,0.0192,25.23333333333333,0.0,57.2481796875,4.986,63.30953869673244
117,2024-07-15 05:15:00,-30.113240079096244,-22.335129130414185,0.0192,25.066666666666663,0.0,54.48530334472656,4.996,60.51277333653926
118,2024-07-15 05:30:00,-31.420573447976327,-22.272800075213112,0.0192,24.9,0.0,58.62821435546876,5.006,64.90479714571572
119,2024-07-15 05:45:00,-30.95697826401226,-21.091992037480697,0.0192,24.83333333333333,0.0,54.06340490722656,5.010000000000001,60.24244248487372
120,2024-07-15 06:00:00,-31.05534229515092,-19.816688308747448,0.0192,24.82222222222222,16.4,53.28277990722657,5.010666666666667,59.480626293965045
121,2024-07-15 06:15:00,-29.500203138714863,-20.99598035895099,0.0192,24.711111111111105,20.6,51.00592529296876,5.017333333333334,56.885583106956574
122,2024-07-15 06:30:00,-31.03012477813432,-21.41420904072189,0.0192,24.844444444444445,26.0,52.5534140625,5.009333333333333,58.74787602246826
123,2024-07-15 06:45:00,-29.28980604505809,-20.99699660953757,0.0192,24.988888888888884,40.6,54.37748303222656,5.000666666666667,60.23466328387129
124,2024-07-15 07:00:00,-30.030919741460327,-21.246303024227768,0.0192,24.88888888888889,63.6,54.70360327148437,5.006666666666667,60.70178963795448
125,2024-07-15 07:15:00,-31.232666020967137,-20.700351824645928,0.0192,25.033333333333328,81.2,54.465859375,4.998,60.714892192320356
126,2024-07-15 07:30:00,-31.449782720599245,-20.760870777419587,0.0192,25.222222222222225,78.0,53.12622521972656,4.986666666666666,59.432999829472394
127,2024-07-15 07:45:00,-31.52593879611131,-20.636941445033703,0.0192,25.46666666666667,119.8,53.56319226074218,4.9719999999999995,59.90388791563182
128,2024-07-15 08:00:00,-29.751202964405618,-21.00101504117147,0.5246,25.877777777777776,139.2,52.93080810546876,4.947333333333334,58.94439177971865
129,2024-07-15 08:15:00,-30.139145249359785,-22.127642238263803,0.5246,26.444444444444443,262.2,55.9930234375,4.913333333333333,62.12717783017838
130,2024-07-15 08:30:00,-27.9999363565428,-21.47541179572268,0.5246,26.77777777777778,340.6,52.88805810546874,4.8933333333333335,58.61011594399928
131,2024-07-15 08:45:00,-29.89403513585073,-22.670001849359537,0.5246,27.188888888888886,391.2,53.87671875,4.868666666666667,60.01680538614626
132,2024-07-15 09:00:00,-29.840721463968872,-22.5453055715578,0.5246,27.655555555555555,432.2,47.76815014648437,4.8406666666666665,53.93273934851623
133,2024-07-15 09:15:00,-28.22673648471278,-23.468919200130685,0.5246,27.855555555555554,475.4,53.013070312500005,4.828666666666667,58.85872884171016
134,2024-07-15 09:30:00,-34.93587932824946,-24.60293131681761,0.5246,28.53333333333333,518.2,52.901292480468754,4.788,60.19784204777232
135,2024-07-15 09:45:00,-33.59464917025585,-25.864925684803524,0.5246,28.277777777777786,556.6,54.00333764648437,4.803333333333333,60.99736592620453
136,2024-07-15 10:00:00,-35.83499965543894,-24.922048534741503,0.5246,28.911111111111104,593.4,54.89360632324218,4.765333333333333,62.41354189727106
137,2024-07-15 10:15:00,-34.74910445423439,-49.83731927899444,0.5246,28.866666666666674,628.4,56.37682507324219,4.768,63.66480838998598
138,2024-07-15 10:30:00,-36.899400318774745,-60.719146180232265,0.5246,29.988888888888887,698.6,56.39274865722656,4.700666666666667,64.2425714452229
139,2024-07-15 10:45:00,-40.488812542303016,-70.34864752330616,0.5246,29.77777777777778,695.8,56.46561279296876,4.713333333333333,65.05588419515469
140,2024-07-15 11:00:00,-48.65626526727426,-70.78152830906323,0.5246,30.34444444444445,759.2,57.48813928222657,4.679333333333333,67.88625837339502
141,2024-07-15 11:15:00,-84.76159898145974,-69.610082876133,0.5246,30.57777777777777,830.4,54.55409545898439,4.665333333333334,72.72248620951163
142,2024-07-15 11:30:00,-83.22600544055291,-68.8565904462598,0.5246,30.72222222222222,830.2,54.82333935546876,4.656666666666666,72.69578146868699
143,2024-07-15 11:45:00,-83.91847849128851,-68.64697250203095,0.5246,30.95555555555556,653.6,50.744858032226574,4.642666666666666,68.82034880433065
144,2024-07-15 12:00:00,-82.62972270664454,-68.99507551485716,0.5246,30.81111111111112,897.4,58.757412719726574,4.651333333333333,76.52215172789153
145,2024-07-15 12:15:00,-84.2111167723422,-68.74389818583256,0.5246,31.344444444444434,856.8,52.66029248046874,4.6193333333333335,70.89043754592022
146,2024-07-15 12:30:00,-62.73348173294549,-68.29837782366438,0.5246,31.644444444444453,863.0,56.50402990722657,4.601333333333333,70.13779151247407
147,2024-07-15 12:45:00,-44.08358761583377,-68.22682738919738,0.5246,32.144444444444446,886.8,52.27982373046876,4.5713333333333335,61.92330942738442
148,2024-07-15 13:00:00,-50.77133473208542,-68.17842809495208,0.5246,32.41111111111112,743.8,52.06396093750001,4.555333333333333,63.20943175531475
149,2024-07-15 13:15:00,-53.24588653602899,-67.9185678758937,0.5246,31.75555555555555,996.2,56.043828125000005,4.594666666666667,67.63245694160527
150,2024-07-15 13:30:00,-51.73206416754241,-67.71771552966497,0.5246,32.58888888888888,517.6,54.77894702148441,4.544666666666667,66.16197419638739
151,2024-07-15 13:45:00,-51.60618751441874,-67.7120181992408,0.5246,32.18888888888889,811.6,53.28628125,4.568666666666666,64.5819592408986
152,2024-07-15 14:00:00,-52.65146578171088,-67.76426465620685,0.5246,32.166666666666664,777.0,58.269975219726575,4.57,69.79108370587775
153,2024-07-15 14:15:00,-52.24875783590068,-67.62799780841478,0.5246,32.3,932.6,60.31844702148442,4.562,71.77148468827545
154,2024-07-15 14:30:00,-51.6471119302279,-67.63450272207189,0.5246,33.07777777777778,451.6,62.22329382324219,4.515333333333333,73.66145533148696
155,2024-07-15 14:45:00,-51.67502045347351,-67.71198316062488,0.5246,32.666666666666664,843.2,75.05826257324219,4.54,86.44042566872093
156,2024-07-15 15:00:00,-51.89937738517253,-67.40088557900225,0.5246,33.2,543.8,63.36055029296875,4.508,74.8732781956246
157,2024-07-15 15:15:00,-52.36281605997842,-67.38543051038536,0.5246,32.91111111111111,593.0,65.7183376464844,4.525333333333333,77.28937831972654
158,2024-07-15 15:30:00,-49.52132255401834,-67.33024727953317,0.5246,33.3,775.2,61.989265625,4.502,72.98911514832704
159,2024-07-15 15:45:00,-51.618422324961024,-68.18074408807003,0.5246,32.7,529.4,64.64385021972657,4.538,76.01855765140596
160,2024-07-15 16:00:00,-43.76741338803316,-68.08644040604061,0.5246,33.08888888888889,494.0,62.49646874999999,4.514666666666667,72.19096374144266
161,2024-07-15 16:15:00,-29.64478576733672,-67.90933660690591,0.5246,32.900000000000006,680.0,61.64017529296876,4.526,68.19006167550008
162,2024-07-15 16:30:00,-47.60740872698872,-31.624716905163776,0.5246,32.87777777777777,463.6,61.133718750000014,4.527333333333334,71.64927067025964
163,2024-07-15 16:45:00,-43.76035695318962,-28.791548626046005,0.5246,32.733333333333334,253.4,63.6170251464844,4.536,73.26437015380134
164,2024-07-15 17:00:00,-44.987049031982295,-31.380653241321752,0.5246,32.45555555555556,164.8,62.20177514648441,4.552666666666666,72.08324733098777
165,2024-07-15 17:15:00,-43.88747522477573,-30.726161546276877,0.5246,32.20000000000001,76.6,64.55708459472658,4.568,74.16467549332022
166,2024-07-15 17:30:00,-43.24879857371468,-30.051215158401572,0.5246,31.93333333333333,41.2,77.8937282714844,4.5840000000000005,87.32845745423194
167,2024-07-15 17:45:00,-42.04853382742419,-29.54360203652352,0.5246,31.61111111111111,11.6,64.08368310546874,4.6033333333333335,73.2180496139606
168,2024-07-15 18:00:00,-39.66192845578323,-29.180580556667213,0.5246,31.21111111111111,0.0,57.0660017089844,4.6273333333333335,65.63722958445982
169,2024-07-15 18:15:00,-40.05103954029835,-28.692910889574943,0.5246,26.81111111111112,0.0,60.2476501464844,4.891333333333333,68.43581415226981
170,2024-07-15 18:30:00,-34.85799958315426,-27.991554802195164,0.5246,22.922222222222224,0.0,58.07164404296876,5.124666666666666,64.87364734396152
171,2024-07-15 18:45:00,-34.00727265714706,-26.76881470797596,0.5246,22.67777777777778,8.6,54.29750341796876,5.139333333333333,60.9145625677574
172,2024-07-15 19:00:00,-30.989193671117423,-27.527055047669705,0.5246,22.54444444444444,1.4,53.36940319824218,5.147333333333334,59.38983973582489
173,2024-07-15 19:15:00,-35.271516841512785,-25.21265704370903,0.5246,22.466666666666672,0.0,57.15998303222656,5.151999999999999,64.00616254338976
174,2024-07-15 19:30:00,-34.097854294107535,-26.53017699141712,0.5246,22.066666666666663,0.0,55.734171875,5.176,62.32185624403159
175,2024-07-15 19:45:00,-32.74149532462802,-26.31996965617705,0.5246,21.71111111111111,0.0,55.145578125,5.197333333333334,61.445250134612884
176,2024-07-15 20:00:00,-32.51627059043809,-25.10804214302139,0.5246,21.64444444444445,29.8,57.0968671875,5.201333333333333,63.34839319181391
177,2024-07-15 20:15:00,-32.26506439632965,-25.2240523795625,0.5246,21.72222222222221,24.0,58.74724389648438,5.196666666666667,64.9560439727505
178,2024-07-15 20:30:00,-31.83289691663969,-25.6569868672486,0.5246,21.84444444444445,11.0,59.854171875000006,5.189333333333333,65.98846598791876
179,2024-07-15 20:45:00,-31.337799903443788,-25.41959371195936,0.5246,22.022222222222226,0.0,60.73993920898438,5.1786666666666665,66.79126514296554
180,2024-07-15 21:00:00,-31.14430315396181,-24.195574562215253,0.5246,22.17777777777778,0.0,59.73608459472656,5.169333333333333,65.7609046528827
181,2024-07-15 21:15:00,-30.12226095857776,-24.28916452659405,0.5246,22.27777777777777,0.0,59.43498779296876,5.163333333333334,65.2688666099948
182,2024-07-15 21:30:00,-31.58858286715687,-22.91260178569067,0.5246,22.16666666666667,0.0,62.22237365722657,5.17,68.33235100097065
183,2024-07-15 21:45:00,-31.29565032001197,-25.111731796108096,0.5246,22.11111111111111,0.0,58.51028466796875,5.173333333333334,64.55970161127003
184,2024-07-15 22:00:00,-30.48345093686926,-25.80364559034889,0.0192,22.04444444444444,0.0,56.72436279296875,5.177333333333333,62.612229958215195
185,2024-07-15 22:15:00,-30.176077144937118,-24.035790023904017,0.0192,22.022222222222226,0.0,56.47347998046875,5.1786666666666665,62.30047736942417
186,2024-07-15 22:30:00,-31.760874130161582,-22.890274778880624,0.0192,22.122222222222224,0.0,54.50868310546875,5.172666666666666,60.64881858623204
187,2024-07-15 22:45:00,-31.492877520584983,-24.259486693357555,0.0192,21.97777777777777,0.0,55.22240319824219,5.181333333333334,61.300544768092614
188,2024-07-15 23:00:00,-31.553324941461018,-23.71340890060111,0.0192,21.85555555555556,0.0,57.70385327148438,5.188666666666666,63.785054275235055
189,2024-07-15 23:15:00,-31.83128096543478,-23.68083071308125,0.0192,21.83333333333333,0.0,53.97168310546876,5.19,60.10487789649666
190,2024-07-15 23:30:00,-32.09406139190711,-23.63384518438793,0.0192,21.866666666666667,0.0,56.05540490722656,5.188,62.24161566125646
191,2024-07-15 23:45:00,-31.983628757270317,-24.481361362164844,0.0192,22.022222222222226,0.0,55.275343750000005,5.1786666666666665,61.451379169143344
192,2024-07-16 00:00:00,-31.368436748372076,-23.43471387223095,0.0192,22.11111111111111,0.0,52.93964538574218,5.173333333333334,59.003131870607916
193,2024-07-16 00:15:00,-31.690030662322886,-23.65773588546376,0.0192,22.24444444444444,0.0,51.25432678222656,5.165333333333334,57.38946436527823
194,2024-07-16 00:30:00,-32.67265951294132,-23.5202674509452,0.0192,22.37777777777778,0.0,51.5201484375,5.157333333333333,57.85533319311168
195,2024-07-16 00:45:00,-33.06977050004453,-23.341165131689014,0.0192,22.51111111111112,0.0,54.947046875,5.149333333333333,61.36919288096411
196,2024-07-16 01:00:00,-32.59599312198719,-23.935765535469194,0.0192,22.444444444444446,0.0,54.11912841796875,5.153333333333333,60.44435347398179
197,2024-07-16 01:15:00,-32.67420347334702,-23.101477108545367,0.0192,22.433333333333337,0.0,56.1418515625,5.154,62.48143314444548
198,2024-07-16 01:30:00,-32.13799444166937,-22.876858538144777,0.0192,22.444444444444446,0.0,53.61731420898437,5.153333333333333,59.85366500620352
199,2024-07-16 01:45:00,-32.35923733184352,-23.20064934012549,0.0192,22.344444444444445,0.0,55.26401123046875,5.1593333333333335,61.53599158939953
200,2024-07-16 02:00:00,-32.460548046996166,-23.507520060507943,0.0192,22.33333333333333,0.0,53.61049389648437,5.16,59.90129778156115
201,2024-07-16 02:15:00,-32.161187626770264,-23.96612386274761,0.0192,22.32222222222222,0.0,52.8461171875,5.160666666666667,59.0781003214821
202,2024-07-16 02:30:00,-31.73780684596084,-23.484808489853226,0.0192,22.27777777777777,0.0,52.576036010742186,5.163333333333334,58.72280299188373
203,2024-07-16 02:45:00,-31.109665659608645,-22.780731321388,0.0192,22.22222222222222,0.0,52.53487365722657,5.166666666666667,58.556099268763724
204,2024-07-16 03:00:00,-31.27155589580998,-22.479025181039585,0.0192,22.11111111111111,0.0,56.15440014648438,5.173333333333334,62.19915966242703
205,2024-07-16 03:15:00,-31.42508446066688,-22.477044119975147,0.0192,22.1,0.0,50.95083288574219,5.1739999999999995,57.024486627656934
206,2024-07-16 03:30:00,-31.63591932072793,-22.393933931381117,0.0192,22.05555555555556,0.0,49.6526015625,5.176666666666667,55.76385448987823
207,2024-07-16 03:45:00,-30.912358843033697,-23.144680321568764,0.0192,21.97777777777777,0.0,50.865484375,5.181333333333334,56.83158554130861
208,2024-07-16 04:00:00,-31.008801506289743,-21.9474739683138,0.0192,21.83333333333333,0.0,50.876109375,5.19,56.85083028179956
209,2024-07-16 04:15:00,-31.0298834600729,-21.892715363288264,0.0192,21.766666666666666,0.0,52.25450476074219,5.194,58.228683324483605
210,2024-07-16 04:30:00,-29.97298242600623,-22.83575485827218,0.0192,21.744444444444444,0.0,50.0688984375,5.195333333333333,55.838111017893866
211,2024-07-16 04:45:00,-29.424149158912115,-23.22711523756658,0.0192,21.77777777777778,0.0,50.614210937500005,5.193333333333333,56.2799649475601
212,2024-07-16 05:00:00,-29.55846571495201,-21.645025039175657,0.0192,21.666666666666668,0.0,50.39659069824219,5.2,56.08091102804066
213,2024-07-16 05:15:00,-29.369666837219302,-21.310813460562645,0.0192,21.56666666666667,0.0,51.70665966796875,5.2059999999999995,57.348163094249834
214,2024-07-16 05:30:00,-28.128482646709315,-51.95328767108706,0.0192,21.611111111111114,0.0,52.84684240722656,5.203333333333333,58.252700699355195
215,2024-07-16 05:45:00,-28.38992450405139,-21.76952536022661,0.0192,21.611111111111114,7.8,52.49686584472656,5.203333333333333,57.95296920873387
216,2024-07-16 06:00:00,-29.21730732377508,-48.63190588260055,0.0192,21.40000000000001,18.0,57.64759716796876,5.215999999999999,63.24907479906061
217,2024-07-16 06:15:00,-29.892716667073845,-20.495088068096003,0.0192,21.177777777777774,42.8,51.63530639648438,5.229333333333334,57.35165966020325
218,2024-07-16 06:30:00,-28.085444738522032,-22.51207039344845,0.0192,21.22222222222222,64.4,54.82068615722656,5.226666666666667,60.19417685974991
219,2024-07-16 06:45:00,-29.03399906723829,-21.2697252499185,0.0192,21.38888888888889,111.4,57.14904077148438,5.216666666666667,62.71466359587511
220,2024-07-16 07:00:00,-29.5069543203496,-20.07885321245822,0.0192,21.75555555555556,144.2,55.26280163574219,5.1946666666666665,60.94304181548095
221,2024-07-16 07:15:00,-29.133974424788583,-19.290060047501715,0.0192,21.933333333333326,122.8,56.50313452148437,5.184,62.12311415589575
222,2024-07-16 07:30:00,-26.11968210146385,-21.42654396229804,0.0192,22.200000000000003,107.0,56.12688146972656,5.168,61.18099952341539
223,2024-07-16 07:45:00,-25.17525980845924,-21.88610406645581,0.0192,23.03333333333334,285.6,56.06483593750001,5.117999999999999,60.98380033930916
224,2024-07-16 08:00:00,-25.59148106153516,-20.81714235825442,0.5246,23.5,298.0,53.30832373046874,5.09,58.33611961682143
225,2024-07-16 08:15:00,-21.454951620050977,-20.912482587406465,0.5246,23.399999999999995,258.8,53.803421875,5.096,58.01357721645427
226,2024-07-16 08:30:00,-25.12849018615978,-33.95591888876619,0.5246,24.5,331.4,52.15332373046876,5.03,57.14904742553035
227,2024-07-16 08:45:00,-30.448210121717413,-22.612964465470075,0.5246,24.74444444444444,379.2,53.371161010742185,5.015333333333333,59.44218522748765
228,2024-07-16 09:00:00,-29.849685024731297,-22.98916574845318,0.5246,24.82222222222222,209.4,56.09547998046875,5.010666666666667,62.05270823181215
229,2024-07-16 09:15:00,-30.56927734840436,-23.002563187932523,0.5246,25.01111111111112,143.4,57.6004453125,4.9993333333333325,63.71511607161542
230,2024-07-16 09:30:00,-30.45665603382358,-23.80560371450192,0.5246,25.4,227.0,59.80905163574219,4.976,65.929762253472
231,2024-07-16 09:45:00,-35.17138631389796,-23.267989026526944,0.5246,27.23333333333333,585.4,53.68085632324218,4.8660000000000005,60.908843646279166
232,2024-07-16 10:00:00,-36.31303268704827,-24.65216304753159,0.5246,27.75555555555556,622.8,52.18683288574219,4.834666666666666,59.69780213982002
233,2024-07-16 10:15:00,-29.58035707549972,-25.56550352875701,0.5246,27.8,587.8,52.70565014648437,4.832,58.8274127862815
234,2024-07-16 10:30:00,-33.13639804926547,-25.157286170112933,0.5246,29.51111111111112,541.2,52.294825073242194,4.729333333333333,59.30139359225801
235,2024-07-16 10:45:00,-36.549871337184896,-26.446375127430297,0.5246,29.01111111111112,663.8,53.1233125,4.759333333333333,60.80293247559565
236,2024-07-16 11:00:00,-37.573843876602304,-61.16412031980385,0.5246,28.766666666666666,718.0,48.63393139648437,4.774,56.504447499668764
237,2024-07-16 11:15:00,-38.52948341717366,-70.22553453557528,0.5246,29.144444444444453,703.4,53.34786108398437,4.751333333333333,61.45705501211128
238,2024-07-16 11:30:00,-48.43431288421253,-69.4779131800166,0.5246,28.944444444444443,752.4,54.00615014648437,4.763333333333334,64.17430540559127
239,2024-07-16 11:45:00,-55.91392780429392,-69.35651240447586,0.5246,29.65555555555555,759.0,56.06427209472656,4.720666666666667,67.90877028798187
240,2024-07-16 12:00:00,-78.55108990256335,-69.63763937085311,0.5246,30.14444444444444,801.0,51.736865844726566,4.691333333333334,68.48073892328917
241,2024-07-16 12:15:00,-77.46038633670265,-69.38602443055177,0.5246,30.466666666666672,842.4,54.220678344726565,4.672,70.80038432432902
242,2024-07-16 12:30:00,-78.52493558395737,-69.17809161899122,0.5246,30.27777777777778,418.8,74.67103466796874,4.683333333333334,91.43792482824433
243,2024-07-16 12:45:00,-60.865184221842085,-69.12122073047962,0.5246,31.06666666666667,851.8,57.06227514648441,4.636,70.19108968959098
244,2024-07-16 13:00:00,-52.93860850775953,-68.86927467632404,0.5246,31.411111111111104,812.4,57.501671875,4.615333333333334,68.97183116456222
245,2024-07-16 13:15:00,-50.07277515696053,-68.82331049858963,0.5246,31.411111111111104,864.4,51.44333154296877,4.615333333333334,62.292553373886115
246,2024-07-16 13:30:00,-46.52024202288362,-68.84285968229074,0.5246,31.522222222222226,853.4,50.86499084472655,4.608666666666666,60.959069108045725
247,2024-07-16 13:45:00,-46.4006451712975,-68.43945714772713,0.5246,31.77777777777778,893.4,54.85750952148442,4.593333333333334,64.95924649636777
248,2024-07-16 14:00:00,-46.25280129881544,-28.830170391313214,0.5246,32.166666666666664,278.4,54.03511584472656,4.57,64.15607892980653
249,2024-07-16 14:15:00,-45.902524329708,-29.971418604636646,0.5246,31.63333333333334,92.6,55.004631469726576,4.601999999999999,64.97910437926765
250,2024-07-16 14:30:00,-46.52594039102429,-29.63180783627393,0.5246,30.83333333333333,28.6,58.75581249999999,4.65,68.7613910787149
251,2024-07-16 14:45:00,-47.00333530666943,-29.42461388159821,0.5246,26.91111111111111,1.4,59.32966577148437,4.8853333333333335,68.95098167759848
252,2024-07-16 15:00:00,-49.4431767624697,-33.05365027880123,0.5246,23.03333333333334,13.8,60.03275341796875,5.117999999999999,69.69339756850992
253,2024-07-16 15:15:00,-45.41363944121221,-31.38639195596005,0.5246,23.01111111111112,54.6,59.654034667968745,5.119333333333333,68.52504120030608
254,2024-07-16 15:30:00,-43.10061000936138,-28.51865534277617,0.5246,23.12222222222222,276.0,56.00739404296876,5.112666666666667,64.43755638669572
255,2024-07-16 15:45:00,-39.49274157147535,-27.18810627639765,0.5246,23.7,103.6,56.436890625,5.078,64.21411425073362
256,2024-07-16 16:00:00,-38.78025271903776,-27.526939426590733,0.5246,23.377777777777776,55.0,60.048921875000005,5.097333333333333,67.65687100899905
257,2024-07-16 16:15:00,-34.579081482225746,-25.55867754685677,0.5246,23.599999999999994,289.4,53.87157202148437,5.0840000000000005,60.67312227369242
258,2024-07-16 16:30:00,-34.38288108580924,-26.29624937973759,0.5246,24.111111111111114,291.4,57.72584716796875,5.053333333333333,64.52984738283865
259,2024-07-16 16:45:00,-37.120816359938864,-26.56877657230596,0.5246,24.82222222222222,178.6,58.493984375,5.010666666666667,65.90234314827146
260,2024-07-16 17:00:00,-36.074468710776266,-26.87297207097483,0.5246,25.05555555555556,129.4,58.34868444824218,4.996666666666666,65.56839132831749
261,2024-07-16 17:15:00,-35.68615977120624,-27.438369692193767,0.5246,25.166666666666668,75.4,58.553703125,4.99,65.70523814928983
262,2024-07-16 17:30:00,-34.3397833046992,-26.220195276723977,0.5246,25.066666666666663,295.2,57.29592663574219,4.996,64.16938206102226
263,2024-07-16 17:45:00,-38.56871603174534,-26.426670429404904,0.5246,25.622222222222224,521.4,56.007487792968746,4.962666666666666,63.779260233540754
264,2024-07-16 18:00:00,-35.33540295488272,-26.20268747256713,0.5246,26.31111111111112,430.2,54.48206420898437,4.921333333333333,61.66211086738644
265,2024-07-16 18:15:00,-39.07981726127656,-27.12891384096972,0.5246,26.56666666666667,138.8,53.74810327148438,4.906,61.71382224035445
266,2024-07-16 18:30:00,-38.70186176020142,-27.277390553502663,0.5246,26.422222222222217,193.8,54.6567890625,4.914666666666667,62.531557461889875
267,2024-07-16 18:45:00,-36.4038041252649,-27.59372414620313,0.5246,26.177777777777774,215.4,52.02121740722656,4.929333333333334,59.40635484134846
268,2024-07-16 19:00:00,-38.02761478565911,-28.23106180526311,0.5246,26.08888888888889,231.8,49.799640625,4.934666666666667,57.505858157894984
269,2024-07-16 19:15:00,-32.40850433124971,-27.92110524778825,0.5246,25.83333333333333,161.4,49.02338757324219,4.95,55.570560165413845
270,2024-07-16 19:30:00,-34.55521661576392,-26.846523900091707,0.5246,25.72222222222222,104.4,49.44400476074219,4.956666666666667,56.41546742700256
271,2024-07-16 19:45:00,-35.52109175594531,-26.58496419885815,0.5246,25.488888888888887,64.8,51.52690319824218,4.970666666666666,58.67304558476551
272,2024-07-16 20:00:00,-33.5744310797422,-27.01681995535664,0.5246,25.311111111111103,32.0,52.25564538574218,4.981333333333334,58.995694451536245
273,2024-07-16 20:15:00,-32.557749501109086,-27.408721469551047,0.5246,25.033333333333328,15.2,53.02685803222656,4.998,59.54101359467336
274,2024-07-16 20:30:00,-36.47097342354001,-27.06909689138073,0.5246,24.77777777777777,7.8,54.22440185546876,5.013333333333334,61.49919708622807
275,2024-07-16 20:45:00,-33.48194687633256,-26.430030882358945,0.5246,24.53333333333333,0.0,57.15832983398437,5.0280000000000005,63.817428258075964
276,2024-07-16 21:00:00,-33.0242546925958,-26.04142655013749,0.5246,24.23333333333333,0.0,54.69541748046875,5.046,61.240057728704144
277,2024-07-16 21:15:00,-31.92110764050876,-26.0406919305936,0.5246,23.90000000000001,0.0,54.57267358398437,5.066,60.873721282466164
278,2024-07-16 21:30:00,-31.236495421946127,-25.790029272574145,0.5246,23.744444444444444,0.0,53.97768615722656,5.075333333333333,60.132256383539335
279,2024-07-16 21:45:00,-31.833830910212573,-25.803407791949564,0.5246,23.63333333333333,0.0,57.91472351074219,5.082,64.17875950251955
280,2024-07-16 22:00:00,-32.13191738392206,-24.99127471980365,0.0192,23.399999999999995,0.0,56.57923132324218,5.096,62.884552630919195
281,2024-07-16 22:15:00,-31.66394365830239,-24.86534432084802,0.0192,23.33333333333333,0.0,55.7942421875,5.1000000000000005,62.002858591088696
282,2024-07-16 22:30:00,-32.128183519052,-24.88193742181274,0.0192,23.33333333333333,0.0,54.531829833984375,5.1000000000000005,60.831473661249476
283,2024-07-16 22:45:00,-32.613300448711016,-24.44983516910712,0.0192,23.23333333333333,0.0,58.83340966796875,5.106,65.22066004961995
284,2024-07-16 23:00:00,-34.92499932648201,-24.34010896311864,0.0192,23.1,0.0,56.300734375000005,5.114,63.13002638252484
285,2024-07-16 23:15:00,-29.793076256553444,-23.688509118070407,0.0192,22.811111111111103,0.0,57.06408935546875,5.131333333333334,62.8701974995288
286,2024-07-16 23:30:00,-32.837013368245664,-22.983243382169658,0.0192,22.95555555555556,0.0,55.088056396484376,5.1226666666666665,61.49819695509558
287,2024-07-16 23:45:00,-32.54952238080924,-24.094170262090955,0.0192,23.22222222222222,0.0,54.60350476074218,5.1066666666666665,60.977432119908485
288,2024-07-17 00:00:00,-29.710856382235413,-25.46898558484435,0.0192,23.43333333333333,0.0,51.57152685546875,5.094,57.40404675775289
289,2024-07-17 00:15:00,-32.11827725873359,-23.36547289924764,0.0192,23.34444444444445,0.0,53.602109375,5.099333333333333,59.90063413485101
290,2024-07-17 00:30:00,-32.69160640118841,-21.961411386964038,0.0192,23.31111111111112,0.0,50.04382202148437,5.101333333333333,56.45226551361487
291,2024-07-17 00:45:00,-29.899316620012424,-23.611479997574385,0.0192,23.23333333333333,0.0,51.52308288574218,5.106,57.37880490297923
292,2024-07-17 01:00:00,-31.41923168631726,-24.02751674963563,0.0192,23.200000000000003,0.0,50.3526953125,5.108,56.503680372468146
293,2024-07-17 01:15:00,-30.92478413400187,-22.596466811111945,0.0192,23.07777777777777,0.0,51.808234375,5.115333333333334,57.853741504024214
294,2024-07-17 01:30:00,-30.30014816211183,-16.18400300275927,0.0192,23.111111111111107,0.0,50.06534069824218,5.113333333333333,55.99105415888987
295,2024-07-17 01:45:00,-29.28117499573803,-22.439920584563037,0.0192,23.42222222222222,0.0,49.178173583984375,5.094666666666667,54.92559081685627
296,2024-07-17 02:00:00,-27.84195038330674,-22.91552935095574,0.0192,23.65555555555555,0.0,49.34545178222656,5.080666666666667,54.82543151913249
297,2024-07-17 02:15:00,-26.79070991165326,-22.842250418503124,0.0192,23.75555555555556,0.0,54.85529382324219,5.074666666666666,60.13459819364155
298,2024-07-17 02:30:00,-26.514937146203263,-22.548606337134785,0.0192,23.88888888888889,0.0,57.98743444824218,5.066666666666666,63.22064572709809
299,2024-07-17 02:45:00,-26.47762335240516,-22.259415105982203,0.0192,24.06666666666667,0.0,56.60690490722656,5.056,61.843776614585174
300,2024-07-17 03:00:00,-27.170960404348545,-21.381342001915325,0.0192,24.166666666666668,0.0,49.58735803222656,5.05,54.96774623110746
301,2024-07-17 03:15:00,-27.060989629343997,-22.40180181607848,0.0192,24.05555555555556,0.0,52.1427890625,5.056666666666667,57.49433612169789
302,2024-07-17 03:30:00,-26.975607817591992,-22.724749654303697,0.0192,23.966666666666665,0.0,53.36043615722656,5.062,58.68947760677061
303,2024-07-17 03:45:00,-26.17721870662363,-22.659193916456093,0.0192,23.78888888888889,0.0,52.54615966796875,5.072666666666667,57.70660493803518
304,2024-07-17 04:00:00,-25.857123421928925,-21.948096444720857,0.0192,23.61111111111111,0.0,52.24274389648437,5.083333333333333,57.32939112702776
305,2024-07-17 04:15:00,-25.65575980639389,-21.931352704863286,0.0192,23.688888888888886,0.0,52.741828125,5.078666666666667,57.79350044182736
306,2024-07-17 04:30:00,-25.070847738215235,-20.92805439926421,0.0192,23.77777777777778,0.0,51.4299609375,5.073333333333333,56.37165234450694
307,2024-07-17 04:45:00,-24.7386213709894,-20.89161891060532,0.0192,23.64444444444444,0.0,51.55106115722656,5.081333333333333,56.4195906844483
308,2024-07-17 05:00:00,-25.001945060478647,-20.57786884389772,0.0192,23.65555555555555,0.0,51.58203125,5.080666666666667,56.50302817831885
309,2024-07-17 05:15:00,-25.716511907603948,-19.677656933523377,0.0192,23.55555555555556,0.0,51.143390625,5.086666666666666,56.199061380099074
310,2024-07-17 05:30:00,-25.521288229903693,-21.46185305543143,0.0192,23.56666666666667,0.0,59.74480163574219,5.085999999999999,64.76275056022187
311,2024-07-17 05:45:00,-25.998644917644228,-47.036812506010975,0.0192,23.577777777777783,0.0,49.10624694824219,5.085333333333333,54.21872300703431
312,2024-07-17 06:00:00,-24.840687263027444,-21.571720740693827,0.0192,23.77777777777778,10.8,50.73030944824218,5.073333333333333,55.626634138720654
313,2024-07-17 06:15:00,-25.293597074108256,-21.115163800418674,0.0192,23.966666666666665,43.6,50.098097167968746,5.062,55.09485676380206
314,2024-07-17 06:30:00,-25.515428555721968,-19.413070003961437,0.0192,24.200000000000003,65.0,47.6568984375,5.048,52.711460354243656
315,2024-07-17 06:45:00,-25.747481202494207,-19.484417944738333,0.0192,24.422222222222228,32.0,53.554895385742185,5.034666666666666,58.668934289839285
316,2024-07-17 07:00:00,-26.694231930924897,-20.468378250638185,0.0192,24.33333333333333,46.8,,5.04,
317,2024-07-17 07:15:00,-16.27500405201389,-21.62797958715963,0.0192,24.377777777777776,87.8,40.1990546875,5.037333333333334,43.429931616830444
318,2024-07-17 07:30:00,-23.91328289950636,-20.79895753930341,0.0192,24.5,72.6,,5.03,
319,2024-07-17 07:45:00,-29.027264018983978,-20.31225150250259,0.0192,24.5,93.0,51.67688757324218,5.03,57.44771541001832
320,2024-07-17 08:00:00,-29.71374201898344,-20.645389812948636,0.5246,24.75555555555556,131.6,54.82869226074219,5.014666666666667,60.754059587048374
321,2024-07-17 08:15:00,-22.179733574844967,-20.741447980742315,0.5246,24.85555555555556,113.4,54.95437194824218,5.008666666666667,59.38264299339957
322,2024-07-17 08:30:00,-20.20842242542945,-20.15190166288337,0.5246,25.32222222222222,51.0,52.688484375,4.980666666666667,56.745857368996006
323,2024-07-17 08:45:00,-27.840020134507853,-19.925592129287807,0.5246,25.47777777777777,104.0,53.64309069824219,4.971333333333334,59.24320203011315
324,2024-07-17 09:00:00,-24.63432754925675,-20.57083071911706,0.5246,25.588888888888885,187.8,53.18380639648437,4.964666666666667,58.14573621035373
325,2024-07-17 09:15:00,-25.122526538118294,-21.00819199879026,0.5246,25.83333333333333,237.8,58.77545654296876,4.95,63.850714429457305
326,2024-07-17 09:30:00,-25.802780037180813,-21.697187376843445,0.5246,26.0,261.6,55.18313452148438,4.94,60.40636934682462
327,2024-07-17 09:45:00,-26.917745479302543,-21.44677198908653,0.5246,26.01111111111112,335.4,56.8359921875,4.939333333333333,62.285663967626036
328,2024-07-17 10:00:00,-32.46501125883464,-22.17614291779255,0.5246,26.03333333333333,311.0,56.27415014648437,4.938,62.84867652534922
329,2024-07-17 10:15:00,-27.922786915508876,-24.45743872708261,0.5246,26.04444444444444,275.2,55.20625,4.937333333333333,60.86168888377846
330,2024-07-17 10:30:00,-30.086574200608315,-24.38693718229315,0.5246,25.55555555555556,289.0,56.36844702148437,4.966666666666667,62.426146524962554
331,2024-07-17 10:45:00,-22.59298677966876,-24.404813124010072,0.5246,25.588888888888885,335.6,55.211676635742194,4.964666666666667,59.762432667634656
332,2024-07-17 11:00:00,-29.954564908438112,-24.314674944391133,0.5246,25.84444444444445,416.6,54.71080810546874,4.949333333333333,60.76305047651631
333,2024-07-17 11:15:00,-28.53199273711877,-24.01902681613437,0.5246,26.05555555555556,458.4,54.461817260742194,4.9366666666666665,60.24142416225173
334,2024-07-17 11:30:00,-36.15613665230667,-25.226439194530656,0.5246,26.077777777777776,550.6,41.436920532226566,4.935333333333333,48.762897160412436
335,2024-07-17 11:45:00,-42.17736212476181,-26.22850963854053,0.5246,26.822222222222223,743.8,53.964581542968745,4.890666666666666,62.588633231510556
336,2024-07-17 12:00:00,-40.97502305863849,-27.35153484900984,0.5246,26.877777777777776,404.8,56.81815795898437,4.887333333333333,65.20208028717394
337,2024-07-17 12:15:00,-32.69996399433064,-27.30138101690125,0.5246,26.72222222222221,297.4,61.43428295898437,4.896666666666667,68.11228785911996
338,2024-07-17 12:30:00,-38.289123409638485,-25.770247564325743,0.5246,26.36666666666667,310.2,56.376647094726565,4.918,64.1621540913997
339,2024-07-17 12:45:00,-36.037854661604925,-26.617520567908155,0.5246,26.65555555555555,638.6,53.384089355468745,4.900666666666667,60.73775307365775
340,2024-07-17 13:00:00,-15.62767877441768,-25.2954668057943,0.5246,27.45555555555556,407.0,58.76607812500001,4.852666666666666,61.98650925037801
341,2024-07-17 13:15:00,-35.28130531682557,-27.27433730680302,0.5246,26.911111111111115,331.6,59.278104980468754,4.8853333333333335,66.49998789193687
342,2024-07-17 13:30:00,-37.40071188339249,-27.055388067986662,0.5246,26.766666666666666,380.4,71.0313828125,4.894,78.67353889819523
343,2024-07-17 13:45:00,-30.340572789925385,-25.685225478723392,0.5246,27.05555555555556,846.0,51.930128417968746,4.876666666666666,58.15170862096097
344,2024-07-17 14:00:00,-42.4153273030642,-27.132159695961317,0.5246,27.54444444444444,491.0,53.29891882324219,4.847333333333333,62.04915826136573
345,2024-07-17 14:15:00,-22.65469301245128,-28.16455934702679,0.5246,27.54444444444444,462.8,55.20742529296875,4.847333333333333,59.88106571638739
346,2024-07-17 14:30:00,-46.51770710725565,-26.77415821639137,0.5246,27.200000000000003,498.0,55.78262976074218,4.867999999999999,65.33844469649725
347,2024-07-17 14:45:00,-44.38036914942949,-28.133892376469667,0.5246,27.88888888888889,421.6,55.260212646484376,4.826666666666666,64.45504050893524
348,2024-07-17 15:00:00,-35.96722703071947,-28.294386219808707,0.5246,27.23333333333333,246.4,55.73002685546875,4.8660000000000005,63.12156549721134
349,2024-07-17 15:15:00,-39.95784104820488,-27.719560745618004,0.5246,27.0,340.0,56.7290078125,4.88,64.9170899945092
350,2024-07-17 15:30:00,-33.14130012582214,-28.02803662313449,0.5246,26.888888888888893,162.0,61.454176635742186,4.886666666666667,68.23616165466896
351,2024-07-17 15:45:00,-36.781240811667935,-27.27835488542314,0.5246,26.27777777777778,167.6,61.67665185546875,4.923333333333333,69.14745229114943
352,2024-07-17 16:00:00,-35.75370895944297,-27.61871858271491,0.5246,25.944444444444443,152.0,60.66323913574219,4.943333333333333,67.8959516696821
353,2024-07-17 16:15:00,-29.16280580594737,-27.359954396503447,0.5246,25.75555555555556,155.4,63.629625,4.954666666666666,69.51555189840164
354,2024-07-17 16:30:00,-30.43278182838106,-27.33046097982632,0.5246,25.33333333333333,262.6,58.73218139648438,4.98,64.84318176362918
355,2024-07-17 16:45:00,-30.55979338177224,-37.2083923825339,0.5246,25.85555555555555,256.8,60.14540014648438,4.948666666666667,66.3207591755371
356,2024-07-17 17:00:00,-37.32678687179236,-25.16733012390745,0.5246,25.86666666666666,351.0,40.02265966796875,4.948,47.56647269783787
357,2024-07-17 17:15:00,-33.458025852633504,-26.52314986703868,0.5246,26.0,259.2,59.93832678222657,4.94,66.71120650948032
358,2024-07-17 17:30:00,-24.898278155926445,-26.76206567878677,0.5246,26.022222222222226,230.0,71.9054453125,4.938666666666666,76.94694331923458
359,2024-07-17 17:45:00,-30.9847354700055,-26.56449598899136,0.5246,25.88888888888889,127.2,59.129856323242194,4.946666666666666,65.39361686300072
360,2024-07-17 18:00:00,-30.794234353426894,-26.03645550587887,0.5246,25.73333333333333,92.6,55.29158935546874,4.956,61.505115254061735
361,2024-07-17 18:15:00,-31.284820080862016,-25.780669154960727,0.5246,25.54444444444444,69.2,54.0952109375,4.967333333333333,60.393322616642806
362,2024-07-17 18:30:00,-26.97053243605481,-26.47997294086357,0.5246,25.444444444444443,101.4,55.22340795898438,4.973333333333334,60.64643726918307
363,2024-07-17 18:45:00,-31.03834692069293,-25.411597917453854,0.5246,25.51111111111112,146.6,53.37411584472656,4.969333333333333,59.62009389423547
364,2024-07-17 19:00:00,-30.44388646561687,-26.86113359320616,0.5246,25.55555555555556,126.6,50.352746948242185,4.966666666666667,56.48238851850061
365,2024-07-17 19:15:00,-28.91730085048378,-26.53935287057312,0.5246,25.377777777777776,47.8,51.03137670898437,4.977333333333333,56.84117462965483
366,2024-07-17 19:30:00,-30.024802557610776,-24.428301041865904,0.5246,25.14444444444445,59.6,49.92565185546874,4.991333333333333,55.94103903810747
367,2024-07-17 19:45:00,-28.298720020776425,-27.39088811934069,0.5246,24.944444444444446,33.4,50.37872521972656,5.003333333333333,56.03469857497834
368,2024-07-17 20:00:00,-26.79179636347313,-26.83551636505288,0.5246,24.83333333333333,19.0,53.057451782226565,5.010000000000001,58.40511572703158
369,2024-07-17 20:15:00,-25.6321278394775,-24.71005017420893,0.5246,24.54444444444444,12.8,53.63924560546874,5.027333333333334,58.73779908103116
370,2024-07-17 20:30:00,-27.70067061285536,-23.66185178324533,0.5246,24.35555555555556,9.8,56.907090698242186,5.038666666666666,62.40470989899411
371,2024-07-17 20:45:00,-28.12413871953181,-27.645396066937124,0.5246,24.322222222222223,0.0,55.644546875,5.040666666666667,61.2239951066225
372,2024-07-17 21:00:00,-27.154761729983992,-25.626201710971888,0.5246,24.166666666666668,0.0,55.0499921875,5.05,60.427172728090895
373,2024-07-17 21:15:00,-26.86966895894289,-24.11898507531973,0.5246,24.0,0.0,56.36803771972656,5.06,61.67824897643464
374,2024-07-17 21:30:00,-27.785743275351823,-23.429010686767413,0.5246,23.84444444444445,0.0,58.26576123046876,5.069333333333333,63.74690469614837
375,2024-07-17 21:45:00,-27.611864716655,-24.1054606588208,0.5246,23.54444444444444,0.0,55.373140625,5.0873333333333335,60.800711988514934
376,2024-07-17 22:00:00,-26.22019265440437,-24.97863451803964,0.0192,23.35555555555555,0.0,55.717515625,5.098666666666667,60.86007433075399
377,2024-07-17 22:15:00,-26.51434035540378,-23.24516071888794,0.0192,23.399999999999995,0.0,53.811898437500005,5.096,59.014869464855536
378,2024-07-17 22:30:00,-28.86059616358354,-24.99436178385609,0.0192,23.01111111111112,0.0,53.45587841796875,5.119333333333333,59.093447664664325
379,2024-07-17 22:45:00,-27.423721810468358,-22.32256425134402,0.0192,22.666666666666668,0.0,55.49924865722656,5.14,60.83460309506087
380,2024-07-17 23:00:00,-27.820184410296253,-22.587602744245675,0.0192,22.422222222222224,0.0,52.72982678222657,5.1546666666666665,58.12691377336009
381,2024-07-17 23:15:00,-28.33772586439642,-24.441033762024954,0.0192,22.3,0.0,53.75116882324218,5.162,59.24084837853014
382,2024-07-17 23:30:00,-26.538060492376168,-25.830519787455657,0.0192,22.344444444444445,0.0,54.714918823242186,5.1593333333333335,59.85861836304891
383,2024-07-17 23:45:00,-25.531946218916417,-24.55564747718761,0.0192,22.11111111111111,0.0,55.0076484375,5.173333333333334,59.942947320022505
384,2024-07-18 00:00:00,-26.065989476208053,-21.829236916236148,0.0192,22.0,0.0,51.68773132324221,5.18,56.719775623668475
385,2024-07-18 00:15:00,-24.90865475057974,-22.78382286072388,0.0192,21.77777777777778,0.0,50.321308105468745,5.193333333333333,55.117583089534165
386,2024-07-18 00:30:00,-25.86065678483235,-24.132790994702408,0.0192,21.72222222222221,0.0,52.91058288574219,5.196666666666667,57.886976109250654
387,2024-07-18 00:45:00,-25.020996509227164,-24.479666361132804,0.0192,21.544444444444444,0.0,50.591034484863286,5.207333333333334,55.395988365780035
388,2024-07-18 01:00:00,-25.443929784168954,-22.723907860067225,0.0192,21.14444444444444,0.0,51.49203295898438,5.231333333333334,56.35578913029232
389,2024-07-18 01:15:00,-26.553833145415048,-22.432240654558388,0.0192,20.98888888888889,0.0,54.14364776611328,5.240666666666667,59.21052853422454
390,2024-07-18 01:30:00,-24.06248939601869,-24.128118680106034,0.0192,20.85555555555555,0.0,52.0470859375,5.248666666666667,56.631581567377815
391,2024-07-18 01:45:00,-26.317357251827534,-21.252416075003595,0.0192,20.75555555555556,0.0,51.788096130371095,5.254666666666666,56.79647419149026
392,2024-07-18 02:00:00,-24.2021777626318,-21.72461524219013,0.0192,20.611111111111107,0.0,50.891787719726565,5.263333333333334,55.49004821927662
393,2024-07-18 02:15:00,-25.89228506579728,-24.08748613881425,0.0192,20.500000000000004,0.0,51.69651257324219,5.27,56.60965964455097
394,2024-07-18 02:30:00,-24.172062979373543,-21.689525992363624,0.0192,20.444444444444443,0.0,52.01153125,5.273333333333333,56.59536114495073
395,2024-07-18 02:45:00,-23.76248452838063,-20.9943194774353,0.0192,20.33333333333333,0.0,52.13231964111328,5.28,56.63279019573082
396,2024-07-18 03:00:00,-22.520866356499344,-22.618585220560615,0.0192,20.25555555555556,0.0,54.16137823486328,5.284666666666666,58.42292731203611
397,2024-07-18 03:15:00,-22.139472141100946,-21.71276510334192,0.0192,20.166666666666668,0.0,51.78268511962891,5.29,55.96784053382569
398,2024-07-18 03:30:00,-21.27990456363224,-22.02731184380475,0.0192,20.1,0.0,50.70371807861328,5.294,54.72334493234056
399,2024-07-18 03:45:00,-20.535546234649736,-20.859274425241374,0.0192,19.922222222222224,0.0,52.93750323486328,5.304666666666667,56.80872597609422
400,2024-07-18 04:00:00,-19.823316443047943,-22.379222157288883,0.0192,19.700000000000003,0.0,50.2444398803711,5.318,53.97202853081261
401,2024-07-18 04:15:00,-18.38217525859425,-21.435113343179506,0.0192,19.511111111111106,0.0,49.6270242919922,5.3293333333333335,53.076269086574555
402,2024-07-18 04:30:00,-18.67126326730605,-20.67789313043324,0.0192,19.511111111111106,0.0,49.98769683837891,5.3293333333333335,53.49118631810859
403,2024-07-18 04:45:00,-18.19986959645215,-22.401732791018603,0.0192,19.55555555555556,0.0,50.21575714111328,5.326666666666666,53.6325036235511
404,2024-07-18 05:00:00,-18.186835796483027,-21.288214756571698,0.0192,19.700000000000003,0.0,50.455172729492205,5.318,53.8750365498162
405,2024-07-18 05:15:00,-18.503086577477557,-19.226390923346024,0.0192,19.855555555555554,0.0,53.8055047607422,5.308666666666666,57.29095369534177
406,2024-07-18 05:30:00,-18.27446932933177,-20.269114447056747,0.0192,19.944444444444446,0.0,52.0090531616211,5.303333333333333,55.45489904395895
407,2024-07-18 05:45:00,-18.587840594684238,-19.83188581499708,0.0192,20.133333333333333,0.0,49.68599932861328,5.292,53.198440862000325
408,2024-07-18 06:00:00,-17.857548285490708,-19.853324433266256,0.0192,20.166666666666668,1.4,48.710263244628905,5.29,52.085981257009
409,2024-07-18 06:15:00,-18.060474629510995,-19.20136066223945,0.0192,20.11111111111111,11.4,47.97770703125,5.293333333333333,51.389635487706734
410,2024-07-18 06:30:00,-17.959169398848903,-19.852570507790567,0.0192,20.0,31.6,53.71486651611328,5.3,57.10338904419798
411,2024-07-18 06:45:00,-18.92054955926545,-18.835854016846884,0.0192,19.97777777777778,54.4,57.97586871337891,5.301333333333333,61.54488585861258
412,2024-07-18 07:00:00,-18.500070021605016,-20.4743877386056,0.0192,20.01111111111112,60.2,57.04495159912109,5.299333333333333,60.53596997028822
413,2024-07-18 07:15:00,-19.169502471420977,-18.865426817474784,0.0192,19.9,78.0,47.29028057861328,5.306,50.903077878164915
414,2024-07-18 07:30:00,-20.937719993197465,-19.66851013956673,0.0192,19.97777777777778,116.2,55.049537536621095,5.301333333333333,58.999057153044156
415,2024-07-18 07:45:00,-24.6442478909034,-20.413367254498503,0.0192,20.14444444444445,144.2,54.8805640258789,5.291333333333333,59.538038113866186
416,2024-07-18 08:00:00,-21.571906673657278,-19.04120878916992,0.5246,20.21111111111111,171.8,59.350701599121095,5.287333333333334,63.43062342619031
417,2024-07-18 08:15:00,-25.719555696200757,-19.639012313764347,0.5246,20.777777777777786,333.0,54.1055171508789,5.253333333333333,59.00137166157702
418,2024-07-18 08:30:00,-29.71622208423277,-19.537254918419865,0.5246,20.91111111111111,299.6,57.2326102294922,5.245333333333333,62.897878801727735
419,2024-07-18 08:45:00,-22.763664918984443,-22.121251390624497,0.5246,21.244444444444444,457.0,56.67139709472656,5.225333333333333,61.02780145533853
420,2024-07-18 09:00:00,-21.25156332069737,-21.26835636119033,0.5246,21.43333333333333,409.6,53.04097351074219,5.214,57.116839126526116
421,2024-07-18 09:15:00,-30.13299185901368,-21.285927820807515,0.5246,21.97777777777777,542.2,52.45153125,5.181333333333334,58.267214187277474
422,2024-07-18 09:30:00,-24.77379904789597,-21.5094024874548,0.5246,21.922222222222228,578.8,58.9883641357422,5.184666666666667,63.76664606602945
423,2024-07-18 09:45:00,-31.060631348715575,-22.76937780786321,0.5246,22.355555555555554,445.2,54.83083984375,5.158666666666667,60.851897872061365
424,2024-07-18 10:00:00,-26.778225512494203,-22.90448002755334,0.5246,22.811111111111103,749.0,52.4503875732422,5.131333333333334,57.668958220084
425,2024-07-18 10:15:00,-34.121220831787454,-24.056372379021703,0.5246,22.922222222222224,810.8,56.81845654296875,5.124666666666666,63.47668878541459
426,2024-07-18 10:30:00,-36.20946089889597,-24.413095865440567,0.5246,22.73333333333333,189.4,51.5062734375,5.136,58.55640211719158
427,2024-07-18 10:45:00,-30.34560342392271,-24.50022068396005,0.5246,22.73333333333333,439.0,59.7199765625,5.136,65.62838844410489
428,2024-07-18 11:00:00,-36.79797330085017,-25.196157674656416,0.5246,22.71111111111111,512.4,61.174637573242194,5.137333333333333,68.33749248516476
429,2024-07-18 11:15:00,-37.45254057151076,-24.96844827887896,0.5246,22.855555555555554,228.4,52.33222521972657,5.128666666666667,59.634813398235096
430,2024-07-18 11:30:00,-24.938965973275504,-23.852151828862706,0.5246,23.266666666666666,786.2,60.36967120361328,5.104,65.25583224853403
431,2024-07-18 11:45:00,-29.227051169590386,-22.82919140323169,0.5246,23.33333333333333,216.0,58.869814880371095,5.1000000000000005,64.60060922734961
432,2024-07-18 12:00:00,-34.93012646494638,-24.753905953117112,0.5246,23.22222222222222,480.6,51.01884222412109,5.1066666666666665,57.858945317778996
433,2024-07-18 12:15:00,-40.425041632327954,-23.988793290102542,0.5246,23.4,557.6,50.53672351074219,5.096,58.469423988043594
434,2024-07-18 12:30:00,-40.20238831388603,-26.380205070372927,0.5246,23.622222222222227,273.4,58.41953466796875,5.082666666666666,66.32923855973542
435,2024-07-18 12:45:00,-28.60398444727693,-26.2045105077732,0.5246,23.41111111111111,473.8,52.761692260742194,5.0953333333333335,58.37545343710166
436,2024-07-18 13:00:00,-30.4800195868332,-24.91465079600532,0.5246,23.38888888888889,830.0,47.683737609863286,5.096666666666667,53.66412078582794
437,2024-07-18 13:15:00,-39.20831896204666,-24.78774566419549,0.5246,23.622222222222227,731.2,51.13010327148437,5.082666666666666,58.84422688678736
438,2024-07-18 13:30:00,-44.08610969131876,-26.837652720695004,0.5246,24.21111111111111,976.0,49.66390625,5.0473333333333334,58.398441256865425
439,2024-07-18 13:45:00,-41.14351583232524,-32.06994655471444,0.5246,24.377777777777776,605.2,51.7428822631836,5.037333333333334,59.91059980533393
440,2024-07-18 14:00:00,-34.53726196438261,-32.61381446799116,0.5246,23.55555555555556,243.0,53.88150170898437,5.086666666666666,60.67126487367296
441,2024-07-18 14:15:00,-32.114170457289525,-25.501815218576827,0.5246,23.33333333333333,980.6,50.69355792236328,5.1000000000000005,56.99045409045927
442,2024-07-18 14:30:00,-13.644152050464152,-13.78920314577339,0.5246,23.56666666666667,503.2,54.13437628173829,5.085999999999999,56.81706445524678
443,2024-07-18 14:45:00,-5.759861883860685,-5.071033961939346,0.5246,23.71111111111111,634.2,55.20549932861328,5.077333333333334,56.339925907629954
444,2024-07-18 15:00:00,-20.146783469038542,-6.6876429888551066,0.5246,23.177777777777777,355.0,55.5192671508789,5.109333333333334,59.46240065865002
445,2024-07-18 15:15:00,-35.13849089578932,-14.35110644284893,0.5246,23.14444444444444,856.4,51.03923913574219,5.1113333333333335,57.91386237086466
446,2024-07-18 15:30:00,-58.10332850526508,-26.99668031541564,0.5246,22.988888888888887,839.0,51.18213452148437,5.120666666666667,62.52896341848966
447,2024-07-18 15:45:00,-76.12781963584536,-30.538679041440385,0.5246,23.34444444444445,756.4,52.93814709472656,5.099333333333333,67.86712205272997
448,2024-07-18 16:00:00,-83.58692239851004,-29.820058091871065,0.5246,22.75555555555556,588.6,56.98779248046876,5.134666666666666,73.26673088578752
449,2024-07-18 16:15:00,-66.62655497672877,-29.55874617655143,0.5246,22.97777777777777,768.4,57.077286010742185,5.121333333333334,70.0868971100774
450,2024-07-18 16:30:00,-38.23849845691581,-29.93043579484032,0.5246,23.28888888888889,714.8,60.96846264648437,5.102666666666667,68.46228910132807
451,2024-07-18 16:45:00,-35.661160173611336,-28.41338314751049,0.5246,23.177777777777777,664.8,55.1296796875,5.109333333333334,62.10929089058155
452,2024-07-18 17:00:00,-32.87603778060654,-27.51398725470629,0.5246,23.45555555555556,593.6,55.52772808837891,5.092666666666666,61.98329251708814
453,2024-07-18 17:15:00,-31.666710287455512,-27.00908092617959,0.5246,22.855555555555554,533.0,56.7746773071289,5.128666666666667,62.94913011243025
454,2024-07-18 17:30:00,-30.432811607506984,-25.863703697360084,0.5246,22.96666666666667,250.0,53.7726953125,5.122,59.714282896941036
455,2024-07-18 17:45:00,-31.52605600714003,-27.23789032773664,0.5246,22.75555555555556,429.8,50.0182586669922,5.134666666666666,56.15810338404103
456,2024-07-18 18:00:00,-31.544990980325757,-28.55467086386184,0.5246,22.55555555555556,385.2,60.58468359375,5.1466666666666665,66.7138916857822
457,2024-07-18 18:15:00,-32.29560141146013,-27.09377923071739,0.5246,22.866666666666664,344.0,56.1030750732422,5.128,62.400969264244566
458,2024-07-18 18:30:00,-35.24986667691364,-26.69786245870889,0.5246,22.61111111111111,295.0,54.71736480712891,5.1433333333333335,61.57087096595852
459,2024-07-18 18:45:00,-36.16189389538574,-26.30924024901293,0.5246,22.16666666666667,218.4,52.54188623046875,5.17,59.53644984659752
460,2024-07-18 19:00:00,-36.015243279925976,-27.572897804506983,0.5246,22.133333333333336,207.6,53.42991577148437,5.172,60.393419885932545
461,2024-07-18 19:15:00,-34.78141255880463,-27.975096162230468,0.5246,22.011111111111106,159.8,52.623984375,5.179333333333334,59.33940705979945
462,2024-07-18 19:30:00,-32.11096124601273,-28.1822299833555,0.5246,21.788888888888888,113.8,51.008486755371095,5.192666666666667,57.192392503094695
463,2024-07-18 19:45:00,-31.38764704151228,-27.381395913806497,0.5246,21.65555555555555,67.8,50.9623328857422,5.200666666666667,56.99764509728795
464,2024-07-18 20:00:00,-32.379957824017545,-25.9006005716244,0.5246,21.444444444444443,43.0,52.20940081787109,5.213333333333334,58.420390170304124
465,2024-07-18 20:15:00,-32.54232714052012,-26.6049932779959,0.5246,21.14444444444444,22.6,53.07598675537109,5.231333333333334,59.29664314772233
466,2024-07-18 20:30:00,-31.769831518883613,-28.150185841597303,0.5246,20.966666666666665,9.4,54.1566890258789,5.242,60.21732075401388
467,2024-07-18 20:45:00,-30.96576030786847,-26.92155531373474,0.5246,20.800000000000004,0.0,55.55606640625,5.252,61.45206037195229
468,2024-07-18 21:00:00,-31.229214649443424,-24.819889010776304,0.5246,20.611111111111107,0.0,52.458545349121096,5.263333333333334,58.391898354081846
469,2024-07-18 21:15:00,-30.597610791434736,-25.98592930905555,0.5246,20.4,0.0,54.61984136962891,5.276,60.4192368949198
470,2024-07-18 21:30:00,-27.563138128300174,-25.76167873097645,0.5246,20.077777777777776,0.0,53.39749066162109,5.295333333333334,58.60266593449661
471,2024-07-18 21:45:00,-26.642337507009376,-23.51411243064968,0.5246,19.766666666666666,0.0,54.61496246337891,5.314,59.628575091720904
472,2024-07-18 22:00:00,-25.411866807287375,-23.501530015857643,0.0192,19.444444444444443,0.0,54.145068786621096,5.333333333333333,58.90979381298748
473,2024-07-18 22:15:00,-22.489226659272624,-25.368695831871896,0.0192,19.15555555555555,0.0,53.784208557128906,5.350666666666667,57.98727857817413
474,2024-07-18 22:30:00,-23.013410950260752,-23.92637987148236,0.0192,18.833333333333336,0.0,54.013234375,5.37,58.29878576238562
475,2024-07-18 22:45:00,-19.795467588277287,-22.407317548639178,0.0192,18.599999999999994,0.0,56.07246807861328,5.384,59.7491893988728
476,2024-07-18 23:00:00,-20.26495472551567,-23.752729339796836,0.0192,18.53333333333333,0.0,55.94807659912109,5.388,59.709204053745374
477,2024-07-18 23:15:00,-19.490680555474015,-23.454453733850578,0.0192,18.34444444444445,0.0,57.0404375,5.399333333333333,60.65026844619225
478,2024-07-18 23:30:00,-18.95848609388529,-22.87860710461778,0.0192,18.122222222222224,0.0,57.71767749023437,5.4126666666666665,61.220292238458036
479,2024-07-18 23:45:00,-18.52060818506011,-23.18026911787701,0.0192,17.95555555555556,0.0,56.0762586669922,5.422666666666666,59.49166465145129
480,2024-07-19 00:00:00,-18.972052128933274,-23.77704801516515,0.0192,17.944444444444443,0.0,54.98580401611328,5.423333333333334,58.48403120645131
481,2024-07-19 00:30:00,-18.707660163553804,-22.59145733430656,0.0192,17.83333333333333,0.0,51.18323760986328,5.430000000000001,54.62847889228571
482,2024-07-19 00:45:00,-18.86232771802136,-21.38312089794505,0.0192,17.65555555555555,0.0,51.43024761962891,5.440666666666667,54.897162406668734
483,2024-07-19 01:00:00,-18.831180513811702,-23.101388501700743,0.0192,17.61111111111111,0.0,53.38937890625,5.443333333333333,56.848873183129065
484,2024-07-19 01:15:00,-16.872730465335618,-21.131689441434464,0.0192,17.56666666666667,0.0,53.366256286621095,5.446,56.46444403273487
485,2024-07-19 01:30:00,-16.56541330837298,-19.90017305029343,0.0192,17.488888888888887,0.0,55.3954813232422,5.450666666666667,58.43463493901513
486,2024-07-19 01:45:00,-17.40258781795542,-21.986834624954117,0.0192,17.41111111111111,0.0,51.57813604736328,5.455333333333333,54.76814970090515
487,2024-07-19 02:00:00,-16.132342725491895,-22.01831782090126,0.0192,17.333333333333332,0.0,52.11985089111328,5.46,55.074492415928646
488,2024-07-19 02:15:00,-15.539231221444124,-19.9203727573274,0.0192,17.27777777777778,0.0,50.62508764648437,5.463333333333333,53.46936425809708
489,2024-07-19 02:30:00,-13.627601518472096,-21.829228962735517,0.0192,17.21111111111111,0.0,48.2591375732422,5.467333333333333,50.751687540039924
490,2024-07-19 02:45:00,-13.456963327857125,-20.62983929312995,0.0192,17.166666666666668,0.0,52.09309613037109,5.47,54.55323567842541
491,2024-07-19 03:00:00,-11.714214502050316,-20.581036444157952,0.0192,17.166666666666668,0.0,59.273553161621095,5.47,61.415091461813105
492,2024-07-19 03:15:00,-15.119334540589415,-19.663972950501087,0.0192,17.022222222222222,0.0,49.93454077148437,5.478666666666666,52.6942148784306
493,2024-07-19 03:30:00,-17.447526516607844,-20.356937617960977,0.0192,16.84444444444444,0.0,49.90323913574219,5.489333333333334,53.0816809349785
494,2024-07-19 03:45:00,-15.642215587014444,-20.2260625567454,0.0192,16.833333333333332,0.0,51.50783203125,5.49,54.357051628156086
495,2024-07-19 04:00:00,-9.776322564060886,-19.87074718737105,0.0192,16.77777777777778,0.0,49.49071875,5.493333333333333,51.27038911967128
496,2024-07-19 04:15:00,-14.059530841311163,-20.47655059388234,0.0192,16.688888888888886,0.0,51.932969604492186,5.498666666666667,54.48986779338243
497,2024-07-19 04:30:00,-12.715259816011526,-20.388675611394515,0.0192,16.466666666666665,0.0,51.328328125,5.5120000000000005,53.63516045736784
498,2024-07-19 04:45:00,-11.478072354394335,-20.505183747739416,0.0192,16.311111111111114,0.0,51.22030792236328,5.521333333333333,53.29916671632507
499,2024-07-19 05:00:00,-11.902046213781112,-19.200985399117663,0.0192,16.133333333333333,0.0,52.32138671875,5.532,54.47287735753906
500,2024-07-19 05:15:00,-11.675491853439471,-17.338870368222913,0.0192,16.055555555555557,0.0,50.814428161621095,5.536666666666666,52.92318647350059
501,2024-07-19 05:30:00,-10.3203994624942,-18.57601149943733,0.0192,15.944444444444445,0.0,49.7759140625,5.543333333333333,51.63768185489222
502,2024-07-19 05:45:00,-10.985436428489564,-17.84128804671164,0.0192,15.77777777777778,2.8,49.50000170898438,5.553333333333333,51.478171534042524
503,2024-07-19 06:00:00,-12.560325651526426,-17.312658055111033,0.0192,15.788888888888891,12.0,49.1159140625,5.552666666666666,51.37794893790998
504,2024-07-19 06:15:00,-10.969474140802271,-17.022280945517686,0.0192,15.88888888888889,18.6,51.75970465087891,5.546666666666667,53.737374267610086
505,2024-07-19 06:30:00,-11.11589518143965,-17.039926298144206,0.0192,16.133333333333333,34.0,50.38178991699221,5.532,52.391170824700026
506,2024-07-19 06:45:00,-13.861081259143791,-17.51140855193301,0.0192,18.122222222222224,59.2,53.55949456787109,5.4126666666666665,56.12035451228736
507,2024-07-19 07:00:00,-20.310587526030783,-16.57727566683516,0.0192,18.12222222222222,78.4,53.08747198486328,5.4126666666666665,56.83988992907392
508,2024-07-19 07:15:00,-15.27728366353064,-18.10596058978157,0.0192,17.21111111111111,125.2,54.84945635986328,5.467333333333333,57.64374065388791
509,2024-07-19 07:30:00,-10.002446917842812,-19.372223495805205,0.0192,17.533333333333335,199.0,53.21924932861328,5.4479999999999995,55.055234445691625
510,2024-07-19 07:45:00,-20.068830989112406,-18.439795434611007,0.0192,18.277777777777786,244.4,52.8766063232422,5.403333333333332,56.59076381660045
511,2024-07-19 08:00:00,-22.37270286380919,-19.207165981540584,0.5246,19.21111111111111,286.2,51.82803839111328,5.347333333333333,56.01193744306613
512,2024-07-19 08:15:00,-19.70134094455169,-18.04317049284677,0.5246,19.61111111111111,331.8,52.818953125,5.323333333333333,56.519893815898875
513,2024-07-19 08:30:00,-20.90013660435145,-19.27265748094188,0.5246,20.200000000000003,377.2,52.90298828125,5.288,56.855359046066845
514,2024-07-19 08:45:00,-27.364334692046004,-19.456588719438965,0.5246,20.522222222222226,417.6,51.857890625,5.268666666666666,57.05167805231482
515,2024-07-19 09:00:00,-26.226355741882543,-21.703602488279035,0.5246,21.55555555555556,462.8,49.9110757446289,5.206666666666666,54.94814791016332
516,2024-07-19 09:15:00,-21.328758343049365,-22.347154689887866,0.5246,21.45555555555556,532.2,50.512164916992205,5.212666666666666,54.60388221006984
517,2024-07-19 09:30:00,-20.00671940662976,-19.598986694292435,0.5246,21.84444444444445,198.4,67.40210021972656,5.189333333333333,71.25745467886642
518,2024-07-19 09:45:00,-33.28443943204079,-19.439700002328905,0.5246,21.677777777777784,571.0,49.31451171875,5.199333333333333,55.71618618317636
519,2024-07-19 10:00:00,-25.437172918629084,-23.00611290915372,0.5246,21.633333333333333,801.2,46.1274140625,5.202,51.017297360967724
520,2024-07-19 10:15:00,-35.45582871203127,-23.772273712121223,0.5246,21.47777777777777,210.0,49.1246390991211,5.211333333333334,55.928239338093455
521,2024-07-19 10:30:00,-28.091732626543838,-22.91439423926723,0.5246,22.77777777777778,919.8,52.2609422607422,5.133333333333333,57.73335770747152
522,2024-07-19 10:45:00,-27.89906057979506,-22.62072767367706,0.5246,21.888888888888893,218.6,56.2207124633789,5.1866666666666665,61.59970871912345
523,2024-07-19 11:00:00,-33.02772515887822,-24.199546029896915,0.5246,21.85555555555556,638.4,50.71067510986328,5.188666666666666,57.07603393529272
524,2024-07-19 11:15:00,-34.57837110037245,-23.328218697180475,0.5246,22.855555555555554,929.6,48.76025,5.128666666666667,55.502425568771436
525,2024-07-19 11:30:00,-31.540793959044173,-26.661025558231252,0.5246,22.355555555555554,259.6,55.067551635742205,5.158666666666667,61.18168848487199
526,2024-07-19 11:45:00,-33.74598649814381,-25.842389014686397,0.5246,23.06666666666668,1047.0,55.8920985107422,5.115999999999999,62.4882647535381
527,2024-07-19 12:00:00,-22.177534435934252,-24.994879396650767,0.5246,23.23333333333333,210.2,55.7113328857422,5.106,60.054759136414795
528,2024-07-19 12:15:00,-29.996220362273828,-24.94522438857978,0.5246,23.85555555555556,601.4,55.76833917236328,5.068666666666666,61.68630978178203
529,2024-07-19 12:30:00,-34.373883858284884,-24.57541851658075,0.5246,24.633333333333336,980.6,52.23853277587891,5.022,59.083193042363355
530,2024-07-19 12:45:00,-34.149030961214955,-26.631917595687987,0.5246,25.355555555555554,960.6,50.62573590087891,4.978666666666666,57.484807465129364
531,2024-07-19 13:00:00,-34.868501121061506,-26.128123122075195,0.5246,24.95555555555556,395.6,57.33655621337891,5.002666666666666,64.30653911337788
532,2024-07-19 13:15:00,-36.24603441088034,-26.963541995401947,0.5246,24.34444444444445,362.0,49.128726562500006,5.039333333333333,56.3213514621323
533,2024-07-19 13:30:00,-27.98724139831204,-27.44743389177871,0.5246,25.17777777777778,424.0,50.39161413574219,4.989333333333333,56.00102916747229
534,2024-07-19 13:45:00,-35.57630113067454,-27.51969105082775,0.5246,25.6,1083.4,55.14332507324218,4.9639999999999995,62.31018670311215
535,2024-07-19 14:00:00,-29.447587835494705,-26.736241405021985,0.5246,24.766666666666666,653.4,53.89265014648437,5.014,59.765723109287464
536,2024-07-19 14:15:00,-20.58228008043398,-26.97810799597678,0.5246,26.122222222222227,1049.8,53.21566577148438,4.932666666666666,57.388313442879294
537,2024-07-19 14:30:00,-33.9968620596356,-26.015475109695988,0.5246,26.944444444444443,1018.6,46.66344854736329,4.883333333333334,53.62526330360266
538,2024-07-19 14:45:00,-33.68832295801246,-27.222876535327742,0.5246,26.099999999999994,715.2,50.4441953125,4.934,57.2719867510919
539,2024-07-19 15:00:00,-24.52577563807025,-26.0616751608342,0.5246,25.433333333333334,1016.0,50.63161871337891,4.974,55.56241397636047
540,2024-07-19 15:15:00,-29.06397327446363,-26.38064172994152,0.5246,24.966666666666665,236.0,54.0519859008789,5.002,59.86245636758494
541,2024-07-19 15:30:00,-34.14421632148859,-26.265820713281254,0.5246,25.21111111111111,227.0,55.45761566162109,4.987333333333334,62.30380259949476
542,2024-07-19 15:45:00,-22.22915945036194,-27.0701055058986,0.5246,25.54444444444444,921.0,48.5899125366211,4.967333333333333,53.064981544209736
543,2024-07-19 16:00:00,-32.634378238647564,-29.045095381844018,0.5246,25.73333333333333,820.0,51.5832202758789,4.956,58.16804235793047
544,2024-07-19 16:15:00,-35.39825609566798,-27.20492583940309,0.5246,25.25555555555556,645.2,53.20597216796875,4.984666666666667,60.307401102501586
545,2024-07-19 16:30:00,-34.163448458738365,-27.64964433865116,0.5246,24.64444444444445,146.8,51.85216748046875,5.021333333333333,58.65582821972892
546,2024-07-19 16:45:00,-32.72637364790826,-26.78884281029788,0.5246,25.06666666666667,222.6,53.69588909912109,4.9959999999999996,60.2464042408161
547,2024-07-19 17:00:00,-31.5063946180817,-25.187892423383456,0.5246,24.622222222222224,160.0,53.10337042236328,5.022666666666667,59.3762124620663
548,2024-07-19 17:15:00,-33.04127721069657,-25.883664981580598,0.5246,24.88888888888889,616.2,53.8594140625,5.006666666666667,60.45887022974965
549,2024-07-19 17:30:00,-32.31698242598727,-27.033940394152587,0.5246,25.4,526.6,53.3945297241211,4.976,59.88910014735005
550,2024-07-19 17:45:00,-32.58640735180252,-26.633291498844567,0.5246,25.06666666666667,429.6,54.1027484741211,4.9959999999999996,60.625247944057556
551,2024-07-19 18:00:00,-30.76559871969621,-26.806058500609375,0.5246,25.0,385.4,56.32864843749999,5.0,62.481768181439236
552,2024-07-19 18:15:00,-30.47357593325069,-26.02238458570112,0.5246,25.377777777777776,349.2,56.22947027587891,4.977333333333333,62.35194066161103
553,2024-07-19 18:30:00,-30.600700670753096,-25.79463508733624,0.5246,25.03333333333333,291.6,53.35889385986329,4.998,59.48148302968183
554,2024-07-19 18:45:00,-33.81863538130051,-25.257194188381835,0.5246,24.81111111111111,245.8,54.1173359375,5.011333333333333,60.86576657099086
555,2024-07-19 19:00:00,-32.59555234958001,-27.22056654269229,0.5246,24.74444444444444,200.6,50.155557922363286,5.015333333333333,56.654737574678855
556,2024-07-19 19:15:00,-33.07910529357076,-25.912699209700545,0.5246,24.78888888888889,156.4,51.16005468749999,5.012666666666666,57.759158017777445
557,2024-07-19 19:30:00,-33.255549612416935,-26.484457674744007,0.5246,24.22222222222221,109.4,51.43386260986328,5.046666666666668,58.02346953438447
558,2024-07-19 19:45:00,-32.23041693234608,-27.24128804570749,0.5246,24.06666666666667,66.8,52.529482849121095,5.056,58.90416974238575
559,2024-07-19 20:00:00,-30.72044906395413,-27.40218334398825,0.5246,23.766666666666666,35.2,50.3037265625,5.074,56.35821002011808
560,2024-07-19 20:15:00,-31.00758424052657,-27.03448763539433,0.5246,23.38888888888889,14.0,51.752140625,5.096666666666667,57.83603550541725
561,2024-07-19 20:30:00,-31.88352979344397,-25.074369134878943,0.5246,23.05555555555556,2.8,55.07321246337891,5.116666666666666,61.30452121779793
562,2024-07-19 20:45:00,-31.784559922572168,-25.32814866237137,0.5246,22.577777777777776,0.0,53.5673046875,5.145333333333333,59.74466150064566
563,2024-07-19 21:00:00,-30.69274729382761,-26.86444792730093,0.5246,22.33333333333333,0.0,52.747921875,5.16,58.69612871488907
564,2024-07-19 21:15:00,-31.223980230767623,-23.083647446783534,0.5246,22.022222222222226,0.0,54.99963604736328,5.1786666666666665,61.02898341427258
565,2024-07-19 21:30:00,-24.771053317415063,-25.538090483413505,0.5246,21.75555555555556,0.0,54.9571063232422,5.1946666666666665,59.725661248309265
566,2024-07-19 21:45:00,-27.6358138651575,-24.329380492170014,0.5246,21.488888888888887,0.0,55.414740661621096,5.210666666666667,60.71844086603976
567,2024-07-19 22:00:00,-26.08659247424808,-24.481815430831883,0.0192,21.36666666666667,0.0,53.12555859375,5.218,58.12490556083472
568,2024-07-19 22:15:00,-26.4052902834962,-22.962799726831395,0.0192,21.13333333333333,0.0,53.634821838378905,5.232,58.6817045378239
569,2024-07-19 22:30:00,-26.03689052560237,-25.199232304403104,0.0192,20.666666666666668,0.0,53.810828125,5.26,58.760807312376876
570,2024-07-19 22:45:00,-25.63448865333868,-25.448635797637568,0.0192,20.32222222222222,0.0,55.60010394287109,5.280666666666667,60.45450780349576
571,2024-07-19 23:00:00,-24.81852544094271,-23.892009151118568,0.0192,19.81111111111111,0.0,55.94448760986328,5.311333333333334,60.6172362180488
572,2024-07-19 23:15:00,-24.704221634054534,-23.88303937803621,0.0192,19.577777777777776,0.0,57.842204650878905,5.325333333333333,62.48120470734884
573,2024-07-19 23:30:00,-25.38590690062933,-22.100064973712907,0.0192,19.288888888888888,0.0,55.36620159912109,5.342666666666667,60.11774394388575
574,2024-07-19 23:45:00,-26.44469863119709,-22.255518502705616,0.0192,18.833333333333336,0.0,56.1760101928711,5.37,61.10053507763778
575,2024-07-20 00:00:00,-22.71162917527317,-23.73367309682802,0.0192,18.522222222222226,0.0,52.3780625,5.3886666666666665,56.592765427491
576,2024-07-20 00:15:00,-21.92639019142039,-23.47046043615588,0.0192,18.43333333333333,0.0,52.86180859375,5.394,56.926767843179064
577,2024-07-20 00:30:00,-21.53476509195033,-20.277456868446315,0.0192,18.300000000000004,0.0,52.44008984375,5.402,56.42653284485151
578,2024-07-20 00:45:00,-25.76159941548581,-20.700084522415032,0.0192,18.022222222222226,0.0,53.5187890625,5.418666666666667,58.27302123809408
579,2024-07-20 01:00:00,-23.86391489213478,-24.759014016751976,0.0192,17.677777777777774,0.0,51.2054383544922,5.439333333333334,55.59272507323251
580,2024-07-20 01:15:00,-22.34369134457957,-20.532708290894146,0.0192,17.577777777777776,0.0,53.51581640625,5.445333333333333,57.619089792252616
581,2024-07-20 01:30:00,-22.19825237316568,-20.90987144968716,0.0192,17.5,0.0,51.55227667236328,5.45,55.625350502301934
582,2024-07-20 01:45:00,-21.52722886255252,-21.544331813337823,0.0192,17.34444444444445,0.0,51.75245483398437,5.459333333333333,55.695652207757576
583,2024-07-20 02:00:00,-20.697111939066176,-20.07786088387685,0.0192,17.244444444444444,0.0,48.69570788574219,5.465333333333334,52.48268860159963
584,2024-07-20 02:15:00,-18.969616333873358,-21.243423617952825,0.0192,17.144444444444446,0.0,50.17993682861328,5.471333333333333,53.647028884274306
585,2024-07-20 02:30:00,-16.170306706439778,-21.36873891090121,0.0192,17.055555555555557,0.0,48.95369854736328,5.476666666666667,51.90628041707231
586,2024-07-20 02:45:00,-15.482087591666032,-20.67151320183337,0.0192,16.88888888888889,0.0,49.9225210571289,5.486666666666666,52.74428671782137
587,2024-07-20 03:00:00,-13.193794845382865,-19.913844194476862,0.0192,16.855555555555554,0.0,48.63215472412109,5.488666666666667,51.0359798508154
588,2024-07-20 03:15:00,-6.706015459646871,-21.163113663408687,0.0192,16.733333333333334,0.0,48.95940948486328,5.4959999999999996,50.17957241420223
589,2024-07-20 03:30:00,-10.827508647496051,-20.14926343182926,0.0192,16.688888888888886,0.0,50.7807578125,5.498666666666667,52.74987310969254
590,2024-07-20 03:45:00,-14.263662454873105,-19.21219974600318,0.0192,16.58888888888889,0.0,49.07416796875,5.504666666666667,51.66536255301906
591,2024-07-20 04:00:00,-13.720280237524255,-20.63954607418295,0.0192,16.466666666666665,0.0,49.381056213378905,5.5120000000000005,51.87022171365544
592,2024-07-20 04:15:00,-13.851661032274864,-20.978697677572853,0.0192,16.27777777777778,0.0,51.25555944824219,5.523333333333333,53.76340393205779
593,2024-07-20 04:30:00,-12.04275096964933,-19.62103307784612,0.0192,16.333333333333332,0.0,53.33910784912109,5.52,55.52076563347786
594,2024-07-20 04:45:00,-13.605646685525455,-19.973925065292743,0.0192,16.41111111111111,0.0,51.48287738037109,5.515333333333333,53.94975397027659
595,2024-07-20 05:00:00,-14.31688014826411,-20.03103294045398,0.0192,16.555555555555557,0.0,50.43194140625,5.506666666666667,53.03185910871927
596,2024-07-20 05:15:00,-11.984661090641984,-18.67148756824164,0.0192,16.622222222222224,0.0,50.89996417236328,5.502666666666666,53.07793747451533
597,2024-07-20 05:30:00,-10.715220253580926,-49.70552059124256,0.0192,16.61111111111111,0.0,51.30449389648437,5.503333333333333,53.25153573541488
598,2024-07-20 05:45:00,-14.709408788093466,-17.789729967384933,0.0192,16.45555555555556,1.4,53.14840167236328,5.512666666666666,55.81669447465379
599,2024-07-20 06:00:00,-12.114994729820133,-17.212957415091083,0.0192,16.333333333333332,16.4,51.23432421875,5.52,53.42906964081886
600,2024-07-20 06:15:00,-13.437286913604405,-17.31918454741417,0.0192,16.38888888888889,26.6,48.013565734863285,5.516666666666667,50.44932771316016
601,2024-07-20 06:30:00,-14.36741623299025,-16.99414104660084,0.0192,16.488888888888894,42.4,47.57159765625,5.510666666666666,50.17879876313185
602,2024-07-20 06:45:00,-14.650313299810373,-17.268086172862137,0.0192,16.577777777777776,62.8,51.06727191162109,5.505333333333334,53.72838476578863
603,2024-07-20 07:00:00,-18.048880585319612,-17.664542192920102,0.0192,17.033333333333335,87.2,49.3538765258789,5.478,52.648670353063935
604,2024-07-20 07:15:00,-16.631480190813186,-17.922495095841192,0.0192,17.65555555555555,119.2,49.71697589111328,5.440666666666667,52.77385866114388
605,2024-07-20 07:30:00,-12.859897372586696,-19.370188349178893,0.0192,18.211111111111112,181.8,51.885578125,5.407333333333333,54.26381090257121
606,2024-07-20 07:45:00,-22.354513567145844,-19.18983945196969,0.0192,19.022222222222226,242.0,50.66626342773438,5.358666666666666,54.83791935591537
607,2024-07-20 08:00:00,-18.928452790767043,-19.40212697453366,0.5246,19.566666666666663,284.8,50.04841949462891,5.3260000000000005,53.60239110386042
608,2024-07-20 08:15:00,-23.56674287255912,-18.67956734151242,0.5246,19.87777777777778,330.0,49.739412536621096,5.307333333333333,54.17982383028253
609,2024-07-20 08:30:00,-18.21465145406896,-20.228730496231933,0.5246,21.27777777777778,377.8,45.626671875,5.223333333333334,49.11384190449629
610,2024-07-20 08:45:00,-22.47432615161581,-19.147541979470933,0.5246,21.700000000000003,427.2,48.6072734375,5.1979999999999995,52.93092217771081
611,2024-07-20 09:00:00,-27.275698140777283,-20.79456477997257,0.5246,21.422222222222224,468.8,45.969192932128905,5.214666666666666,51.199766597580954
612,2024-07-20 09:15:00,-25.76857390319468,-20.856400749107927,0.5246,22.466666666666665,507.2,48.354171875,5.152,53.35583606428468
613,2024-07-20 09:30:00,-17.108850429247706,-21.175434021920942,0.5246,22.444444444444446,555.0,44.50613995361328,5.153333333333333,47.826097992923955
614,2024-07-20 09:45:00,-22.89057606401989,-22.163533858100948,0.5246,23.911111111111108,600.8,43.62635784912109,5.065333333333333,48.145423931778346
615,2024-07-20 10:00:00,-30.34611687143924,-21.65206527085748,0.5246,24.388888888888893,624.4,45.77332965087891,5.036666666666666,51.79836940033739
616,2024-07-20 10:15:00,-34.392007921764055,-23.254680501549306,0.5246,23.599999999999994,661.4,45.2334077758789,5.0840000000000005,51.998161497705034
617,2024-07-20 10:30:00,-33.55059035941818,-24.366351897578973,0.5246,23.63333333333333,696.0,44.9596109008789,5.082,51.56145866935945
618,2024-07-20 10:45:00,-29.73074681632315,-24.72713462100304,0.5246,24.322222222222223,725.6,44.8052469482422,5.040666666666667,50.703424467682055
619,2024-07-20 11:00:00,-28.804578110556868,-24.14861212546842,0.5246,24.74444444444444,755.8,45.11158135986328,5.015333333333333,50.85488418663921
620,2024-07-20 11:15:00,-34.35011564215289,-24.34794444536421,0.5246,24.82222222222222,783.6,47.83019073486328,5.010666666666667,54.68558901363248
621,2024-07-20 11:30:00,-33.74738514652445,-24.363462711862816,0.5246,25.077777777777783,809.4,45.6370828857422,4.995333333333333,52.39286531197825
622,2024-07-20 11:45:00,-33.983731437344986,-24.955176585260872,0.5246,25.06666666666667,830.2,44.6626844482422,4.9959999999999996,51.46487248614152
623,2024-07-20 12:00:00,-32.59451906798352,-24.8613494174876,0.5246,25.11111111111111,845.6,44.203893859863285,4.993333333333333,50.731501149846636
624,2024-07-20 12:15:00,-33.357377229574624,-25.64826629472568,0.5246,25.944444444444443,859.2,45.23027972412109,4.943333333333333,51.978231962066054
625,2024-07-20 12:30:00,-33.41043561862923,-26.088331510868084,0.5246,25.72222222222222,874.6,45.560157775878906,4.956666666666667,52.300662608151114
626,2024-07-20 12:45:00,-39.052971575368325,-29.656545963088103,0.5246,26.022222222222226,878.2,44.89280316162109,4.938666666666666,52.800397298102254
627,2024-07-20 13:00:00,-41.13050666725827,-37.743379574633664,0.5246,27.16666666666667,888.2,43.35077667236328,4.87,51.796465926420424
628,2024-07-20 13:15:00,-38.76732870673896,-46.93034167436389,0.5246,27.1,888.6,41.54287042236328,4.874,49.49677454766877
629,2024-07-20 13:30:00,-56.05229261239508,-53.737386481804016,0.5246,27.4,892.2,43.03940625,4.856,54.58230011581447
630,2024-07-20 13:45:00,-57.802880504057526,-54.09735850597865,0.5246,26.91111111111111,885.2,43.2898984375,4.8853333333333335,55.12181993805763
631,2024-07-20 14:00:00,-56.15027414837349,-54.37877144722485,0.5246,27.15555555555555,874.6,42.61391882324219,4.870666666666667,54.14217111212259
632,2024-07-20 14:15:00,-55.26561781635692,-50.30531380067808,0.5246,27.62222222222222,868.4,42.78295959472656,4.842666666666667,54.19518794336855
633,2024-07-20 14:30:00,-53.67643590510311,-40.596892892442526,0.5246,27.144444444444435,851.8,42.90091748046875,4.871333333333334,53.91975610885997
634,2024-07-20 14:45:00,-53.06844345017886,-37.11831329539129,0.5246,28.06666666666668,833.0,43.38811889648437,4.815999999999999,54.40731396504311
635,2024-07-20 15:00:00,-52.67380040095071,-30.74730659371149,0.5246,27.766666666666666,809.8,42.90471264648437,4.834,53.80123734672242
636,2024-07-20 15:15:00,-50.76907966414191,-24.46828209026309,0.5246,27.6,791.8,44.5606640625,4.844,55.04148149935837
637,2024-07-20 15:30:00,-52.96825458616699,-24.94586833714089,0.5246,28.05555555555556,770.4,44.290390625,4.816666666666666,55.28726008925612
638,2024-07-20 15:45:00,-38.77587971205285,-24.35113319698265,0.5246,27.74444444444445,741.4,45.28040490722657,4.835333333333333,53.29968238800408
639,2024-07-20 16:00:00,-32.25405200362644,-24.432072630412534,0.5246,27.922222222222224,713.6,43.65748608398438,4.824666666666666,50.34272554860227
640,2024-07-20 16:15:00,-30.230226332784778,-24.36343393686049,0.5246,27.577777777777776,677.4,43.52729382324219,4.8453333333333335,49.766333380091
641,2024-07-20 16:30:00,-31.04187427485791,-24.640875905664437,0.5246,27.444444444444446,640.8,43.00741271972656,4.8533333333333335,49.403403298337395
642,2024-07-20 16:45:00,-30.409968988385284,-25.46985686473176,0.5246,27.32222222222222,600.8,43.99435498046876,4.860666666666667,50.250692037467516
643,2024-07-20 17:00:00,-29.491951838339496,-25.655840568567317,0.5246,27.766666666666666,560.6,44.1858984375,4.834,50.28684006727648
644,2024-07-20 17:15:00,-28.336824336352397,-25.602582593933757,0.5246,27.82222222222222,520.8,45.272092407226566,4.830666666666667,51.138120078290406
645,2024-07-20 17:30:00,-23.037514224305703,-22.165612143272444,0.5246,27.533333333333328,479.2,45.5905594482422,4.848000000000001,50.342521953255755
646,2024-07-20 17:45:00,-29.29416986849119,-22.284535169491186,0.5246,27.38888888888889,438.8,46.29726715087891,4.8566666666666665,52.32901111831018
647,2024-07-20 18:00:00,-30.70773391256729,-23.66922206311611,0.5246,27.133333333333336,394.2,46.6452359008789,4.872,52.948136950256426
648,2024-07-20 18:15:00,-31.63816457517611,-24.921498977685808,0.5246,26.955555555555563,360.8,46.50068902587891,4.882666666666666,52.980378657605314
649,2024-07-20 18:30:00,-32.138570799797336,-26.36266741384925,0.5246,27.04444444444444,301.6,50.3598359375,4.8773333333333335,56.94920939289858
650,2024-07-20 18:45:00,-34.67621812180856,-27.19163047573403,0.5246,27.1,246.4,49.963920349121096,4.874,57.07845012380484
651,2024-07-20 19:00:00,-32.28238004376502,-28.896747801671808,0.5246,26.57777777777778,203.0,49.6708125,4.905333333333333,56.25189024743783
652,2024-07-20 19:15:00,-33.26157212834088,-27.22207889697083,0.5246,26.266666666666666,150.0,51.139484375,4.924,57.894474652892136
653,2024-07-20 19:30:00,-34.07157256673759,-26.85431967017225,0.5246,26.099999999999994,101.2,50.4493765258789,4.934,57.35484319931578
654,2024-07-20 19:45:00,-32.925015834404455,-27.79717774432416,0.5246,25.84444444444445,63.0,51.50426409912109,4.949333333333333,58.15667839755949
655,2024-07-20 20:00:00,-32.78897380697402,-27.293062735262986,0.5246,25.433333333333334,29.8,56.31330468749999,4.974,62.90537823132267
656,2024-07-20 20:15:00,-31.18152212663302,-27.04429928183697,0.5246,25.066666666666663,12.0,56.62838604736328,4.996,62.86968351066052
657,2024-07-20 20:30:00,-30.286784704603544,-26.025479919595,0.5246,24.922222222222224,4.2,57.6060297241211,5.004666666666666,63.657738403607624
658,2024-07-20 20:45:00,-27.2593739557398,-24.663308283515857,0.5246,24.711111111111105,0.0,56.6045625,5.017333333333334,62.03760275160905
659,2024-07-20 21:00:00,-26.40366788226452,-25.68570155021938,0.5246,24.47777777777777,0.0,57.173740661621096,5.031333333333333,62.4215877297802
660,2024-07-20 21:15:00,-23.893273882508407,-26.61141955568733,0.5246,24.188888888888883,0.0,56.3669735107422,5.048666666666667,61.09956440256349
661,2024-07-20 21:30:00,-24.875581877822533,-24.203014588320723,0.5246,23.14444444444444,0.0,56.0202890625,5.1113333333333335,60.887039136418586
662,2024-07-20 21:45:00,-24.90998050985004,-25.41963405061032,0.5246,22.700000000000003,0.0,56.46102819824221,5.138,61.30921436209002
663,2024-07-20 22:00:00,-24.7131909349317,-25.774671700549504,0.0192,22.200000000000003,0.0,57.0048328857422,5.168,61.78679707593797
664,2024-07-20 22:15:00,-25.31901960658305,-23.15630440219854,0.0192,21.933333333333326,0.0,56.56557745361329,5.184,61.449647593772056
665,2024-07-20 22:30:00,-25.32703456885333,-25.894447700386728,0.0192,21.45555555555556,0.0,56.32377734375,5.212666666666666,61.18252550250176
666,2024-07-20 22:45:00,-25.167390018027078,-24.69225494956077,0.0192,21.22222222222222,0.0,56.2856531982422,5.226666666666667,61.10084261495656
667,2024-07-20 23:00:00,-25.632946220920807,-23.00444867302937,0.0192,20.822222222222216,0.0,57.13336871337891,5.2506666666666675,62.01521474326479
668,2024-07-20 23:15:00,-25.67076909829152,-24.18924409983817,0.0192,20.711111111111112,0.0,57.0152235107422,5.257333333333333,61.898073326547085
669,2024-07-20 23:30:00,-25.25005779903769,-23.51758396749495,0.0192,20.522222222222226,0.0,56.4479429321289,5.268666666666666,61.240437769349775
670,2024-07-20 23:45:00,-24.403763553734933,-25.160330358205133,0.0192,20.17777777777778,0.0,57.8847156982422,5.289333333333333,62.49848496098513
