building,pv_capacity_kw,battery_capacity_kwh,tes_capacity_kwh,elec_avg_kW,elec_peak_kW,thermal_avg_kW
0204599,65,260,870,63.825437055454756,145.39835211412952,216.36945355947068
0204603,15,45,75,10.370870853050747,41.210805508503576,18.04634856795131
0204608,20,75,130,17.596835354815745,34.301362807932406,31.601051183116127
0204613,15,50,70,11.517164122163793,28.938791627202587,17.29170185957997
0204621,50,190,325,47.18362775768246,82.85402470180269,81.07676061007989
0204623,75,290,495,71.50505432334666,277.7834379951346,122.82653884128324
0204667,10,35,45,8.608086066520302,31.024149478065443,10.642084258747644
0204703,40,150,95,36.510102502171996,61.6256085866453,22.602336367308347
0204725,65,245,425,60.78997624608442,261.60608905425954,105.37650371948492
0205076,40,145,160,35.54911991508543,68.66073017617906,39.3731917713381
0205463,5,20,5,4.1106858380425315,7.930213272624691,0.571477714849529
coe,105,420,320,104.44873332213075,179.36797525871103,78.78656021179866
