Chiller2Tes,Chiller2Ahu,Tes2Ahu,SoC_Tes,Opt_ele,TOU,baseLoad
0.0,0.0,0.0,0.5,2.7647058823529407,0.08,2.7647058823529407
12.5,12.5,0.0,0.559375,6.441176470588235,0.08,2.7647058823529407
5.263157894736917,5.263157894736917,0.0,0.5843750000000003,4.312693498452034,0.08,2.7647058823529407
0.0,0.0,0.0,0.5843750000000003,2.7647058823529407,0.08,2.7647058823529407
0.0,0.0,0.0,0.5843750000000003,2.7647058823529407,0.08,2.7647058823529407
12.5,12.5,0.0,0.6437500000000003,6.441176470588235,0.08,2.7647058823529407
12.5,12.5,0.0,0.7031250000000002,6.441176470588235,0.08,2.7647058823529407
12.5,12.5,0.0,0.7625000000000002,6.441176470588235,0.08,2.7647058823529407
12.5,12.5,0.0,0.8218750000000001,6.441176470588235,0.08,2.7647058823529407
0.0,0.0,0.0,0.8218750000000001,2.7647058823529407,0.08,2.7647058823529407
12.5,12.5,0.0,0.8812500000000001,6.441176470588235,0.08,2.7647058823529407
12.5,12.5,0.0,0.940625,6.441176470588235,0.08,2.7647058823529407
12.5,12.5,0.0,1.0,6.441176470588235,0.08,2.7647058823529407
0.0,0.0,0.0,1.0,2.7647058823529407,0.08,2.7647058823529407
0.0,0.0,0.0,1.0,2.7647058823529407,0.08,2.7647058823529407
0.0,0.0,0.0,1.0,2.7647058823529407,0.08,2.7647058823529407
0.0,0.0,0.0,1.0,2.7647058823529407,0.08,2.7647058823529407
0.0,0.0,0.0,1.0,2.7647058823529407,0.08,2.7647058823529407
0.0,0.0,0.0,1.0,2.7647058823529407,0.08,2.7647058823529407
0.0,0.0,0.0,1.0,2.7647058823529407,0.08,2.7647058823529407
0.0,0.0,0.0,1.0,3.992792620818525,0.08,3.992792620818525
0.0,0.0,0.0,1.0,4.023726435518037,0.08,4.023726435518037
0.0,0.0,0.0,1.0,4.054922011837841,0.08,4.054922011837841
0.0,0.0,0.0,1.0,4.086383192076593,0.08,4.086383192076593
0.0,0.0,0.0,1.0,3.942643287923722,0.12,3.942643287923722
0.0,0.0,0.0,1.0,4.028975039670135,0.12,4.028975039670135
0.0,0.0,0.0,1.0,5.460457976310111,0.12,5.460457976310111
0.0,0.0,0.0,1.0,4.215819330758792,0.12,4.215819330758792
0.0,0.0,0.0,1.0,6.6627287740638845,0.12,6.6627287740638845
0.0,0.0,0.0,1.0,8.289083962693205,0.12,8.289083962693205
0.0,0.0,0.0,1.0,6.995311012342237,0.12,6.995311012342237
0.0,0.0,0.0,1.0,7.170128036016353,0.12,7.170128036016353
0.0,0.0,0.0,1.0,5.977428212912419,0.12,5.977428212912419
0.0,0.0,0.0,1.0,7.800903869345589,0.12,7.800903869345589
0.0,0.0,0.0,1.0,6.30642587404019,0.12,6.30642587404019
0.0,0.0,0.0,1.0,6.479752961337785,0.12,6.479752961337785
0.0,0.0,0.0,1.0,5.501131450831717,0.12,5.501131450831717
0.0,0.0,0.0,1.0,3.721571871052686,0.12,3.721571871052686
0.0,0.0,0.0,1.0,3.719605127642517,0.12,3.719605127642517
0.0,0.0,0.0,1.0,5.502599827638485,0.12,5.502599827638485
0.0,0.0,0.0,1.0,3.829030361908164,0.12,3.829030361908164
0.0,0.0,0.0,1.0,3.9389040855332187,0.12,3.9389040855332187
0.0,0.0,0.0,1.0,4.054254414713317,0.12,4.054254414713317
0.0,0.0,0.0,1.0,6.220369322003176,0.12,6.220369322003176
0.0,0.0,0.0,1.0,4.095454701818047,0.12,4.095454701818047
0.0,0.0,0.0,1.0,4.010188756311698,0.12,4.010188756311698
0.0,0.0,0.0,1.0,5.831602128100922,0.12,5.831602128100922
0.0,0.0,0.0,1.0,3.8556158084494734,0.12,3.8556158084494734
0.0,0.0,0.0,1.0,5.956414687385176,0.12,5.956414687385176
0.0,0.0,0.0,1.0,7.726502933234591,0.12,7.726502933234591
0.0,0.0,0.0,1.0,5.860548442820693,0.12,5.860548442820693
0.0,0.0,0.0,1.0,5.810325585901379,0.12,5.810325585901379
0.0,0.0,0.0,1.0,5.9152942456720226,0.12,5.9152942456720226
0.0,0.0,0.0,1.0,7.890304560509298,0.12,7.890304560509298
0.0,0.0,0.0,1.0,6.142678822877845,0.12,6.142678822877845
0.0,0.0,0.0,1.0,6.258292864382355,0.12,6.258292864382355
0.0,0.0,12.5,0.9342105263157896,0.798241832211486,0.25,5.977912969711296
0.0,0.0,9.794803825859528,0.8826589272323184,0.0,0.25,3.9916513219108256
0.0,0.0,9.759404946529035,0.8312936380400604,0.0,0.25,3.912344684763816
0.0,0.0,12.5,0.7655041643558498,0.6902371475393692,0.25,5.6205034608045485
0.0,0.0,9.705348784181533,0.7144233812812102,0.0,0.25,3.7616318749274393
0.0,0.0,9.669919544791227,0.6635290678875723,0.0,0.25,3.683778874206182
0.0,0.0,9.635545210832552,0.6128156720410851,0.0,0.25,3.6086967895586115
0.0,0.0,12.5,0.5470261983568747,0.5540211953289697,0.25,5.157462359668137
0.0,0.0,9.575180247809833,0.49663051284208604,0.0,0.25,3.4492724235626206
0.0,0.0,9.53450863336988,0.4464488884559287,0.0,0.25,3.360818846007658
0.0,0.0,12.5,0.3806594147717183,0.4453101779215111,0.25,4.758272527485385
0.0,0.0,9.470756473051548,0.3308133280714469,0.0,0.25,3.199752849157911
0.0,0.0,12.5,0.2650238543872366,3.3369959194361054,0.25,7.527376649048436
0.0,0.0,12.5,0.19923438070302604,3.3058161864032307,0.25,7.463820344407389
0.0,0.0,12.5,0.1334449070188156,4.668790530875171,0.25,8.794853301493314
0.0,0.0,12.5,0.06765543333460508,3.2490648990554263,0.25,7.343612926465969
0.0,0.0,12.5,0.0018659596503945788,4.639893717535125,0.25,8.70849935959263
0.0,0.0,0.35453233357497,0.0,9.890439828145182,0.25,10.005108321224856
0.0,0.0,0.0,0.0,8.594789370125637,0.25,8.594789370125637
0.0,0.0,0.0,0.0,8.537185421201343,0.25,8.537185421201343
0.0,0.0,0.0,0.0,8.598532523185439,0.25,8.598532523185439
0.0,0.0,0.0,0.0,8.412394739813791,0.25,8.412394739813791
0.0,0.0,0.0,0.0,8.23401345547214,0.25,8.23401345547214
0.0,0.0,0.0,0.0,8.063024494787422,0.25,8.063024494787422
0.0,0.0,0.0,0.0,4.241083243034577,0.08,4.241083243034577
0.0,0.0,0.0,0.0,4.242456752127311,0.08,4.242456752127311
0.0,0.0,0.0,0.0,4.243893293548874,0.08,4.243893293548874
0.0,0.0,0.0,0.0,4.245359289993198,0.08,4.245359289993198
0.0,0.0,0.0,0.0,4.433030063666718,0.08,4.433030063666718
0.0,0.0,0.0,0.0,4.400542314282174,0.08,4.400542314282174
0.0,0.0,0.0,0.0,4.368479014108477,0.08,4.368479014108477
0.0,0.0,0.0,0.0,4.3368261941297375,0.08,4.3368261941297375
0.0,0.0,0.0,0.0,3.1565247018497127,0.08,3.1565247018497127
0.0,0.0,0.0,0.0,3.138498991651169,0.08,3.138498991651169
0.0,0.0,0.0,0.0,3.1206505713022095,0.08,3.1206505713022095
0.0,0.0,0.0,0.0,3.102976900992673,0.08,3.102976900992673
0.0,0.0,0.0,0.0,2.879338926146354,0.08,2.879338926146354
0.0,0.0,0.0,0.0,2.879338926146354,0.08,2.879338926146354
0.0,0.0,0.0,0.0,2.879338926146354,0.08,2.879338926146354
0.0,0.0,0.0,0.0,3.9977487938998033,0.08,3.9977487938998033
