datetime,Load_thermal,heating,cooling,Load_ele,TOU,temp_amb,solar
2024-08-20 00:00:00,24790.476784523944,2300.86955466195,22489.607229861995,15082.478333333333,0.0249,14.377777777777776,0.0
2024-08-20 00:15:00,23042.140477757675,2933.7180729439315,20108.422404813748,15072.98351851852,0.0249,14.355555555555554,0.0
2024-08-20 00:30:00,29502.775103749205,9167.607947470446,20335.16715627876,14983.558703703706,0.0249,14.333333333333334,0.0
2024-08-20 00:45:00,25467.37189332024,2887.564778391637,22579.8071149286,14924.307037037035,0.0249,14.3,0.0
2024-08-20 01:00:00,23710.9028697202,2918.454174441845,20792.44869527836,14957.398703703706,0.0249,14.366666666666667,0.0
2024-08-20 01:15:00,23434.88404179412,2279.844916346188,21155.03912544793,14642.786481481482,0.0249,14.38888888888889,0.0
2024-08-20 01:30:00,27433.71300473985,6192.612010504548,21241.100994235305,14294.67722222222,0.0249,14.377777777777776,0.0
2024-08-20 01:45:00,26737.332761412847,7133.609624900325,19603.72313651252,14305.790925925929,0.0249,14.255555555555556,0.0
2024-08-20 02:00:00,25545.995258049494,6196.1019927378775,19349.893265311617,14370.713161375665,0.0249,14.011111111111113,0.0
2024-08-20 02:15:00,22870.16584610001,3353.44374163816,19516.722104461856,14371.289814814816,0.0249,13.877777777777776,0.0
2024-08-20 02:30:00,22986.251951295457,3344.334804461196,19641.917146834257,14406.071986161987,0.0249,13.777777777777777,0.0
2024-08-20 02:45:00,22740.78541317833,3465.0530302002094,19275.732382978123,14352.590555555556,0.0249,13.644444444444446,0.0
2024-08-20 03:00:00,28062.4822054482,7855.270408645241,20207.21179680295,14478.53888888889,0.0249,13.599999999999998,0.0
2024-08-20 03:15:00,23806.60430709727,4394.813042638789,19411.79126445848,14425.365,0.0249,13.466666666666663,0.0
2024-08-20 03:30:00,23492.089309814342,4538.538710297684,18953.550599516664,15071.398888888883,0.0249,13.333333333333334,0.0
2024-08-20 03:45:00,30495.81623796964,11820.498965417828,18675.317272551805,14761.02722222222,0.0249,13.27777777777778,0.0
2024-08-20 04:00:00,29820.003222308977,11142.358382830147,18677.64483947883,14739.323703703703,0.0249,13.166666666666668,0.0
2024-08-20 04:15:00,25312.07235163431,6839.159795788267,18472.91255584604,14857.254074074071,0.0249,13.055555555555555,0.0
2024-08-20 04:30:00,22787.67797473485,3662.674982716482,19125.00299201837,15197.867037037038,0.0249,12.955555555555552,0.0
2024-08-20 04:45:00,21702.10925686627,2707.4087349266565,18994.700521939616,15564.173148148147,0.0249,12.900000000000002,0.0
2024-08-20 05:00:00,21957.72989067905,2759.3687225913404,19198.3611680877,15296.654814814816,0.0249,12.866666666666667,0.0
2024-08-20 05:15:00,26418.89984445776,7281.294641605302,19137.605202852457,15846.123333333337,0.0249,12.77777777777778,0.0
2024-08-20 05:30:00,22449.27354656485,3660.53260075839,18788.740945806465,14984.086481481483,0.0249,12.811111111111112,0.0
2024-08-20 05:45:00,21061.627591422435,2137.405262071916,18924.22232935052,13749.780925925925,0.0249,12.811111111111112,0.0
2024-08-20 06:00:00,20278.847832639705,2333.945947631842,17944.901885007865,13623.335925925923,0.0249,12.833333333333334,0.0
2024-08-20 06:15:00,22462.63394298124,4471.225884263727,17991.408058717512,13396.22537037037,0.0249,12.833333333333334,0.0
2024-08-20 06:30:00,22294.61330329625,3908.489869846828,18386.12343344942,13305.344444444449,0.0249,12.811111111111112,0.0
2024-08-20 06:45:00,23612.34996608632,3443.9450545414097,20168.40491154491,13489.820185185185,0.0249,12.833333333333334,5.6
2024-08-20 07:00:00,21398.181279240176,2940.5164929278944,18457.664786312285,13628.816296296296,0.0249,12.866666666666667,11.2
2024-08-20 07:15:00,20604.09881437333,2900.378619976193,17703.720194397138,13348.466296296296,0.0249,12.900000000000002,22.6
2024-08-20 07:30:00,20274.389061820635,2626.358344132871,17648.03071768776,13454.732407407408,0.0249,13.0,21.2
2024-08-20 07:45:00,21511.566299182647,3411.466446290957,18100.099852891697,13392.90296296296,0.0249,12.977777777777778,30.4
2024-08-20 08:00:00,23655.396451360382,4318.226320828853,19337.170130531536,13816.638703703704,0.3523,13.0,50.0
2024-08-20 08:15:00,25502.14350066805,7484.031153902874,18018.112346765178,14213.859074074076,0.3523,13.055555555555555,70.2
2024-08-20 08:30:00,27606.46365571154,8274.492721453717,19331.970934257835,13371.776666666668,0.3523,12.966666666666663,54.0
2024-08-20 08:45:00,23321.22976182002,3241.490816470859,20079.738945349163,13850.739074074072,0.3523,13.06666666666667,105.6
2024-08-20 09:00:00,22474.23400307738,2580.30185650622,19893.93214657116,14689.872037037034,0.3523,13.22222222222222,99.2
2024-08-20 09:15:00,24099.19878351314,2744.2296178414067,21354.969165671733,15704.780925925925,0.3523,13.38888888888889,109.8
2024-08-20 09:30:00,24152.481662559487,2641.6941031449783,21510.787559414508,16330.585185185186,0.3523,13.58888888888889,220.2
2024-08-20 09:45:00,24670.26540353324,3216.119524396357,21454.14587913689,16537.502037037037,0.3523,13.644444444444446,194.8
2024-08-20 10:00:00,24492.87656146708,3209.194999711958,21283.68156175512,16433.289444444443,0.3523,13.988888888888892,260.6
2024-08-20 10:15:00,26274.58671140106,3340.392150132237,22934.194561268825,16301.696296296295,0.3523,14.144444444444446,290.6
2024-08-20 10:30:00,26980.954911562367,3485.055483651676,23495.89942791069,16422.15759259259,0.3523,14.82222222222222,257.6
2024-08-20 10:45:00,24531.26894776859,2689.466427187016,21841.80252058157,16365.890185185184,0.3523,15.133333333333333,157.4
2024-08-20 11:00:00,25825.662576964,3337.687783640751,22487.974793323243,16141.542592592594,0.3523,14.711111111111109,87.2
2024-08-20 11:15:00,25662.518260425924,2725.5659207273743,22936.952339698542,15951.203148148146,0.3523,14.400000000000002,177.2
2024-08-20 11:30:00,26951.94374869569,2561.8201658538146,24390.123582841872,15866.596666666665,0.3523,14.833333333333334,312.0
2024-08-20 11:45:00,26114.46908860683,3615.136946843215,22499.33214176361,15672.132407407407,0.3523,15.311111111111112,303.6
2024-08-20 12:00:00,27621.256275544947,4219.429390322849,23401.8268852221,16586.866296296295,0.3523,15.766666666666664,143.2
2024-08-20 12:15:00,27113.637823849243,2573.489132970385,24540.148690878854,16406.674259259256,0.3523,15.033333333333337,99.0
2024-08-20 12:30:00,26730.777733305724,2673.828969242125,24056.9487640636,16288.164629629631,0.3523,14.555555555555555,342.8
2024-08-20 12:45:00,27827.49946372453,2652.407634129635,25175.091829594898,16332.895925925925,0.3523,14.811111111111112,129.2
2024-08-20 13:00:00,26418.34657177709,3185.1324183426914,23233.2141534344,16513.555740740743,0.3523,15.06666666666667,255.8
2024-08-20 13:15:00,27214.956505446808,2978.7488143061523,24236.20769114066,16633.50388888889,0.3523,15.344444444444449,864.4
2024-08-20 13:30:00,28065.81364388029,3287.4543505719007,24778.3592933084,16666.017037037036,0.3523,16.11111111111111,273.2
2024-08-20 13:45:00,27224.16861228787,2360.347549813888,24863.821062473984,16238.192777777776,0.3523,16.566666666666663,563.6
2024-08-20 14:00:00,30870.01268141862,2195.629025243753,28674.38365617486,16724.203888888893,0.3523,16.27777777777778,218.8
2024-08-20 14:15:00,31023.57447376236,3209.584017544069,27813.99045621829,16992.132962962965,0.3523,14.34444444444444,289.0
2024-08-20 14:30:00,30051.89212951596,2658.7280136845643,27393.1641158314,17562.89277777778,0.3523,14.455555555555556,355.4
2024-08-20 14:45:00,28404.0036770054,1683.8236113739094,26720.18006563148,17216.99314814815,0.3523,14.944444444444445,148.2
2024-08-20 15:00:00,28635.84866623881,1896.2724859861776,26739.57618025264,17703.835740740746,0.3523,15.877777777777776,772.0
2024-08-20 15:15:00,31792.165831006856,2247.304917187234,29544.860913819623,16999.02277777778,0.3523,16.84444444444445,651.8
2024-08-20 15:30:00,30284.022342206303,2124.932607337886,28159.08973486842,16608.811296296295,0.3523,16.922222222222224,211.8
2024-08-20 15:45:00,30912.124022334,2220.1050023430907,28692.01901999091,16745.841666666664,0.3523,17.22222222222222,659.4
2024-08-20 16:00:00,30630.59416813473,2098.9250594307887,28531.669108703936,16609.55148148148,0.3523,18.277777777777786,632.8
2024-08-20 16:15:00,32562.594177618743,2178.0962056536464,30384.4979719651,16145.800925925923,0.3523,17.555555555555557,285.4
2024-08-20 16:30:00,30823.960535562303,2966.366304703281,27857.59423085902,16213.75,0.3523,16.333333333333332,172.0
2024-08-20 16:45:00,30086.56571715152,2547.2306800976826,27539.33503705384,16061.664629629631,0.3523,16.288888888888884,162.4
2024-08-20 17:00:00,29750.064674496425,2359.5001146728664,27390.56455982356,15837.043148148148,0.3523,16.333333333333332,402.6
2024-08-20 17:15:00,30271.351435573542,2408.407788692941,27862.943646880605,15458.443518518516,0.3523,16.0,122.4
2024-08-20 17:30:00,31583.71592509972,2434.4066117463344,29149.309313353388,15196.73648148148,0.3523,15.65555555555556,99.2
2024-08-20 17:45:00,29660.88071405332,2758.085180358139,26902.79553369518,14937.64425925926,0.3523,15.52222222222222,128.0
2024-08-20 18:00:00,28634.79431310516,2831.9783195135783,25802.815993591583,14918.671481481482,0.3523,15.344444444444449,137.4
2024-08-20 18:15:00,29894.789115764605,4539.8235639985205,25354.965551766087,13719.650555555556,0.3523,15.344444444444449,173.2
2024-08-20 18:30:00,28751.62840973826,4096.027486571888,24655.600923166377,13187.325185185184,0.3523,15.61111111111111,98.4
2024-08-20 18:45:00,29381.05344809645,3422.8047535934834,25958.248694502963,13218.76574074074,0.3523,15.788888888888891,97.6
2024-08-20 19:00:00,26608.857036191486,2974.790367791187,23634.0666684003,11569.965000000002,0.3523,15.77777777777778,37.2
2024-08-20 19:15:00,26461.207981451607,3801.398779918812,22659.80920153279,11426.937407407408,0.3523,15.733333333333327,18.4
2024-08-20 19:30:00,26631.260939856857,4548.381901382504,22082.879038474348,11263.949444444444,0.3523,15.65555555555556,12.0
2024-08-20 19:45:00,26392.732374502622,4218.701943433445,22174.030431069183,12759.780925925925,0.3523,15.344444444444449,4.2
2024-08-20 20:00:00,26911.19045343745,3931.617757143637,22979.572696293817,14841.94648148148,0.3523,15.166666666666666,0.0
2024-08-20 20:15:00,24818.84149394647,3838.811054483426,20980.030439463044,15205.853148148146,0.3523,14.988888888888887,0.0
2024-08-20 20:30:00,24793.567317139627,3801.947307016169,20991.62001012346,15293.262796092798,0.3523,14.833333333333334,0.0
2024-08-20 20:45:00,25115.87811656057,3916.526901041888,21199.351215518684,15641.819325396826,0.3523,14.866666666666667,0.0
2024-08-20 21:00:00,26281.615396045843,3984.508088249874,22297.10730779597,15414.45510013796,0.3523,14.666666666666666,0.0
2024-08-20 21:15:00,24905.191760521,3111.943629310417,21793.248131210577,15679.489841269842,0.3523,14.544444444444448,0.0
2024-08-20 21:30:00,23711.38677276984,3313.4078635243795,20397.978909245467,15544.30492063492,0.3523,14.511111111111113,0.0
2024-08-20 21:45:00,23883.103857714108,1804.278437154745,22078.82542055937,15544.710952380952,0.3523,14.511111111111113,0.0
2024-08-20 22:00:00,23750.384709596907,3361.7363148932377,20388.64839470367,15388.693492063492,0.3523,14.555555555555555,0.0
2024-08-20 22:15:00,27959.475694733865,6615.954283615507,21343.52141111836,15355.557777777778,0.3523,14.544444444444448,0.0
2024-08-20 22:30:00,24426.02826823369,3979.716721586551,20446.311546647143,15772.373174603174,0.3523,14.466666666666663,0.0
2024-08-20 22:45:00,24182.07957335736,3406.620682794343,20775.45889056301,15284.12984126984,0.3523,14.444444444444445,0.0
2024-08-20 23:00:00,24120.4235257776,3411.265692365496,20709.1578334121,15381.681111111113,0.3523,14.544444444444448,0.0
2024-08-20 23:15:00,26121.16108711517,5481.672044782515,20639.48904233266,15228.69,0.3523,14.666666666666666,0.0
2024-08-20 23:30:00,29960.15284595136,7937.079097274732,22023.07374867663,15278.658571428572,0.3523,14.5,0.0
2024-08-20 23:45:00,23853.03060067191,2811.4277661021806,21041.60283456973,15288.050158730157,0.3523,14.099999999999998,0.0
2024-08-21 00:00:00,23763.88486912544,4307.66595609946,19456.218913025987,15017.243968253966,0.0249,13.82222222222222,0.0
2024-08-21 00:15:00,22676.662721323093,3651.70711815144,19024.95560317165,15017.537936507935,0.0249,13.733333333333336,0.0
2024-08-21 00:30:00,23799.30710659941,3481.8568150182195,20317.4502915812,15138.08492063492,0.0249,13.833333333333334,0.0
2024-08-21 00:45:00,26266.007421164024,7498.52532077421,18767.48210038981,15115.80634920635,0.0249,13.711111111111116,0.0
2024-08-21 01:00:00,22917.5557636883,2872.2246890542806,20045.33107463401,15148.446984126984,0.0249,13.544444444444444,0.0
2024-08-21 01:15:00,20567.26204403094,1451.7143002540793,19115.547743776864,14601.541904761903,0.0249,13.466666666666663,0.0
2024-08-21 01:30:00,24319.95349308229,3586.689115615424,20733.264377466865,14268.683809523807,0.0249,13.3,0.0
2024-08-21 01:45:00,30668.512808101023,9603.17782021782,21065.334987883205,14337.393492063493,0.0249,13.311111111111112,0.0
2024-08-21 02:00:00,25697.39233589132,6028.337044211024,19669.0552916803,14301.157142857142,0.0249,13.15555555555556,0.0
2024-08-21 02:15:00,22957.38099165791,3137.783684204867,19819.59730745304,14246.625714285716,0.0249,12.955555555555552,0.0
2024-08-21 02:30:00,21643.16703969712,2647.7312124520786,18995.43582724504,14345.44587301587,0.0249,12.888888888888893,0.0
2024-08-21 02:45:00,22380.61851496741,2829.1329342152576,19551.48558075215,14340.213333333337,0.0249,12.955555555555552,0.0
2024-08-21 03:00:00,19597.92277381033,1680.5999092813092,17917.32286452902,14333.203968253967,0.0249,12.966666666666663,0.0
2024-08-21 03:15:00,19268.671578097164,1262.238861852618,18006.432716244544,14896.504285714283,0.0249,12.955555555555552,0.0
2024-08-21 03:30:00,19210.18768839329,1205.1903845037218,18004.99730388957,14986.941428571428,0.0249,12.833333333333334,0.0
2024-08-21 03:45:00,20947.16793683912,1349.0494256052784,19598.11851123384,14766.043968253967,0.0249,12.8,0.0
2024-08-21 04:00:00,22519.3848672964,3601.6228910492728,18917.76197624713,15166.262857142856,0.0249,12.966666666666663,0.0
2024-08-21 04:15:00,25717.286101280224,7331.708575125173,18385.577526155048,15281.300793650791,0.0249,13.15555555555556,0.0
2024-08-21 04:30:00,21479.989064398407,3242.7054784708093,18237.283585927595,15333.365714285714,0.0249,13.122222222222224,0.0
2024-08-21 04:45:00,22844.429641162,2503.258429212254,20341.171211949742,15565.395396825395,0.0249,13.06666666666667,0.0
2024-08-21 05:00:00,21990.78409769252,2530.550022993307,19460.23407469921,15754.916031746032,0.0249,12.944444444444445,0.0
2024-08-21 05:15:00,22027.463994755184,3600.3278876420472,18427.13610711314,15180.109365079365,0.0249,12.844444444444449,0.0
2024-08-21 05:30:00,21328.645367565983,2551.9786722453173,18776.66669532067,14612.11623931624,0.0249,12.866666666666667,0.0
2024-08-21 05:45:00,20700.348514092544,1805.885668601524,18894.462845491016,14555.639206349208,0.0249,12.988888888888887,0.0
2024-08-21 06:00:00,21563.86360703385,1711.8919971364533,19851.971609897395,13468.3502154195,0.0249,13.044444444444444,0.0
2024-08-21 06:15:00,19595.96032775977,1443.125186903594,18152.835140856187,13500.508412698411,0.0249,13.044444444444444,0.0
2024-08-21 06:30:00,20111.999829332733,2333.78119472902,17778.218634603712,13322.053492063493,0.0249,13.11111111111111,11.6
2024-08-21 06:45:00,20937.566660929147,3275.3455453580204,17662.221115571123,13449.546349206348,0.0249,13.02222222222222,29.4
2024-08-21 07:00:00,18689.48195610188,964.1514403672178,17725.33051573466,12411.062539682538,0.0249,13.011111111111113,46.6
2024-08-21 07:15:00,19719.24187447752,1560.122688752538,18159.119185724976,11494.871746031746,0.0249,13.11111111111111,60.6
2024-08-21 07:30:00,21151.925286027847,2533.7179070493644,18618.20737897848,12429.13761904762,0.0249,13.266666666666664,99.4
2024-08-21 07:45:00,22966.99083912685,4354.601314165368,18612.38952496148,13508.17761904762,0.0249,13.47777777777778,103.2
2024-08-21 08:00:00,22456.39867201788,3478.8805790393726,18977.5180929785,13424.790000000005,0.3523,13.622222222222224,146.0
2024-08-21 08:15:00,24056.73038054248,3163.07941768356,20893.650962858923,13536.616666666669,0.3523,13.988888888888884,181.6
2024-08-21 08:30:00,23621.473677109123,3327.729120975127,20293.744556133992,12604.676349206353,0.3523,14.377777777777776,345.6
2024-08-21 08:45:00,30518.232668858687,8837.135678914596,21681.09698994409,13300.653174603174,0.3523,15.02222222222222,245.6
2024-08-21 09:00:00,30502.37247735924,7232.703749302376,23269.668728056866,13832.640317460318,0.3523,15.82222222222222,260.6
2024-08-21 09:15:00,31384.68765308615,6633.293703103391,24751.39394998276,14490.302857142857,0.3523,15.77777777777778,153.6
2024-08-21 09:30:00,27364.724876747765,2650.4663107083466,24714.25856603942,14979.074126984127,0.3523,15.711111111111109,225.6
2024-08-21 09:45:00,32445.292662156346,2800.8450281351534,29644.447634021188,15051.1073015873,0.3523,15.833333333333334,157.6
2024-08-21 10:00:00,32113.703477243314,2208.6845015750005,29905.01897566831,15465.860544217689,0.3523,16.055555555555557,340.8
2024-08-21 10:15:00,36452.08416647943,2409.6236850741666,34042.460481405265,15604.477135879995,0.3523,16.266666666666666,190.4
2024-08-21 10:30:00,29232.49468204678,1100.9362717482882,28131.55841029849,16189.192176870749,0.3523,15.644444444444446,246.0
2024-08-21 10:45:00,29066.193091028643,2275.2016707826474,26790.991420245995,16115.49326007326,0.3523,15.43333333333333,192.6
2024-08-21 11:00:00,30768.056356192086,2349.1021291434804,28418.9542270486,16102.732539682542,0.3523,15.211111111111109,601.8
2024-08-21 11:15:00,30583.72787501836,2117.4885355908564,28466.239339427502,15653.770158730156,0.3523,15.3,261.8
2024-08-21 11:30:00,31470.29561997892,2253.6924845639933,29216.603135414927,15625.820634920634,0.3523,15.900000000000002,477.2
2024-08-21 11:45:00,31722.43508479825,2105.104178251157,29617.330906547093,15932.775555555554,0.3523,16.555555555555557,350.6
2024-08-21 12:00:00,30741.10139754506,727.1198169450422,30013.98158060001,15820.719682539682,0.3523,16.466666666666665,277.6
2024-08-21 12:15:00,31445.744877646,782.5691965535815,30663.175681092416,15757.234603174604,0.3523,16.877777777777776,540.4
2024-08-21 12:30:00,31051.74847052918,3148.35257879736,27903.39589173182,15890.929999999997,0.3523,16.900000000000002,133.6
2024-08-21 12:45:00,32933.36226623293,4130.839709133936,28802.522557099,16301.728571428572,0.3523,16.54444444444444,74.4
2024-08-21 13:00:00,28055.14221687876,186.0178270335509,27869.12438984521,16124.860158730156,0.3523,15.2,186.8
2024-08-21 13:15:00,25327.56444152321,175.98796784279446,25151.576473680416,15765.507301587304,0.3523,15.833333333333334,231.8
2024-08-21 13:30:00,26058.10007382967,139.9269181558978,25918.17315567377,15938.399047619048,0.3523,16.688888888888886,391.4
2024-08-21 13:45:00,26957.3126528934,188.6437570646557,26768.668895828745,16167.33492063492,0.3523,17.333333333333332,231.8
2024-08-21 14:00:00,26296.889188587746,173.5201397582206,26123.36904882953,16963.285873015873,0.3523,17.311111111111114,445.8
2024-08-21 14:15:00,27834.60017236512,171.72998545299626,27662.87018691212,16534.740476190473,0.3523,17.444444444444443,315.6
2024-08-21 14:30:00,28260.96286832515,217.68824743750497,28043.274620887645,16942.24456538171,0.3523,17.27777777777778,389.4
2024-08-21 14:45:00,26567.764148894985,72.86729410040935,26494.896854794573,16730.36055555555,0.3523,17.477777777777778,409.2
2024-08-21 15:00:00,26818.06800614584,425.06218587366135,26393.005820272178,16892.64574074074,0.3523,17.533333333333335,398.0
2024-08-21 15:15:00,27038.71721642129,177.0181326927631,26861.69908372853,16374.206851851852,0.3523,17.21111111111111,137.2
2024-08-21 15:30:00,26267.895783465578,208.2832146298168,26059.612568835764,15658.394444444444,0.3523,16.311111111111114,156.6
2024-08-21 15:45:00,26464.78231915356,209.6463974459769,26255.135921707573,14895.501481481484,0.3523,15.811111111111112,175.4
2024-08-21 16:00:00,27123.11006714664,222.7871986276513,26900.322868518982,15468.68537037037,0.3523,15.633333333333333,187.0
2024-08-21 16:15:00,25718.284838170614,220.19489168547693,25498.08994648514,15558.456666666663,0.3523,15.788888888888891,118.6
2024-08-21 16:30:00,25104.46708156476,434.26994370410887,24670.197137860647,15788.381851851853,0.3523,15.67777777777778,173.6
2024-08-21 16:45:00,24130.19557408152,184.8482601974084,23945.347313884104,15901.990555555558,0.3523,15.455555555555552,208.2
2024-08-21 17:00:00,24590.816676579976,198.10722275492512,24392.709453825053,15831.317407407409,0.3523,15.622222222222224,190.8
2024-08-21 17:15:00,26238.10260384769,410.1031093108019,25827.99949453689,15637.520370370368,0.3523,15.900000000000002,191.0
2024-08-21 17:30:00,24875.11857734953,401.8033296143987,24473.31524773513,15131.087037037038,0.3523,16.266666666666666,76.0
2024-08-21 17:45:00,24735.95382666612,439.3030339171245,24296.650792749,14470.96185185185,0.3523,16.522222222222222,47.6
2024-08-21 18:00:00,24751.14867744528,395.4879790904669,24355.66069835481,13965.00925925926,0.3523,16.488888888888894,145.0
2024-08-21 18:15:00,24435.749430128843,462.6054377374141,23973.143992391422,13495.452962962963,0.3523,16.733333333333334,185.6
2024-08-21 18:30:00,25058.856350982343,264.4877808363917,24794.36857014596,13456.173148148147,0.3523,16.78888888888889,77.2
2024-08-21 18:45:00,25033.556393380928,1534.4186190891392,23499.137774291787,12753.491481481478,0.3523,16.0,64.2
2024-08-21 19:00:00,24558.481378561773,1390.0754953949047,23168.405883166863,11720.073148148149,0.3523,16.0,84.8
2024-08-21 19:15:00,24743.423733473704,1617.524431429845,23125.899302043857,11719.797037037037,0.3523,16.033333333333335,35.2
2024-08-21 19:30:00,24402.202404157084,1326.3462512843755,23075.856152872708,12990.112222222224,0.3523,15.32222222222222,18.4
2024-08-21 19:45:00,24411.691582633463,1035.1484565128017,23376.54312612066,13668.418518518518,0.3523,15.11111111111111,11.4
2024-08-21 20:00:00,24057.990727205102,1173.9259619831944,22884.06476522191,14902.826481481476,0.3523,15.177777777777774,0.0
2024-08-21 20:15:00,24033.248943468025,1871.3123405346423,22161.936602933387,15412.799629629628,0.3523,15.122222222222224,0.0
2024-08-21 20:30:00,22699.13040535306,851.9995748631405,21847.130830489925,15785.405185185184,0.3523,15.033333333333337,0.0
2024-08-21 20:45:00,22594.09289754657,1085.5559538686332,21508.53694367793,15647.189814814816,0.3523,15.166666666666666,0.0
2024-08-21 21:00:00,22464.56058572027,1161.8244990770372,21302.73608664324,15736.852037037035,0.3523,15.266666666666664,0.0
2024-08-21 21:15:00,22953.432953262545,1238.056730578613,21715.37622268393,15354.899629629625,0.3523,15.27777777777778,0.0
2024-08-21 21:30:00,22742.044987472123,1051.5520437561663,21690.49294371596,15369.376851851855,0.3523,15.32222222222222,0.0
2024-08-21 21:45:00,21784.42912622941,1026.440566889249,20757.98855934016,15408.486851851849,0.3523,15.255555555555556,0.0
2024-08-21 22:00:00,21158.10165714037,986.68267295943,20171.418984180946,15308.95259259259,0.3523,15.122222222222224,0.0
2024-08-21 22:15:00,20313.63378612581,220.70394788458657,20092.929838241227,15327.36574074074,0.3523,15.255555555555556,0.0
2024-08-21 22:30:00,21378.323480956424,663.3097321381366,20715.013748818285,15271.680925925926,0.3523,14.97777777777778,0.0
2024-08-21 22:45:00,23489.30257637972,1105.926617363442,22383.37595901628,15054.52833333333,0.3523,14.844444444444449,0.0
2024-08-21 23:00:00,23285.88934001586,2440.834205988734,20845.055134027127,15033.001111111114,0.3523,14.811111111111112,0.0
2024-08-21 23:15:00,20685.44020252712,615.3293614249416,20070.11084110217,14959.870185185187,0.3523,14.766666666666664,0.0
2024-08-21 23:30:00,20486.52845560221,199.6900064723342,20286.83844912988,14904.7112962963,0.3523,14.633333333333333,0.0
2024-08-21 23:45:00,21402.48789523041,1020.2156424175143,20382.27225281289,14847.44351851852,0.3523,14.333333333333334,0.0
2024-08-22 00:00:00,22917.69472848445,1840.7255555003576,21076.969172984096,14880.622222222222,0.0249,14.188888888888888,0.0
2024-08-22 00:15:00,22361.65429859233,1133.7162054060357,21227.93809318629,15091.5237037037,0.0249,14.144444444444446,0.0
2024-08-22 00:30:00,24417.12720233042,4666.492801675721,19750.634400654697,15187.210555555555,0.0249,14.133333333333333,0.0
2024-08-22 00:45:00,21532.92887928829,2086.7910738820624,19446.13780540623,14974.477962962965,0.0249,14.155555555555551,0.0
2024-08-22 01:00:00,20161.446458110426,26.89418372606968,20134.55227438436,15085.045555555553,0.0249,14.188888888888888,0.0
2024-08-22 01:15:00,21180.2249596142,219.1159977600788,20961.108961854112,14847.839999999998,0.0249,14.32222222222222,0.0
2024-08-22 01:30:00,20116.53460095849,23.135167792344333,20093.399433166145,14461.092037037037,0.0249,14.5,0.0
2024-08-22 01:45:00,25641.33537634612,6476.531910248037,19164.80346609808,14508.665185185186,0.0249,14.599999999999998,0.0
2024-08-22 02:00:00,20277.625627776182,32.38894264437287,20245.23668513181,14488.916666666666,0.0249,14.61111111111111,0.0
2024-08-22 02:15:00,19489.312064347465,82.26559284698588,19407.04647150048,14466.407222222224,0.0249,14.52222222222222,0.0
2024-08-22 02:30:00,21598.642387667896,1337.6272996014077,20261.015088066488,14556.327592592594,0.0249,14.733333333333336,0.0
2024-08-22 02:45:00,21091.619309085483,466.637476927144,20624.98183215834,14475.052962962964,0.0249,14.922222222222224,0.0
2024-08-22 03:00:00,21232.74028060241,1878.593509475824,19354.14677112659,14516.48759259259,0.0249,15.055555555555555,0.0
2024-08-22 03:15:00,23595.791852827304,4244.965526545701,19350.8263262816,14597.214444444442,0.0249,15.055555555555555,0.0
2024-08-22 03:30:00,20829.240770266468,1249.103368443824,19580.13740182265,14978.970925925923,0.0249,15.11111111111111,0.0
2024-08-22 03:45:00,22054.131164892067,113.99753063068664,21940.133634261383,16283.245925925929,0.0249,15.211111111111109,0.0
2024-08-22 04:00:00,20148.77413628582,26.662568040215213,20122.111568245607,15460.409444444444,0.0249,15.43333333333333,0.0
2024-08-22 04:15:00,20039.51101388335,24.60435164144648,20014.9066622419,16064.92037037037,0.0249,15.533333333333337,0.0
2024-08-22 04:30:00,25859.99345778662,7029.613591289046,18830.379866497573,16013.60240740741,0.0249,15.466666666666663,0.0
2024-08-22 04:45:00,21824.319524729075,33.4776895803974,21790.84183514868,15869.864814814811,0.0249,15.344444444444449,0.0
2024-08-22 05:00:00,20103.45840410977,30.61476141611891,20072.84364269365,15977.176296296297,0.0249,15.288888888888891,0.0
2024-08-22 05:15:00,21342.172194335344,1313.1335015081604,20029.038692827184,15604.05759259259,0.0249,15.188888888888888,0.0
2024-08-22 05:30:00,19765.71468162556,904.2698315543396,18861.44485007122,14904.891851851851,0.0249,15.02222222222222,0.0
2024-08-22 05:45:00,25117.787505414693,6744.372347349448,18373.415158065247,14208.445555555554,0.0249,14.944444444444445,0.0
2024-08-22 06:00:00,20737.2965112226,2766.3883940700653,17970.908117152532,13756.765370370367,0.0249,14.922222222222224,0.0
2024-08-22 06:15:00,20245.62440072474,58.93855225801112,20186.68584846673,13375.38,0.0249,14.733333333333336,0.0
2024-08-22 06:30:00,19974.66758780562,33.700519790563895,19940.967068015056,13194.515185185184,0.0249,14.622222222222218,7.8
2024-08-22 06:45:00,18912.21134606425,273.60344801367944,18638.607898050577,13254.813333333334,0.0249,14.533333333333337,13.2
2024-08-22 07:00:00,19262.40711585469,1272.8132911205034,17989.59382473419,13587.4437037037,0.0249,14.622222222222224,28.0
2024-08-22 07:15:00,19931.432804552933,2182.521553720637,17748.911250832294,13365.78018518519,0.0249,14.788888888888891,37.0
2024-08-22 07:30:00,22512.58603004876,3128.277296437638,19384.30873361112,13030.163703703704,0.0249,14.866666666666667,39.4
2024-08-22 07:45:00,20779.095653224613,32.76266099617725,20746.33299222844,13514.574814814814,0.0249,14.955555555555556,60.0
2024-08-22 08:00:00,18949.083000377268,452.91100523876287,18496.17199513851,14102.177037037036,0.3523,15.188888888888888,89.8
2024-08-22 08:15:00,19603.106060607344,778.1509015760419,18824.955159031306,14489.32240740741,0.3523,15.333333333333334,92.4
2024-08-22 08:30:00,20369.6892150538,1114.72102829545,19254.968186758342,13353.393888888886,0.3523,15.444444444444445,100.8
2024-08-22 08:45:00,22626.68664285076,937.1757219559128,21689.51092089484,13891.296666666663,0.3523,15.622222222222224,182.2
2024-08-22 09:00:00,21068.064509042462,451.0844542720081,20616.98005477045,14635.228703703702,0.3523,15.866666666666667,456.0
2024-08-22 09:15:00,22379.237123921524,412.8606048865999,21966.37651903492,14703.294444444442,0.3523,16.333333333333332,348.4
2024-08-22 09:30:00,23344.81181117816,628.9883731370451,22715.823438041112,15221.248333333337,0.3523,16.71111111111111,558.4
2024-08-22 09:45:00,24569.82072148913,942.65535054403,23627.16537094509,15405.657777777778,0.3523,17.644444444444446,550.4
2024-08-22 10:00:00,25696.17932020492,647.6234519941726,25048.55586821074,15517.41648148148,0.3523,17.84444444444444,647.0
2024-08-22 10:15:00,27836.378336627942,42.490114197563805,27793.888222430385,15418.491296296295,0.3523,18.15555555555555,520.2
2024-08-22 10:30:00,26911.913144846807,321.60745241454737,26590.30569243226,15412.275370370371,0.3523,18.65555555555555,456.4
2024-08-22 10:45:00,25815.24549597478,236.3526958825377,25578.89280009224,15400.69277777778,0.3523,18.666666666666664,394.8
2024-08-22 11:00:00,27291.855045656124,154.0440317367373,27137.811013919385,15225.859444444446,0.3523,19.244444444444444,558.6
2024-08-22 11:15:00,27348.74845108311,104.83151406236776,27243.916937020746,15324.327777777778,0.3523,19.64444444444445,626.4
2024-08-22 11:30:00,30926.28967649384,30.40848438023861,30895.8811921136,15282.56925925926,0.3523,19.66666666666667,769.0
2024-08-22 11:45:00,30347.037790637627,30.596232834556965,30316.44155780307,15027.709259259262,0.3523,20.0,773.4
2024-08-22 12:00:00,29043.54865283453,30.9064276610032,29012.642225173524,14840.005925925929,0.3523,20.500000000000004,706.4
2024-08-22 12:15:00,29476.07317611057,32.415295157025525,29443.657880953542,14547.915555555555,0.3523,21.05555555555556,797.8
2024-08-22 12:30:00,29659.376008966505,45.21322744874083,29614.16278151776,14758.067962962965,0.3523,21.522222222222226,580.0
2024-08-22 12:45:00,30851.43654583724,70.22857264483515,30781.2079731924,14784.661111111112,0.3523,21.666666666666668,852.0
2024-08-22 13:00:00,29344.19714681696,675.591201639873,28668.60594517707,15171.660740740745,0.3523,21.888888888888893,475.8
2024-08-22 13:15:00,31445.61464616832,3241.9643440778505,28203.650302090464,15324.529444444444,0.3523,22.266666666666666,887.2
2024-08-22 13:30:00,31472.28968601609,263.3392966640518,31208.950389352045,15529.994814814816,0.3523,22.45555555555556,824.0
2024-08-22 13:45:00,31936.47697613104,18.87345295337068,31917.60352317767,16107.153148148149,0.3523,22.422222222222224,851.6
2024-08-22 14:00:00,30834.993907667416,185.43237384631388,30649.5615338211,15930.826666666666,0.3523,22.5,808.8
2024-08-22 14:15:00,29835.11953060333,192.73231218442749,29642.3872184189,15969.183703703698,0.3523,22.488888888888884,585.6
2024-08-22 14:30:00,30959.66657356764,200.3972964361385,30759.2692771315,15955.929074074078,0.3523,22.800000000000004,799.0
2024-08-22 14:45:00,32864.85439639539,182.83688659783044,32682.01750979756,15753.979259259257,0.3523,23.03333333333334,774.4
2024-08-22 15:00:00,31114.22491833552,321.7395765171754,30792.485341818337,15555.37777777778,0.3523,22.8,604.6
2024-08-22 15:15:00,29851.20435359493,488.8046060571344,29362.3997475378,15456.037037037036,0.3523,22.766666666666666,343.8
2024-08-22 15:30:00,31178.64492753978,379.0875134121044,30799.55741412768,15119.038703703704,0.3523,22.855555555555554,588.0
2024-08-22 15:45:00,34263.598002206985,325.73637418978217,33937.861628017214,15049.738888888887,0.3523,22.82222222222222,665.0
2024-08-22 16:00:00,30982.99302755732,2789.4733518506914,28193.519675706622,15367.927962962964,0.3523,22.88888888888889,666.0
2024-08-22 16:15:00,28882.225274338227,481.4518959118169,28400.77337842642,15104.612407407409,0.3523,22.855555555555554,312.6
2024-08-22 16:30:00,28158.70978455755,526.1813987697085,27632.52838578785,15232.225185185183,0.3523,23.05555555555556,540.0
2024-08-22 16:45:00,27564.051478420275,441.4291693047323,27122.622309115544,15188.809629629632,0.3523,23.177777777777777,498.0
2024-08-22 17:00:00,30565.405868805152,143.7460212955663,30421.65984750958,14910.379814814814,0.3523,22.91111111111111,450.8
2024-08-22 17:15:00,28035.2155785782,198.33048270302456,27836.88509587517,14672.97574074074,0.3523,22.91111111111111,409.0
2024-08-22 17:30:00,29024.795649522905,163.49628783363312,28861.299361689275,14804.230185185184,0.3523,23.000000000000004,363.6
2024-08-22 17:45:00,28766.718236772544,180.3637550300323,28586.354481742503,14454.62351851852,0.3523,22.77777777777778,318.4
2024-08-22 18:00:00,28354.4329079994,237.4102033347708,28117.02270466463,13882.204814814815,0.3523,22.68888888888889,273.4
2024-08-22 18:15:00,29441.17081793957,263.69754721013135,29177.47327072945,13284.78425925926,0.3523,22.555555555555557,227.8
2024-08-22 18:30:00,27231.310607860843,290.1876845369276,26941.12292332392,13225.88777777778,0.3523,22.566666666666663,177.4
2024-08-22 18:45:00,27339.65349589828,334.0194455921695,27005.634050306104,13001.865925925924,0.3523,22.41111111111111,129.0
2024-08-22 19:00:00,27579.99185752242,313.7784136077777,27266.21344391464,12029.767407407404,0.3523,22.188888888888894,83.0
2024-08-22 19:15:00,27205.54348448816,268.2513993670934,26937.29208512107,11523.871851851856,0.3523,22.022222222222226,45.2
2024-08-22 19:30:00,28491.86582909565,276.9046342731326,28214.96119482252,12458.552037037036,0.3523,21.666666666666668,21.4
2024-08-22 19:45:00,27037.90750145149,230.6755129453704,26807.23198850612,13560.407037037035,0.3523,21.411111111111108,9.0
2024-08-22 20:00:00,26524.80033289095,269.8628621662937,26254.93747072466,14800.54814814815,0.3523,21.13333333333333,0.0
2024-08-22 20:15:00,25782.75198331712,255.92435880241504,25526.8276245147,15325.499814814815,0.3523,20.500000000000004,0.0
2024-08-22 20:30:00,26520.86464712316,241.86019803248533,26279.00444909068,15488.843148148146,0.3523,19.866666666666667,0.0
2024-08-22 20:45:00,25962.4648191384,331.7346350906576,25630.730184047738,15433.422777777778,0.3523,19.23333333333333,0.0
2024-08-22 21:00:00,24269.564047686403,285.6186025009569,23983.94544518545,15462.266851851851,0.3523,18.77777777777778,0.0
2024-08-22 21:15:00,23840.12947695621,252.66039458918016,23587.469082367024,15472.953703703706,0.3523,18.188888888888886,0.0
2024-08-22 21:30:00,23236.20910827894,292.1845459689524,22944.024562309987,15362.05314814815,0.3523,17.799999999999997,0.0
2024-08-22 21:45:00,24617.896999241184,345.98214487193707,24271.914854369246,15722.052037037036,0.3523,17.488888888888887,0.0
2024-08-22 22:00:00,23157.481155182857,715.9684190411552,22441.512736141703,15380.730185185186,0.3523,17.044444444444448,0.0
2024-08-22 22:15:00,26897.44805552892,4554.378204297022,22343.06985123189,15226.79851851852,0.3523,16.799999999999997,0.0
2024-08-22 22:30:00,23841.03699651509,1370.6839284266418,22470.353068088447,15107.376851851855,0.3523,16.82222222222222,0.0
2024-08-22 22:45:00,24015.301686008097,1168.0140798634343,22847.287606144662,15113.31796296296,0.3523,16.799999999999997,0.0
2024-08-22 23:00:00,25892.094005083192,1079.656891663044,24812.437113420143,14940.075,0.3523,16.566666666666663,0.0
2024-08-22 23:15:00,23747.84745504658,936.8211293778152,22811.02632566877,14878.683333333334,0.3523,16.577777777777776,0.0
2024-08-22 23:30:00,23019.28702192548,874.939926690566,22144.347095234905,14777.382962962962,0.3523,15.77777777777778,0.0
2024-08-22 23:45:00,22807.947266047933,859.0694423982599,21948.87782364968,14870.380185185184,0.3523,15.72222222222222,0.0
2024-08-23 00:00:00,24907.551114958183,843.5349245095642,24064.016190448623,14804.323888888888,0.0249,16.133333333333333,0.0
2024-08-23 00:15:00,24806.88578578862,1023.5347477416724,23783.35103804696,14966.879259259258,0.0249,16.299999999999997,0.0
2024-08-23 00:30:00,23121.115294180072,1382.9268057924114,21738.18848838766,14936.201111111111,0.0249,16.011111111111113,0.0
2024-08-23 00:45:00,22599.791340558124,1221.1210358916892,21378.67030466643,14897.811111111112,0.0249,15.65555555555556,0.0
2024-08-23 01:00:00,22302.92619126131,1149.2098589090028,21153.716332352305,15018.492037037033,0.0249,15.877777777777776,0.0
2024-08-23 01:15:00,24109.97747205218,1081.0731886370957,23028.90428341508,14599.927962962962,0.0249,15.900000000000002,0.0
2024-08-23 01:30:00,22341.05545463029,1299.012003411861,21042.04345121844,14323.70851851852,0.0249,16.21111111111111,0.0
2024-08-23 01:45:00,20776.207048192664,132.12321604929517,20644.08383214337,14181.954814814815,0.0249,16.288888888888884,0.0
2024-08-23 02:00:00,23146.017232992017,2736.3363291695982,20409.68090382242,14307.510555555556,0.0249,16.333333333333332,0.0
2024-08-23 02:15:00,26828.94424544353,5122.269159293885,21706.67508614965,14285.96351851852,0.0249,16.11111111111111,0.0
2024-08-23 02:30:00,23030.5495035721,1268.6279539815416,21761.921549590552,14376.169629629629,0.0249,16.27777777777778,0.0
2024-08-23 02:45:00,22293.927470884155,1594.7017467351604,20699.225724149,14332.400740740744,0.0249,16.32222222222222,0.0
2024-08-23 03:00:00,21786.16464972109,848.7517863940041,20937.41286332708,14312.906666666668,0.0249,16.27777777777778,0.0
2024-08-23 03:15:00,21588.610070238617,857.9178912942483,20730.69217894437,14495.319444444443,0.0249,16.333333333333332,0.0
2024-08-23 03:30:00,20452.699233905994,120.49456989259872,20332.2046640134,14491.353888888889,0.0249,15.711111111111109,0.0
2024-08-23 03:45:00,20722.88298687015,60.62878319508959,20662.254203675064,14707.307037037035,0.0249,15.944444444444445,0.0
2024-08-23 04:00:00,22004.125038077786,2213.2403103803445,19790.88472769745,14850.46833333333,0.0249,15.855555555555554,0.0
2024-08-23 04:15:00,26483.28254037565,5277.020302781874,21206.26223759378,14939.203333333337,0.0249,15.766666666666664,0.0
2024-08-23 04:30:00,19925.008262014573,613.2151845875346,19311.79307742704,15187.7,0.0249,15.944444444444445,0.0
2024-08-23 04:45:00,19597.24916291084,26.75565592718523,19570.49350698365,15300.107037037038,0.0249,15.933333333333335,0.0
2024-08-23 05:00:00,22007.09507267655,3050.1747802228747,18956.92029245368,15724.209259259254,0.0249,15.755555555555556,0.0
2024-08-23 05:15:00,21107.41109883977,1663.6052623871435,19443.805836452622,16027.56537037037,0.0249,15.577777777777776,0.0
2024-08-23 05:30:00,22243.45426990195,380.9103247338135,21862.54394516814,14865.24722222222,0.0249,15.52222222222222,0.0
2024-08-23 05:45:00,22929.12447511049,3074.4328873527948,19854.69158775769,14249.814814814816,0.0249,15.555555555555555,0.0
2024-08-23 06:00:00,19161.52589287042,59.44708266640118,19102.078810204024,13927.634814814815,0.0249,15.511111111111113,0.0
2024-08-23 06:15:00,18865.39582855743,183.2651083434392,18682.13072021399,13524.33296296296,0.0249,15.27777777777778,0.0
2024-08-23 06:30:00,19093.02112199708,55.1007703688278,19037.92035162825,13381.451296296298,0.0249,15.344444444444449,11.8
2024-08-23 06:45:00,20904.25228515364,82.7403134555275,20821.51197169812,13632.970370370367,0.0249,17.11111111111111,24.8
2024-08-23 07:00:00,19751.56750521271,509.2813671584266,19242.28613805428,13508.324814814814,0.0249,17.422222222222224,42.2
2024-08-23 07:15:00,21147.101720807503,64.02801959573733,21083.073701211764,12981.780925925925,0.0249,16.22222222222222,43.6
2024-08-23 07:30:00,21699.35831045547,1060.2485730026813,20639.10973745279,12723.38925925926,0.0249,16.299999999999997,55.8
2024-08-23 07:45:00,20689.322865419643,171.44051679306205,20517.88234862658,12848.08388888889,0.0249,16.77777777777778,148.2
2024-08-23 08:00:00,22423.002144040285,43.95612156753018,22379.04602247276,14143.918703703705,0.3523,17.466666666666665,199.4
2024-08-23 08:15:00,21985.475872930743,533.2928674705091,21452.18300546023,14720.95925925926,0.3523,18.4,167.4
2024-08-23 08:30:00,22174.49430395196,268.1003196411877,21906.393984310773,14010.934259259258,0.3523,18.666666666666664,265.2
2024-08-23 08:45:00,24747.735221757244,1964.265228498319,22783.469993258925,13988.649629629626,0.3523,19.14444444444445,319.8
2024-08-23 09:00:00,24894.67453834608,1479.2389634659655,23415.43557488012,14787.821481481484,0.3523,19.61111111111111,360.8
2024-08-23 09:15:00,26367.8688819347,1202.9909786630697,25164.87790327163,15405.019629629627,0.3523,19.366666666666667,403.0
2024-08-23 09:30:00,28746.879129419707,20.88591929782638,28725.993210121884,15871.758148148148,0.3523,19.5,443.8
2024-08-23 09:45:00,31194.337139547024,22.393541578588216,31171.94359796843,15254.811481481482,0.3523,19.67777777777778,483.4
2024-08-23 10:00:00,28251.266505727628,23.46992166786756,28227.79658405976,14894.118333333334,0.3523,19.78888888888889,527.4
2024-08-23 10:15:00,28435.19453003655,24.44596055081408,28410.748569485742,14679.461666666664,0.3523,21.0,565.0
2024-08-23 10:30:00,28228.28150071373,25.79790817267211,28202.48359254105,15423.167222222224,0.3523,21.22222222222222,601.0
2024-08-23 10:45:00,30792.98902874056,27.23307564077671,30765.755953099782,14779.27759259259,0.3523,21.25555555555556,632.6
2024-08-23 11:00:00,30232.537350802653,29.245184170485896,30203.292166632167,14895.985370370368,0.3523,22.31111111111111,672.6
2024-08-23 11:15:00,30558.659756822988,153.33024716291703,30405.32950966007,15168.506851851853,0.3523,22.03333333333333,697.0
2024-08-23 11:30:00,39012.742874335,292.6429812518515,38720.09989308316,15341.714629629629,0.3523,23.63333333333333,722.2
2024-08-23 11:45:00,33315.84524056474,94.0414034186986,33221.803837146035,15220.803888888891,0.3523,24.54444444444444,774.4
2024-08-23 12:00:00,33573.787107517186,121.58621599928354,33452.200891517896,15503.844814814816,0.3523,24.022222222222226,838.0
2024-08-23 12:15:00,32887.28700397969,131.55866518182518,32755.728338797875,15955.922592592591,0.3523,25.53333333333334,246.6
2024-08-23 12:30:00,31892.97099286802,105.97377088643438,31786.997221981583,16021.516481481483,0.3523,24.366666666666667,737.8
2024-08-23 12:45:00,31860.755455341947,182.56971684108808,31678.18573850085,15716.23462962963,0.3523,23.38888888888889,464.6
2024-08-23 13:00:00,32373.80053178872,170.89319816652275,32202.9073336222,15440.347037037036,0.3523,25.01111111111112,201.0
2024-08-23 13:15:00,33819.04258992766,158.82058421518954,33660.22200571247,15474.689444444442,0.3523,23.64444444444444,520.0
2024-08-23 13:30:00,37069.21346082033,875.8086859511665,36193.40477486916,15182.531666666668,0.3523,23.72222222222222,628.6
2024-08-23 13:45:00,34221.297357086325,98.20926863305552,34123.08808845327,15374.179074074074,0.3523,25.23333333333333,904.2
2024-08-23 14:00:00,35542.13618222839,24.440918731639343,35517.69526349675,14829.803518518516,0.3523,25.3,848.6
2024-08-23 14:15:00,34041.092720679066,11.86895216925169,34029.223768509815,14873.497407407409,0.3523,25.03333333333333,830.8
2024-08-23 14:30:00,35636.535607385464,54.24577092525766,35582.28983646021,14671.241111111112,0.3523,25.0,773.4
2024-08-23 14:45:00,36030.38762584828,118.17214006463156,35912.21548578365,15167.237592592594,0.3523,25.08888888888889,728.8
2024-08-23 15:00:00,34876.14341538148,139.49905550407573,34736.6443598774,14713.636111111113,0.3523,25.45555555555556,693.4
2024-08-23 15:15:00,33686.13378947346,165.94460068775848,33520.18918878569,14231.63796296296,0.3523,25.8,722.0
2024-08-23 15:30:00,33981.53599323914,129.1522722346193,33852.383721004524,14612.30425925926,0.3523,25.433333333333334,711.8
2024-08-23 15:45:00,33541.7178255288,146.79519350314564,33394.92263202566,15058.128333333334,0.3523,25.62222222222222,647.6
2024-08-23 16:00:00,33598.500777236855,135.99702590594973,33462.5037513309,15194.529074074071,0.3523,25.25555555555556,627.0
2024-08-23 16:15:00,32293.46229056644,217.6288995173812,32075.83339104906,14832.345740740742,0.3523,25.24444444444445,426.0
2024-08-23 16:30:00,31610.220315147737,589.4760653164113,31020.74424983133,14732.01296296296,0.3523,24.922222222222224,514.2
2024-08-23 16:45:00,31814.300784983345,267.3537319844553,31546.947052998887,14354.382407407407,0.3523,24.93333333333333,273.8
2024-08-23 17:00:00,31695.49076629302,499.5799702335701,31195.91079605945,13866.65074074074,0.3523,25.566666666666677,464.6
2024-08-23 17:15:00,30996.728819620173,374.7013866391768,30622.027432980994,14013.973703703705,0.3523,25.422222222222224,248.4
2024-08-23 17:30:00,31906.512829613897,419.1910716106492,31487.321758003247,13883.577407407409,0.3523,25.033333333333328,303.8
2024-08-23 17:45:00,31857.17392660094,556.7110841241958,31300.462842476743,13768.145185185189,0.3523,24.788888888888884,161.8
2024-08-23 18:00:00,29352.388542750985,1076.183231553786,28276.205311197195,13385.53388888889,0.3523,24.55555555555556,120.0
2024-08-23 18:15:00,29907.654793737776,516.3218446625982,29391.332949075186,13023.544814814812,0.3523,24.255555555555556,108.2
2024-08-23 18:30:00,29490.760628928103,393.1469589131518,29097.613670014947,12598.924629629628,0.3523,24.122222222222224,107.8
2024-08-23 18:45:00,30362.221152239388,321.8177978491377,30040.403354390248,11894.142592592592,0.3523,24.15555555555555,103.0
2024-08-23 19:00:00,30981.228510730896,270.8079436276784,30710.42056710322,10581.951851851853,0.3523,24.166666666666668,78.4
2024-08-23 19:15:00,27459.634375468228,265.0358264182975,27194.59854904993,10625.94240740741,0.3523,23.97777777777777,61.6
2024-08-23 19:30:00,27472.633562797782,220.33035629493003,27252.303206502856,11774.993333333332,0.3523,23.73333333333333,32.6
2024-08-23 19:45:00,27762.30826590869,228.1401432819995,27534.16812262669,12857.924629629631,0.3523,23.45555555555556,8.6
2024-08-23 20:00:00,28715.75416950703,227.6732324867053,28488.08093702032,14095.562592592592,0.3523,22.855555555555554,0.0
2024-08-23 20:15:00,27729.225188766744,236.2954881241436,27492.9297006426,14677.833703703704,0.3523,22.288888888888884,0.0
2024-08-23 20:30:00,26188.17739111676,256.6348756617226,25931.54251545504,15004.001111111114,0.3523,22.011111111111116,0.0
2024-08-23 20:45:00,26297.655867610098,256.6849567449698,26040.97091086512,14909.769629629627,0.3523,21.422222222222217,0.0
2024-08-23 21:00:00,26668.615514224897,245.67981756037105,26422.935696664525,14886.177407407407,0.3523,20.88888888888889,0.0
2024-08-23 21:15:00,26438.612289855708,250.59647204057927,26188.01581781513,14825.803703703705,0.3523,20.41111111111111,0.0
2024-08-23 21:30:00,26630.839396373874,255.46046890669973,26375.378927467176,14887.371851851853,0.3523,19.966666666666665,0.0
2024-08-23 21:45:00,24855.773526194964,272.71687317664964,24583.05665301831,14777.339444444444,0.3523,19.688888888888894,0.0
2024-08-23 22:00:00,24155.810437222703,287.19831779416614,23868.612119428537,14932.325925925928,0.3523,19.444444444444443,0.0
2024-08-23 22:15:00,24122.24860934026,251.4407349457064,23870.80787439455,14907.99851851852,0.3523,19.07777777777778,0.0
2024-08-23 22:30:00,24623.48390934021,258.59983985162256,24364.88406948859,15443.875,0.3523,18.85555555555556,0.0
2024-08-23 22:45:00,26614.016070027617,265.68552646629826,26348.330543561315,15031.616851851852,0.3523,18.477777777777774,0.0
2024-08-23 23:00:00,26757.431702052123,287.0633458962378,26470.368356155883,14739.19648148148,0.3523,18.300000000000004,0.0
2024-08-23 23:15:00,25246.80007961196,313.91493796665475,24932.885141645304,14779.952592592592,0.3523,18.133333333333333,0.0
2024-08-23 23:30:00,25339.18280740185,287.52446886587154,25051.658338535974,14768.746111111112,0.3523,17.944444444444443,0.0
2024-08-23 23:45:00,24552.492653215697,282.71323008643407,24269.77942312927,14846.823333333332,0.3523,17.77777777777778,0.0
2024-08-24 00:00:00,23368.547510437256,288.11541998075734,23080.4320904565,14690.15425925926,0.0249,17.666666666666668,0.0
2024-08-24 00:15:00,24429.63917182953,293.63586257663616,24136.003309252897,14731.230370370373,0.0249,17.56666666666667,0.0
2024-08-24 00:30:00,22784.572589520165,454.9820663527976,22329.59052316737,14726.078333333331,0.0249,17.466666666666665,0.0
2024-08-24 00:45:00,23633.022878792835,810.554165227396,22822.46871356544,14859.013703703704,0.0249,17.233333333333334,0.0
2024-08-24 01:00:00,24732.72559701928,1198.9959360729922,23533.72966094629,14766.266481481483,0.0249,17.166666666666668,0.0
2024-08-24 01:15:00,25811.94972861521,1136.7057369161437,24675.24399169907,13277.307222222224,0.0249,17.166666666666668,0.0
2024-08-24 01:30:00,24669.938294353848,1.196365175538096,24668.741929178308,12959.266111111114,0.0249,17.044444444444448,0.0
2024-08-24 01:45:00,22647.922223886988,1.0384174561827937,22646.883806430804,12956.103888888889,0.0249,16.833333333333332,0.0
2024-08-24 02:00:00,24046.729500985923,1829.6925601226865,22217.03694086324,12987.007037037038,0.0249,16.877777777777776,0.0
2024-08-24 02:15:00,24535.10657444165,1644.5588237085756,22890.547750733083,12950.055185185183,0.0249,16.866666666666667,0.0
2024-08-24 02:30:00,25144.193990906133,1459.3952092579525,23684.798781648176,12920.878703703704,0.0249,16.77777777777778,0.0
2024-08-24 02:45:00,25402.97165388408,1715.6651701171884,23687.306483766894,12992.75148148148,0.0249,16.688888888888886,0.0
2024-08-24 03:00:00,21830.43156722437,355.3454484534852,21475.086118770887,13042.599814814816,0.0249,16.599999999999998,0.0
2024-08-24 03:15:00,21928.267173087454,398.62101965111896,21529.646153436333,13081.288703703704,0.0249,16.34444444444445,0.0
2024-08-24 03:30:00,22048.45732045517,533.73128408648,21514.726036368687,12922.767407407404,0.0249,16.22222222222222,0.0
2024-08-24 03:45:00,21454.62679427624,668.765284779305,20785.86150949693,13052.006851851853,0.0249,16.144444444444446,0.0
2024-08-24 04:00:00,23121.38958077657,1289.9071112835718,21831.482469493,13027.540925925929,0.0249,15.97777777777778,0.0
2024-08-24 04:15:00,22080.92776948332,1172.7929077164993,20908.134861766823,13126.824444444448,0.0249,15.72222222222222,0.0
2024-08-24 04:30:00,20744.625306922186,287.49842113155705,20457.12688579061,13151.997592592592,0.0249,15.833333333333334,0.0
2024-08-24 04:45:00,21548.75010266181,695.9040495734174,20852.84605308839,13128.381666666666,0.0249,15.666666666666666,0.0
2024-08-24 05:00:00,21779.677319408755,576.1500486613705,21203.527270747385,13210.917407407407,0.0249,15.511111111111113,0.0
2024-08-24 05:15:00,22473.896534322583,460.7859025858865,22013.110631736705,12634.299814814816,0.0249,15.400000000000002,0.0
2024-08-24 05:30:00,26810.75917922259,3932.8012507972376,22877.957928425352,12151.182592592591,0.0249,15.144444444444446,0.0
2024-08-24 05:45:00,24341.27852435876,95.8894976844784,24245.38902667428,11261.98814814815,0.0249,14.833333333333334,0.0
2024-08-24 06:00:00,22455.020593928883,89.65836977758492,22365.362224151297,11154.768518518518,0.0249,14.67777777777778,0.0
2024-08-24 06:15:00,22100.07561649418,280.9532071838682,21819.12240931032,11202.60925925926,0.0249,14.766666666666664,0.0
2024-08-24 06:30:00,21958.548887865545,578.6656538815733,21379.883233983976,11141.678703703708,0.0249,14.400000000000002,10.2
2024-08-24 06:45:00,20785.122696235023,90.2046210644834,20694.91807517054,10934.998518518516,0.0249,14.43333333333333,20.2
2024-08-24 07:00:00,21223.48926222049,397.2484223415037,20826.240839878985,10865.565740740742,0.0249,14.82222222222222,34.8
2024-08-24 07:15:00,22628.789087442467,1154.8532134565423,21473.935873985927,10737.83611111111,0.0249,15.0,43.2
2024-08-24 07:30:00,22877.91714402497,866.7144754190122,22011.20266860596,10781.203148148148,0.0249,15.599999999999998,89.8
2024-08-24 07:45:00,23262.450793949105,577.2195744106048,22685.231219538506,11151.604814814817,0.0249,16.266666666666666,147.0
2024-08-24 08:00:00,24293.99707836902,638.4079339795329,23655.589144389487,11857.741111111109,0.3523,17.200000000000003,179.4
2024-08-24 08:15:00,24153.17830116545,689.3717819963471,23463.8065191691,11219.20740740741,0.3523,17.944444444444443,221.8
2024-08-24 08:30:00,25520.43737837693,1124.3630396598512,24396.07433871708,10998.312777777775,0.3523,17.45555555555556,280.6
2024-08-24 08:45:00,25708.959847194463,348.2276750390206,25360.732172155447,11037.82277777778,0.3523,18.67777777777778,319.6
2024-08-24 09:00:00,25601.028373086123,194.2987568113002,25406.729616274828,11071.855370370373,0.3523,19.27777777777778,369.2
2024-08-24 09:15:00,27128.724185646664,23.756825921627566,27104.96735972504,11273.49722222222,0.3523,20.57777777777777,414.2
2024-08-24 09:30:00,27038.06813405537,73.53181810224666,26964.53631595313,11251.066111111111,0.3523,21.544444444444444,450.0
2024-08-24 09:45:00,27720.794370361746,23.36120155413168,27697.43316880761,10943.187962962964,0.3523,22.288888888888884,494.4
2024-08-24 10:00:00,28525.51346686458,23.64154461880732,28501.87192224577,11156.015925925924,0.3523,23.03333333333334,537.6
2024-08-24 10:15:00,28905.569951570506,24.03179069047003,28881.538160880034,11143.683148148144,0.3523,23.78888888888889,575.8
2024-08-24 10:30:00,30924.04268263785,33.87509100938728,30890.167591628466,11180.182962962965,0.3523,24.255555555555556,610.6
2024-08-24 10:45:00,41948.21686829024,1129.6520846351016,40818.56478365514,11331.651111111112,0.3523,24.700000000000003,641.0
2024-08-24 11:00:00,34364.377736089526,28.431223424104147,34335.946512665425,11357.407962962963,0.3523,25.433333333333334,649.8
2024-08-24 11:15:00,31582.68928023624,229.14901494732013,31353.54026528892,11317.063148148149,0.3523,25.57777777777777,700.0
2024-08-24 11:30:00,31827.48665334299,57.87362140205106,31769.61303194094,11319.229259259258,0.3523,26.688888888888883,720.8
2024-08-24 11:45:00,32062.593701599268,80.11016343122205,31982.48353816805,11168.32092592593,0.3523,26.266666666666666,760.2
2024-08-24 12:00:00,34014.36365456768,120.9769936622251,33893.38666090545,11066.799444444445,0.3523,27.188888888888886,600.6
2024-08-24 12:15:00,32538.09461421008,148.109357985119,32389.98525622495,11140.624444444446,0.3523,26.08888888888889,838.6
2024-08-24 12:30:00,32730.61453479895,175.30164441638814,32555.31289038256,11217.772592592592,0.3523,26.5,832.8
2024-08-24 12:45:00,34083.018445894515,309.0587208178329,33773.95972507668,11143.284814814817,0.3523,26.788888888888888,877.8
2024-08-24 13:00:00,33446.09918994052,11.607459610088624,33434.49173033043,11030.450370370369,0.3523,26.32222222222222,807.8
2024-08-24 13:15:00,33631.19317764206,102.37646477240143,33528.81671286965,11275.583703703704,0.3523,26.8,798.4
2024-08-24 13:30:00,33797.07201234233,163.10355988105903,33633.968452461275,11257.578148148148,0.3523,27.03333333333333,811.0
2024-08-24 13:45:00,35915.8909179801,716.1563003320358,35199.734617648064,11018.349444444442,0.3523,27.54444444444444,835.4
2024-08-24 14:00:00,35109.79041098642,131.46792279078107,34978.322488195634,11093.867962962964,0.3523,27.33333333333333,785.6
2024-08-24 14:15:00,33964.92524932642,214.77785833643148,33750.14739098999,11176.879074074071,0.3523,27.077777777777776,763.8
2024-08-24 14:30:00,34290.436976809884,216.44795083514063,34073.98902597474,10975.106481481484,0.3523,27.211111111111105,782.0
2024-08-24 14:45:00,36117.86494388879,248.4316408381281,35869.43330305066,11067.972407407404,0.3523,26.522222222222226,696.4
2024-08-24 15:00:00,35821.241671104326,201.29638654053943,35619.945284563786,10959.928333333335,0.3523,26.9,706.8
2024-08-24 15:15:00,35368.606804654584,282.4520762688167,35086.154728385765,11011.160555555552,0.3523,26.85555555555556,683.4
2024-08-24 15:30:00,34918.66374274952,252.1529483635576,34666.51079438596,11378.49648148148,0.3523,27.32222222222222,651.6
2024-08-24 15:45:00,35112.06423127004,273.3361335954108,34838.72809767462,11149.92351851852,0.3523,26.744444444444444,620.8
2024-08-24 16:00:00,34265.9952254325,263.1560954729197,34002.839129959575,11147.20777777778,0.3523,26.9,594.0
2024-08-24 16:15:00,35218.67693098387,258.15753522908767,34960.51939575478,10889.770925925926,0.3523,27.1,548.8
2024-08-24 16:30:00,32785.12758479044,326.6804194342418,32458.447165356192,10769.762592592591,0.3523,26.56666666666667,509.6
2024-08-24 16:45:00,32159.40384724332,350.5549765734228,31808.84887066989,10808.09722222222,0.3523,26.83333333333333,463.6
2024-08-24 17:00:00,31116.476969884312,410.1721293519028,30706.304840532404,10789.055185185183,0.3523,26.84444444444445,421.4
2024-08-24 17:15:00,30883.27646259485,371.2951820340698,30511.981280560787,10833.741851851852,0.3523,26.866666666666667,381.0
2024-08-24 17:30:00,33393.261105808204,446.1292710681861,32947.13183474002,10663.536111111112,0.3523,27.25555555555555,338.4
2024-08-24 17:45:00,30778.657335410564,499.439526747213,30279.217808663347,10720.670555555558,0.3523,26.822222222222223,290.2
2024-08-24 18:00:00,31189.634565951656,323.7593563185475,30865.875209633108,10746.826296296296,0.3523,26.58888888888889,251.4
2024-08-24 18:15:00,30923.230272471832,321.5017437772815,30601.728528694548,10690.03037037037,0.3523,26.51111111111111,191.6
2024-08-24 18:30:00,31022.370194292467,309.9774528694777,30712.39274142299,10763.284999999998,0.3523,26.322222222222223,139.6
2024-08-24 18:45:00,32269.78275989958,315.8193526377025,31953.96340726188,11230.0612962963,0.3523,26.6,53.2
2024-08-24 19:00:00,31620.693892164127,252.863959467071,31367.82993269706,10761.075925925925,0.3523,25.86666666666666,67.2
2024-08-24 19:15:00,29760.11844769065,251.8068722890756,29508.31157540157,10791.248148148148,0.3523,25.677777777777777,30.4
2024-08-24 19:30:00,29402.49775723764,263.9081452772261,29138.58961196041,11167.632592592588,0.3523,25.28888888888889,11.0
2024-08-24 19:45:00,29152.28578829825,249.5938052609149,28902.691983037323,12337.35944444444,0.3523,25.01111111111112,0.0
2024-08-24 20:00:00,28389.80768884564,237.0189106656767,28152.788778179965,13790.524074074072,0.3523,24.01111111111111,0.0
2024-08-24 20:15:00,28854.223150280566,220.2373068587832,28633.985843421782,14457.444814814817,0.3523,23.200000000000003,0.0
2024-08-24 20:30:00,27675.59661443143,234.2336254262558,27441.36298900517,14871.272777777782,0.3523,22.78888888888889,0.0
2024-08-24 20:45:00,27754.522469917472,251.09259004833592,27503.42987986913,14850.809814814813,0.3523,22.52222222222222,0.0
2024-08-24 21:00:00,27214.624597973976,244.38975326336512,26970.234844710605,14854.288703703704,0.3523,22.355555555555554,0.0
2024-08-24 21:15:00,26851.19868703285,258.7789942863965,26592.41969274645,14763.575740740738,0.3523,22.022222222222226,0.0
2024-08-24 21:30:00,28462.57453972832,273.166490904821,28189.40804882349,15065.647777777776,0.3523,21.666666666666668,0.0
2024-08-24 21:45:00,28094.48829048849,265.0674184740395,27829.42087201445,14963.62425925926,0.3523,21.466666666666665,0.0
2024-08-24 22:00:00,25760.066555940928,246.4921544294124,25513.57440151152,14958.870555555555,0.3523,21.35555555555556,0.0
2024-08-24 22:15:00,24963.614585421445,275.6299477692463,24687.984637652204,15016.588888888891,0.3523,21.06666666666667,0.0
2024-08-24 22:30:00,24956.92613023736,262.3642261325711,24694.56190410478,14885.582222222229,0.3523,20.355555555555554,0.0
2024-08-24 22:45:00,25730.55206710014,262.0999873584576,25468.45207974168,14917.96148148148,0.3523,20.08888888888889,0.0
2024-08-24 23:00:00,27077.47390592727,261.85878369979434,26815.615122227475,14927.509444444446,0.3523,20.02222222222222,0.0
2024-08-24 23:15:00,24171.62548891955,265.061467590781,23906.56402132877,14829.772592592592,0.3523,19.88888888888889,0.0
2024-08-24 23:30:00,23853.617659298907,301.2066722118596,23552.41098708704,14730.686481481483,0.3523,19.88888888888889,0.0
2024-08-24 23:45:00,23609.372943825216,279.8448369268187,23329.5281068984,14906.039814814816,0.3523,19.64444444444445,0.0
2024-08-25 00:00:00,24432.524547529505,279.3119269060776,24153.212620623424,14825.395185185183,0.0249,19.444444444444443,0.0
2024-08-25 00:15:00,26507.72030712225,278.7413037138868,26228.979003408363,14915.72277777778,0.0249,19.522222222222226,0.0
2024-08-25 00:30:00,24322.84093235746,271.5548933944046,24051.28603896306,14811.90185185185,0.0249,19.633333333333336,0.0
2024-08-25 00:45:00,23852.333412935684,419.9635179519415,23432.36989498374,14797.426851851851,0.0249,19.577777777777776,0.0
2024-08-25 01:00:00,24532.041185220914,289.3922737117235,24242.6489115092,14740.991851851848,0.0249,19.01111111111111,0.0
2024-08-25 01:15:00,24486.51460549634,293.28532562874017,24193.229279867595,13547.396111111111,0.0249,18.833333333333336,0.0
2024-08-25 01:30:00,24801.80394582284,297.0911342569598,24504.712811565885,13293.087592592592,0.0249,18.77777777777778,0.0
2024-08-25 01:45:00,23382.685553809188,294.5001829692135,23088.18537083997,13250.71648148148,0.0249,18.78888888888889,0.0
2024-08-25 02:00:00,24799.20062765789,938.6496575956044,23860.55097006229,13151.36,0.0249,18.88888888888889,0.0
2024-08-25 02:15:00,24859.02188160599,685.3499411277425,24173.671940478245,13159.590925925926,0.0249,18.86666666666667,0.0
2024-08-25 02:30:00,25408.620256131824,433.637202996803,24974.98305313502,13313.08388888889,0.0249,18.72222222222222,0.0
2024-08-25 02:45:00,23782.99428970179,454.4228999716779,23328.57138973011,13287.349814814814,0.0249,18.5,0.0
2024-08-25 03:00:00,23115.197226456483,0.8519065188764486,23114.34531993761,13276.690925925926,0.0249,18.166666666666668,0.0
2024-08-25 03:15:00,22959.379035117432,0.8344374152416671,22958.544597702192,13273.007407407407,0.0249,17.755555555555556,0.0
2024-08-25 03:30:00,22844.458468514924,0.8017570281909148,22843.656711486736,13366.694444444449,0.0249,17.633333333333333,0.0
2024-08-25 03:45:00,26562.319803918937,2988.63124844136,23573.68855547758,13372.715000000002,0.0249,17.555555555555557,0.0
2024-08-25 04:00:00,24130.3097542992,1622.316710537857,22507.993043761337,13352.65388888889,0.0249,17.444444444444443,0.0
2024-08-25 04:15:00,23880.829756660994,1001.443002342271,22879.386754318723,13325.65666666667,0.0249,17.45555555555556,0.0
2024-08-25 04:30:00,23953.36268725876,0.5866387905687833,23952.7760484682,13288.705000000002,0.0249,17.477777777777778,0.0
2024-08-25 04:45:00,21648.31445771256,423.532430571458,21224.782027141096,13456.27425925926,0.0249,17.5,0.0
2024-08-25 05:00:00,24474.489326201645,2443.721928459287,22030.76739774236,13569.113518518518,0.0249,17.377777777777776,0.0
2024-08-25 05:15:00,24425.16099004573,1386.8033209589837,23038.35766908674,12838.349074074074,0.0249,17.266666666666666,0.0
2024-08-25 05:30:00,23723.789333004792,1544.6203555972938,22179.168977407506,12355.514074074074,0.0249,17.15555555555555,0.0
2024-08-25 05:45:00,22979.907945036623,910.649745501239,22069.25819953538,11513.55648148148,0.0249,17.055555555555557,0.0
2024-08-25 06:00:00,22643.056602239576,882.5739410132381,21760.48266122634,11060.85,0.0249,17.033333333333335,0.0
2024-08-25 06:15:00,24467.21810567636,854.4631417943177,23612.75496388205,10798.497777777777,0.0249,16.922222222222224,0.0
2024-08-25 06:30:00,23241.627021967543,1033.7869705200128,22207.84005144754,10853.75074074074,0.0249,16.833333333333332,5.6
2024-08-25 06:45:00,23394.776165621297,1523.4079517967918,21871.36821382451,10878.047777777778,0.0249,16.755555555555556,20.8
2024-08-25 07:00:00,22168.40404367613,862.9138022144086,21305.49024146172,10939.605740740742,0.0249,16.855555555555554,50.0
2024-08-25 07:15:00,22259.074889866923,1018.3115168153402,21240.763373051584,10891.284444444444,0.0249,17.266666666666666,94.2
2024-08-25 07:30:00,24444.196216363507,1131.1234751912368,23313.07274117227,11049.246111111112,0.0249,17.377777777777776,104.0
2024-08-25 07:45:00,23242.90762421269,940.4126908018624,22302.494933410824,10976.101851851849,0.0249,17.82222222222222,181.4
2024-08-25 08:00:00,25158.4292562715,8.96758011521785,25149.46167615628,11024.22277777778,0.3523,18.41111111111111,150.8
2024-08-25 08:15:00,23764.90445491376,161.46620358590596,23603.43825132785,11121.008518518518,0.3523,19.700000000000003,144.2
2024-08-25 08:30:00,24845.89325532758,1179.0836634017533,23666.809591925823,10946.809999999998,0.3523,19.700000000000003,148.8
2024-08-25 08:45:00,26033.46816595688,2.747818102516577,26030.72034785436,10932.478148148148,0.3523,19.522222222222226,215.4
2024-08-25 09:00:00,25781.293999091733,284.46983812824885,25496.82416096348,10931.948148148149,0.3523,20.32222222222222,352.8
2024-08-25 09:15:00,25051.37903159829,61.44607348802575,24989.932958110265,10955.12740740741,0.3523,21.444444444444443,415.8
2024-08-25 09:30:00,26504.36998290901,53.63779161967548,26450.732191289346,11020.19074074074,0.3523,23.166666666666668,479.4
2024-08-25 09:45:00,27930.27219167896,52.14438841105444,27878.127803267904,10929.492777777776,0.3523,23.86666666666667,484.8
2024-08-25 10:00:00,30168.53910075124,52.59921443923224,30115.939886312008,11285.990555555558,0.3523,24.200000000000003,527.0
2024-08-25 10:15:00,30093.554382988288,28.308838496743697,30065.245544491547,11135.09648148148,0.3523,24.62222222222222,603.6
2024-08-25 10:30:00,30303.610651633466,27.76614620915311,30275.844505424306,11025.691111111111,0.3523,24.8,529.8
2024-08-25 10:45:00,32899.81798816005,135.9633846992299,32763.854603460823,10849.278148148149,0.3523,24.388888888888893,652.0
2024-08-25 11:00:00,30952.670086875503,210.21328481189423,30742.456802063603,10761.374814814815,0.3523,25.11111111111111,668.0
2024-08-25 11:15:00,33673.50090983782,175.6826487730202,33497.8182610648,10701.165925925923,0.3523,25.433333333333334,672.2
2024-08-25 11:30:00,32564.064945558595,273.1052617660212,32290.95968379257,10697.958148148147,0.3523,25.84444444444445,699.6
2024-08-25 11:45:00,32943.515888579626,295.297634658884,32648.21825392074,11130.421296296296,0.3523,26.34444444444445,724.8
2024-08-25 12:00:00,33607.78880635244,252.66262887507347,33355.12617747736,11327.313148148149,0.3523,27.95555555555556,743.6
2024-08-25 12:15:00,33750.06149735707,266.62978525457544,33483.431712102494,11180.590555555556,0.3523,26.97777777777777,756.2
2024-08-25 12:30:00,36214.82588001336,299.76585867715585,35915.06002133621,11087.302777777775,0.3523,26.71111111111111,766.2
2024-08-25 12:45:00,36469.34237247092,15.658832574735186,36453.683539896185,11035.799444444445,0.3523,26.633333333333333,778.6
2024-08-25 13:00:00,35734.81895475664,69.7817804114788,35665.03717434516,10972.674629629628,0.3523,26.53333333333333,772.8
2024-08-25 13:15:00,35584.07815813443,125.5959025032921,35458.482255631134,10950.065185185182,0.3523,27.08888888888889,778.2
2024-08-25 13:30:00,37336.29630816294,115.94932569860916,37220.34698246433,10931.229074074072,0.3523,26.85555555555556,779.8
2024-08-25 13:45:00,35130.771622837885,116.37613292440652,35014.39548991348,11041.04814814815,0.3523,27.1,768.6
2024-08-25 14:00:00,34741.30219906229,240.31957173366496,34500.982627328616,11214.475925925924,0.3523,27.16666666666667,758.2
2024-08-25 14:15:00,34015.866465441824,363.2759172508789,33652.59054819094,11220.54537037037,0.3523,27.288888888888884,746.0
2024-08-25 14:30:00,35332.80669042937,191.393431166959,35141.41325926241,11151.34462962963,0.3523,28.033333333333328,733.8
2024-08-25 14:45:00,39362.43420040341,201.73823610411915,39160.69596429929,11223.343703703702,0.3523,28.42222222222222,730.8
2024-08-25 15:00:00,41727.02184518912,199.7486500801621,41527.27319510895,11191.161666666669,0.3523,28.577777777777783,748.4
2024-08-25 15:15:00,43809.55690728612,290.9228965374615,43518.63401074865,11113.914629629631,0.3523,28.988888888888887,759.0
2024-08-25 15:30:00,46956.896327978815,293.0067449413949,46663.889583037424,10965.745555555555,0.3523,28.5,739.6
2024-08-25 15:45:00,46563.136834522986,288.28965544006303,46274.84717908292,10915.618518518517,0.3523,27.722222222222225,659.8
2024-08-25 16:00:00,38444.97552006794,333.6949566843489,38111.28056338359,10911.287592592593,0.3523,27.27777777777777,635.2
2024-08-25 16:15:00,33739.93636530447,274.7630019770105,33465.17336332746,10938.827962962963,0.3523,28.22222222222222,593.4
2024-08-25 16:30:00,33517.820445810314,321.4261672905548,33196.39427851976,10608.969259259262,0.3523,28.62222222222222,552.4
2024-08-25 16:45:00,33303.40600629272,359.0012360905919,32944.40477020212,10707.422222222222,0.3523,28.544444444444448,503.4
2024-08-25 17:00:00,35152.94087055352,432.51417827903686,34720.42669227449,10815.178148148148,0.3523,28.000000000000004,464.0
2024-08-25 17:15:00,33177.824524062366,414.8522642346165,32762.97225982775,10670.348703703705,0.3523,28.000000000000004,403.4
2024-08-25 17:30:00,33193.281983092544,383.90735577956457,32809.37462731299,10640.28055555556,0.3523,28.111111111111107,354.2
2024-08-25 17:45:00,33425.902771207,438.8770499849567,32987.025721222046,10504.15037037037,0.3523,28.05555555555556,151.2
2024-08-25 18:00:00,35605.81098517367,491.15221769698513,35114.65876747669,10749.391296296297,0.3523,27.84444444444445,245.6
2024-08-25 18:15:00,35030.86971768601,432.164297598608,34598.705420087404,10918.452407407409,0.3523,27.71111111111111,199.4
2024-08-25 18:30:00,32145.65989442891,2389.629734093001,29756.03016033591,10788.373333333337,0.3523,27.31111111111111,150.0
2024-08-25 18:45:00,30165.861814679665,542.6659799220201,29623.195834757644,11289.23703703704,0.3523,27.03333333333333,105.8
2024-08-25 19:00:00,30588.256917415223,511.13376762550257,30077.12314978973,11016.05555555556,0.3523,26.688888888888883,66.8
2024-08-25 19:15:00,32865.94896242028,529.4514353539695,32336.49752706632,11000.807777777778,0.3523,25.91111111111111,36.2
2024-08-25 19:30:00,31087.24739474062,372.22950714399,30715.01788759664,11163.005555555554,0.3523,25.38888888888889,16.0
2024-08-25 19:45:00,31120.730134969912,227.166950858586,30893.563184111325,12085.609814814814,0.3523,24.855555555555554,1.4
2024-08-25 20:00:00,30807.56546529576,206.7513035858244,30600.814161709928,13655.917592592594,0.3523,24.455555555555563,0.0
2024-08-25 20:15:00,30062.07369916327,217.058595644984,29845.01510351828,14187.40796296296,0.3523,24.122222222222224,0.0
2024-08-25 20:30:00,32007.921760143825,230.02870724472297,31777.89305289911,14655.067777777776,0.3523,23.922222222222217,0.0
2024-08-25 20:45:00,29777.09883025347,202.369278670696,29574.72955158278,14754.361296296294,0.3523,23.744444444444444,0.0
2024-08-25 21:00:00,28870.404954139693,234.37537817249685,28636.0295759672,14863.929074074074,0.3523,23.61111111111111,0.0
2024-08-25 21:15:00,28937.919772153185,242.245863695339,28695.673908457844,14868.937777777775,0.3523,23.14444444444444,0.0
2024-08-25 21:30:00,30748.43664143685,249.97665366568765,30498.45998777117,14830.664074074077,0.3523,22.766666666666666,0.0
2024-08-25 21:45:00,29603.60055845772,278.95597506269223,29324.644583395027,14831.15648148148,0.3523,22.22222222222222,0.0
2024-08-25 22:00:00,27908.023001654183,263.8120073809938,27644.210994273188,14790.991666666669,0.3523,21.8,0.0
2024-08-25 22:15:00,27221.77922615224,269.5564581727061,26952.22276797952,14785.553148148148,0.3523,21.43333333333333,0.0
2024-08-25 22:30:00,27019.381171993395,270.92916197270586,26748.452010020694,14820.039259259256,0.3523,20.98888888888889,0.0
2024-08-25 22:45:00,28986.196166335696,272.2067897448572,28713.989376590835,14788.644999999997,0.3523,20.78888888888889,0.0
2024-08-25 23:00:00,26886.7006642912,267.289119195271,26619.411545095925,14714.835555555555,0.3523,20.622222222222224,0.0
2024-08-25 23:15:00,26571.659970429337,260.5972183336303,26311.062752095702,14687.574629629627,0.3523,20.25555555555556,0.0
2024-08-25 23:30:00,26751.489994070656,259.6604651660276,26491.82952890464,14638.622407407409,0.3523,20.18888888888889,0.0
2024-08-25 23:45:00,26425.17638075192,265.2309225447712,26159.945458207145,14562.371296296296,0.3523,19.91111111111111,0.0
2024-08-26 00:00:00,27726.23123427245,270.7428810051494,27455.4883532673,14666.07111111111,0.0249,19.83333333333333,0.0
2024-08-26 00:15:00,25794.423788238146,286.6097409436834,25507.814047294465,14795.064629629627,0.0249,19.566666666666663,0.0
2024-08-26 00:30:00,25751.29894527532,289.2111580242072,25462.087787251105,14833.671296296294,0.0249,19.47777777777777,0.0
2024-08-26 00:45:00,25396.50495234693,291.8153328605524,25104.689619486384,14858.429814814814,0.0249,19.322222222222223,0.0
2024-08-26 01:00:00,24661.56673568335,297.597995152084,24363.96874053127,14927.396111111111,0.0249,19.188888888888883,0.0
2024-08-26 01:15:00,24150.23173339245,296.726532746512,23853.50520064594,14646.494074074071,0.0249,19.08888888888889,0.0
2024-08-26 01:30:00,24195.17037693512,285.85534592665965,23909.315031008464,14650.904814814814,0.0249,18.88888888888889,0.0
2024-08-26 01:45:00,26430.29090565316,274.941146080832,26155.349759572324,14491.90444444444,0.0249,18.666666666666664,0.0
2024-08-26 02:00:00,24656.93037021701,292.637996645359,24364.29237357165,14422.602407407408,0.0249,18.48888888888889,0.0
2024-08-26 02:15:00,25072.07979466353,288.76082391761594,24783.31897074592,14419.751296296294,0.0249,18.33333333333333,0.0
2024-08-26 02:30:00,24871.33069047464,315.47239454860846,24555.858295926035,14330.83537037037,0.0249,18.23333333333333,0.0
2024-08-26 02:45:00,24297.808560808982,279.7450450647183,24018.063515744267,14257.837407407407,0.0249,18.188888888888886,0.0
2024-08-26 03:00:00,25506.83719920619,249.6090000601811,25257.228199146004,14392.00462962963,0.0249,18.000000000000004,0.0
2024-08-26 03:15:00,23817.36367998021,106.26147866839116,23711.102201311827,14373.30388888889,0.0249,17.799999999999997,0.0
2024-08-26 03:30:00,25966.73384922261,26.27849872194588,25940.45535050067,14355.757592592592,0.0249,17.677777777777774,0.0
2024-08-26 03:45:00,26226.52168549715,367.1921456452839,25859.329539851868,14376.883703703705,0.0249,17.56666666666667,0.0
2024-08-26 04:00:00,25556.96921729156,0.4303872040397275,25556.53883008752,14434.89111111111,0.0249,17.488888888888887,0.0
2024-08-26 04:15:00,23506.57008825832,0.4999241288476951,23506.07016412947,14435.350185185183,0.0249,17.366666666666667,0.0
2024-08-26 04:30:00,25610.01024604549,2335.03385829347,23274.976387752024,14604.413333333336,0.0249,17.255555555555556,0.0
2024-08-26 04:45:00,24890.248645140644,1266.9085876731865,23623.340057467456,14733.697962962964,0.0249,17.21111111111111,0.0
2024-08-26 05:00:00,25690.17646201172,194.5127841403689,25495.663677871344,14743.605370370367,0.0249,17.055555555555557,0.0
2024-08-26 05:15:00,26253.993503462847,0.4416559255352991,26253.55184753732,15037.849444444442,0.0249,17.17777777777778,0.0
2024-08-26 05:30:00,24538.085576305268,1843.6302079599584,22694.455368345312,14039.479629629632,0.0249,17.044444444444448,0.0
2024-08-26 05:45:00,22849.40643954695,875.929486137363,21973.47695340959,13492.954629629628,0.0249,16.88888888888889,0.0
2024-08-26 06:00:00,21859.29390543203,737.5594477222435,21121.734457709783,13146.644814814814,0.0249,16.977777777777778,0.0
2024-08-26 06:15:00,22307.4837241334,737.5490420437898,21569.93468208961,12885.55574074074,0.0249,16.900000000000002,0.0
2024-08-26 06:30:00,24278.72670799443,600.2344648679629,23678.49224312647,12919.449259259258,0.0249,16.866666666666667,6.4
2024-08-26 06:45:00,24179.14813972524,0.5717543648081354,24178.576385360426,12715.12037037037,0.0249,16.744444444444444,17.2
2024-08-26 07:00:00,23462.08979040733,2058.633663118645,21403.45612728869,12644.885555555553,0.0249,16.700000000000003,30.2
2024-08-26 07:15:00,23539.4179651966,909.7956169656088,22629.622348230983,12899.39074074074,0.0249,16.877777777777776,54.8
2024-08-26 07:30:00,26806.31074705205,0.6616179752618024,26805.64912907679,13120.883333333331,0.0249,17.28888888888889,86.8
2024-08-26 07:45:00,24958.41807826123,0.8089372959062837,24957.609140965324,13155.702592592594,0.0249,17.9,126.0
2024-08-26 08:00:00,25493.618848964,816.5574309196381,24677.06141804436,13755.401851851851,0.3523,18.8,169.2
2024-08-26 08:15:00,24189.14171224028,150.6600344640582,24038.48167777622,14099.511296296296,0.3523,20.355555555555554,212.8
2024-08-26 08:30:00,25929.576421916587,219.35312157180755,25710.22330034478,13100.54277777778,0.3523,19.75555555555556,254.2
2024-08-26 08:45:00,26296.32841856538,455.6623757762805,25840.6660427891,13823.060185185182,0.3523,20.633333333333333,300.4
2024-08-26 09:00:00,28504.50034045674,200.92129538545817,28303.57904507128,14400.826296296296,0.3523,21.21111111111111,341.4
2024-08-26 09:15:00,35183.554765403394,717.7952797856054,34465.75948561779,14780.228148148146,0.3523,23.14444444444444,384.6
2024-08-26 09:30:00,32455.85313607521,54.74204574922937,32401.111090325976,15385.968333333332,0.3523,23.95555555555556,425.2
2024-08-26 09:45:00,30743.1163100648,30.18493601717747,30712.931374047614,15406.429444444444,0.3523,24.433333333333326,470.6
2024-08-26 10:00:00,30316.05333452664,6.900867901375644,30309.15246662525,15307.230925925924,0.3523,24.54444444444444,493.8
2024-08-26 10:15:00,31091.791431590667,152.5543417388127,30939.23708985185,15110.499259259255,0.3523,25.08888888888889,535.4
2024-08-26 10:30:00,37172.563154892734,1505.7638779634517,35666.79927692928,14776.281296296294,0.3523,26.08888888888889,575.6
2024-08-26 10:45:00,34921.23369275867,354.3842458009646,34566.849446957705,15426.148148148146,0.3523,26.11111111111111,620.4
2024-08-26 11:00:00,33874.611754871454,418.86415319602736,33455.74760167543,15181.912592592593,0.3523,26.25555555555556,626.6
2024-08-26 11:15:00,38247.09801079543,31.218607952823792,38215.879402842605,14689.922407407408,0.3523,26.266666666666666,652.4
2024-08-26 11:30:00,37284.4035573468,149.1901001951316,37135.21345715167,14703.394814814814,0.3523,26.244444444444444,679.6
2024-08-26 11:45:00,36502.64675028849,164.678610245201,36337.9681400433,15168.991851851852,0.3523,26.64444444444445,756.0
2024-08-26 12:00:00,35376.92628967934,252.862560866544,35124.0637288128,15009.523148148148,0.3523,26.91111111111111,767.8
2024-08-26 12:15:00,37106.99622584781,283.3199934865872,36823.67623236121,14924.362777777778,0.3523,26.63333333333334,737.4
2024-08-26 12:30:00,48116.05820870103,130.57377310598764,47985.48443559504,15025.36111111111,0.3523,26.55555555555556,749.4
2024-08-26 12:45:00,46418.44948370863,259.28439953539254,46159.16508417324,14501.73685185185,0.3523,26.888888888888893,550.0
2024-08-26 13:00:00,48367.124302419055,463.2161497195218,47903.90815269953,14526.13222222222,0.3523,27.266666666666666,250.8
2024-08-26 13:15:00,46553.42968389534,230.1448732135412,46323.284810681806,14651.429814814814,0.3523,26.83333333333333,870.8
2024-08-26 13:30:00,46419.514347256,174.39068378191857,46245.12366347407,14833.195185185185,0.3523,27.73333333333333,792.8
2024-08-26 13:45:00,48500.25745520288,259.4555840730392,48240.80187112984,14840.27759259259,0.3523,29.17777777777778,841.4
2024-08-26 14:00:00,44890.02095851216,167.53811370390946,44722.48284480825,14951.641481481483,0.3523,28.55555555555556,560.4
2024-08-26 14:15:00,39686.53846745384,1331.3612315178143,38355.177235936026,14995.189814814818,0.3523,28.322222222222216,782.4
2024-08-26 14:30:00,35205.83660734793,197.23130346889235,35008.605303879034,15304.550925925923,0.3523,27.866666666666664,755.0
2024-08-26 14:45:00,35009.04661836884,506.437711109454,34502.60890725938,14772.791666666666,0.3523,27.866666666666664,730.2
2024-08-26 15:00:00,34777.82896008729,593.2427398838137,34184.58622020347,14653.50962962963,0.3523,27.96666666666667,706.8
2024-08-26 15:15:00,35025.543409741185,649.964942189962,34375.57846755122,14866.376296296294,0.3523,28.200000000000003,720.2
2024-08-26 15:30:00,36671.519996914125,614.1492259144019,36057.370770999725,15179.48462962963,0.3523,27.866666666666664,466.0
2024-08-26 15:45:00,34712.626816694974,631.3753377484277,34081.25147894655,15165.672407407406,0.3523,27.8,515.8
2024-08-26 16:00:00,34319.6808968413,501.7604220315311,33817.92047480977,15604.322037037038,0.3523,27.855555555555554,582.2
2024-08-26 16:15:00,34837.0487815229,613.9771086624812,34223.071672860424,15640.354074074072,0.3523,27.47777777777778,110.0
2024-08-26 16:30:00,34880.40870572298,832.0938938070996,34048.31481191587,15708.791666666666,0.3523,27.16666666666667,459.4
2024-08-26 16:45:00,36314.34888914983,350.16643279380594,35964.18245635602,15477.54351851852,0.3523,27.422222222222224,413.0
2024-08-26 17:00:00,34524.054321147545,648.0557642656875,33875.99855688187,14912.017222222225,0.3523,27.5,410.0
2024-08-26 17:15:00,35080.53392788202,494.3140084605712,34586.21991942144,14374.621851851853,0.3523,27.38888888888889,371.4
2024-08-26 17:30:00,34350.501531503,452.9980533156095,33897.50347818739,14416.640925925927,0.3523,27.32222222222222,314.0
2024-08-26 17:45:00,34892.64261050929,355.44496228324505,34537.19764822604,13495.842037037037,0.3523,27.422222222222224,283.8
2024-08-26 18:00:00,34325.09827289311,429.4154061455848,33895.68286674752,13304.497962962962,0.3523,27.200000000000003,240.2
2024-08-26 18:15:00,33549.497746703084,431.4169666462004,33118.08078005688,13282.829444444444,0.3523,27.16666666666667,194.6
2024-08-26 18:30:00,34856.84590644461,467.36520854457166,34389.480697900035,12561.21074074074,0.3523,26.933333333333326,149.4
2024-08-26 18:45:00,34306.44196908879,481.4274250625483,33825.01454402624,12296.667407407404,0.3523,26.944444444444443,102.8
2024-08-26 19:00:00,34168.14207484567,487.372791843262,33680.7692830024,11899.13,0.3523,26.85555555555556,63.8
2024-08-26 19:15:00,33361.17723581666,459.7551334246771,32901.42210239199,11373.23148148148,0.3523,26.522222222222226,33.4
2024-08-26 19:30:00,31079.487451521145,1104.0393827676678,29975.44806875348,11302.51148148148,0.3523,26.23333333333333,15.2
2024-08-26 19:45:00,33736.112024499394,3601.4871959821994,30134.6248285172,12476.687037037038,0.3523,25.800000000000004,1.4
2024-08-26 20:00:00,31068.854341241506,712.0811375151181,30356.773203726392,14506.217777777778,0.3523,25.46666666666667,0.0
2024-08-26 20:15:00,29809.219757713738,467.6623897599499,29341.557367953785,14803.557222222224,0.3523,25.166666666666668,0.0
2024-08-26 20:30:00,30126.63775937906,182.0189935770053,29944.61876580205,15522.79,0.3523,24.93333333333333,0.0
2024-08-26 20:45:00,30400.843433819093,185.87532377743287,30214.96811004166,15543.314814814818,0.3523,24.72222222222222,0.0
2024-08-26 21:00:00,30231.40524736657,148.15309933581122,30083.25214803076,15330.020925925928,0.3523,24.5,0.0
2024-08-26 21:15:00,30967.384746008687,12.536859810726588,30954.847886197964,15242.638333333334,0.3523,23.71111111111111,0.0
2024-08-26 21:30:00,30634.807769776937,206.39668390488387,30428.41108587205,15290.053333333335,0.3523,23.122222222222224,0.0
2024-08-26 21:45:00,29577.59393563961,197.51724001609304,29380.07669562352,15225.962407407407,0.3523,22.633333333333333,0.0
2024-08-26 22:00:00,28986.43393659948,202.93520813917075,28783.498728460312,15114.087592592592,0.3523,21.944444444444443,0.0
2024-08-26 22:15:00,29485.85045886352,230.95805554002737,29254.89240332349,15148.422222222223,0.3523,21.622222222222224,0.0
2024-08-26 22:30:00,28333.07392927292,226.2401877948912,28106.83374147802,15212.817592592592,0.3523,21.21111111111111,0.0
2024-08-26 22:45:00,28423.457339413,255.47913079366583,28167.978208619337,14946.684814814816,0.3523,20.977777777777774,0.0
2024-08-26 23:00:00,29694.33133268524,284.838035680327,29409.49329700492,14944.025370370371,0.3523,20.800000000000004,0.0
2024-08-26 23:15:00,27210.867217355408,296.4547750361539,26914.41244231925,14908.92814814815,0.3523,20.444444444444443,0.0
2024-08-26 23:30:00,26871.124136960905,284.848330438556,26586.275806522342,14822.882037037036,0.3523,20.21111111111111,0.0
2024-08-26 23:45:00,27010.488277671848,259.585556632012,26750.90272103984,15030.7662962963,0.3523,19.922222222222224,0.0
2024-08-27 00:00:00,27102.18530357784,307.7943725931263,26794.3909309847,15082.478333333333,0.0249,19.64444444444445,0.0
2024-08-27 00:15:00,26912.98037479233,298.20271667638934,26614.777658115945,15072.98351851852,0.0249,19.311111111111117,0.0
2024-08-27 00:30:00,28213.397226238663,288.73379340261124,27924.66343283605,14983.558703703706,0.0249,19.23333333333333,0.0
2024-08-27 00:45:00,25935.79359886591,290.1661721777852,25645.627426688123,14924.307037037035,0.0249,18.966666666666665,0.0
2024-08-27 01:00:00,25986.3489684879,305.3721200936022,25680.9768483943,14957.398703703706,0.0249,19.044444444444444,0.0
2024-08-27 01:15:00,25269.68409415845,296.01202441384004,24973.67206974461,14642.786481481482,0.0249,19.05555555555556,0.0
2024-08-27 01:30:00,24898.517439274183,287.8419053377116,24610.675533936468,14294.67722222222,0.0249,18.93333333333333,0.0
2024-08-27 01:45:00,26143.61873652521,279.9667394826434,25863.651997042565,14305.790925925929,0.0249,18.93333333333333,0.0
2024-08-27 02:00:00,24585.656828280866,231.3836724329117,24354.273155847943,14370.713161375665,0.0249,18.84444444444445,0.0
2024-08-27 02:15:00,25139.70773002865,195.6872560494898,24944.02047397916,14371.289814814816,0.0249,18.77777777777778,0.0
2024-08-27 02:30:00,24989.50443881753,167.0443553215621,24822.46008349597,14406.071986161987,0.0249,18.577777777777783,0.0
2024-08-27 02:45:00,24284.400685464858,125.17882636086888,24159.221859104,14352.590555555556,0.0249,18.55555555555556,0.0
2024-08-27 03:00:00,23660.273296480573,104.37403002853917,23555.89926645204,14478.53888888889,0.0249,18.38888888888889,0.0
2024-08-27 03:15:00,24073.73902282603,86.8869682041233,23986.85205462191,14425.365,0.0249,18.066666666666677,0.0
2024-08-27 03:30:00,22370.46820344319,84.01680557669548,22286.45139786649,15071.398888888883,0.0249,17.988888888888894,0.0
2024-08-27 03:45:00,22166.60456685792,11.935670299428669,22154.668896558484,14761.02722222222,0.0249,17.84444444444444,0.0
2024-08-27 04:00:00,23178.53232921391,0.4046022836294748,23178.12772693028,14739.323703703703,0.0249,17.877777777777776,0.0
2024-08-27 04:15:00,24389.81777502441,0.4199890949785558,24389.397785929435,14857.254074074071,0.0249,17.988888888888894,0.0
2024-08-27 04:30:00,23856.90977446146,0.4023735340005993,23856.50740092746,15197.867037037038,0.0249,17.84444444444444,0.0
2024-08-27 04:45:00,24879.065480457863,0.3907248201133154,24878.67475563775,15564.173148148147,0.0249,17.755555555555556,0.0
2024-08-27 05:00:00,24032.260503956102,682.4439005989458,23349.816603357165,15296.654814814816,0.0249,17.72222222222222,0.0
2024-08-27 05:15:00,23323.80279474891,375.0752740812536,22948.727520667653,15846.123333333337,0.0249,17.65555555555555,0.0
2024-08-27 05:30:00,22411.54211781735,160.61637281738095,22250.925744999968,14984.086481481483,0.0249,17.377777777777776,0.0
2024-08-27 05:45:00,24130.42899238954,0.42175255391746,24130.007239835628,13749.780925925925,0.0249,17.28888888888889,0.0
2024-08-27 06:00:00,24558.56695074217,0.3975468625940617,24558.169403879576,13623.335925925923,0.0249,17.34444444444445,0.0
2024-08-27 06:15:00,24345.95519706097,1925.1568014641773,22420.79839559679,13396.22537037037,0.0249,17.17777777777778,0.0
2024-08-27 06:30:00,24916.636424937285,0.5517559409404555,24916.08466899635,13305.344444444449,0.0249,17.299999999999997,8.2
2024-08-27 06:45:00,24367.63877171536,0.5506159634435837,24367.08815575192,13489.820185185185,0.0249,17.58888888888889,17.2
2024-08-27 07:00:00,25586.938071009656,0.514117182091367,25586.423953827565,13628.816296296296,0.0249,17.61111111111111,29.6
2024-08-27 07:15:00,25534.863513571905,2388.074740157049,23146.788773414857,13348.466296296296,0.0249,17.644444444444446,54.8
2024-08-27 07:30:00,25738.97480912104,0.4930596166907026,25738.48174950435,13454.732407407408,0.0249,18.08888888888889,90.2
2024-08-27 07:45:00,25385.70709954245,0.6865709577622118,25385.02052858469,13392.90296296296,0.0249,18.522222222222226,130.8
2024-08-27 08:00:00,26871.803968946457,31.502010864649066,26840.30195808181,13816.638703703704,0.3523,19.422222222222228,176.6
2024-08-27 08:15:00,25956.598049337288,213.5055756352137,25743.09247370208,14213.859074074076,0.3523,20.08888888888889,219.0
2024-08-27 08:30:00,26122.448467515595,647.6894480681153,25474.75901944748,13371.776666666668,0.3523,20.777777777777786,261.6
2024-08-27 08:45:00,31582.88343464252,108.35092968212956,31474.53250496037,13850.739074074072,0.3523,21.0,303.8
2024-08-27 09:00:00,30437.922062680165,3.836669258025093,30434.085393422138,14689.872037037034,0.3523,21.73333333333333,344.2
2024-08-27 09:15:00,31350.951177008803,10.173049080042473,31340.77812792876,15704.780925925925,0.3523,22.444444444444446,389.0
2024-08-27 09:30:00,30324.38781888057,31.08078852329218,30293.30703035728,16330.585185185186,0.3523,24.988888888888884,432.2
2024-08-27 09:45:00,33542.76372202912,156.91279603323778,33385.85092599589,16537.502037037037,0.3523,24.95555555555556,474.0
2024-08-27 10:00:00,31366.137969961444,299.5316977867345,31066.606272174704,16433.289444444443,0.3523,26.2,510.8
2024-08-27 10:15:00,33624.0979114421,287.5746890305821,33336.52322241152,16301.696296296295,0.3523,26.977777777777774,501.2
2024-08-27 10:30:00,33328.14080211885,417.1047880944012,32911.036014024445,16422.15759259259,0.3523,26.96666666666666,583.8
2024-08-27 10:45:00,36763.55313301691,353.7865912389036,36409.76654177801,16365.890185185184,0.3523,27.17777777777778,616.4
2024-08-27 11:00:00,33150.71371675659,75.97556318408628,33074.7381535725,16141.542592592594,0.3523,28.15555555555555,646.4
2024-08-27 11:15:00,32441.64869602627,95.73741738592427,32345.911278640346,15951.203148148146,0.3523,28.03333333333334,671.0
2024-08-27 11:30:00,32492.916732568177,146.8713375015197,32346.045395066656,15866.596666666665,0.3523,28.25555555555556,693.8
2024-08-27 11:45:00,32864.379022342706,148.987477226936,32715.39154511577,15672.132407407407,0.3523,28.5,715.8
2024-08-27 12:00:00,33406.02560410743,114.57537878015889,33291.45022532727,16586.866296296295,0.3523,28.64444444444445,738.4
2024-08-27 12:15:00,32779.234279669035,201.5407983587558,32577.69348131029,16406.674259259256,0.3523,28.522222222222226,750.6
2024-08-27 12:30:00,33316.78331102419,135.14281509194262,33181.64049593225,16288.164629629631,0.3523,29.28888888888889,752.4
2024-08-27 12:45:00,32951.3476465665,132.2066644350368,32819.14098213147,16332.895925925925,0.3523,29.71111111111111,765.2
2024-08-27 13:00:00,32432.140976812083,148.40101202760837,32283.739964784483,16513.555740740743,0.3523,29.77777777777778,768.0
2024-08-27 13:15:00,31740.551081524645,137.32682505957777,31603.224256465062,16633.50388888889,0.3523,30.066666666666663,768.8
2024-08-27 13:30:00,31297.28339229392,153.11878152460196,31144.16461076932,16666.017037037036,0.3523,30.633333333333333,769.0
2024-08-27 13:45:00,30840.15337779908,194.49726983817607,30645.6561079609,16238.192777777776,0.3523,30.33333333333333,760.6
2024-08-27 14:00:00,30462.926359352125,220.5783944886413,30242.34796486348,16724.203888888893,0.3523,30.41111111111111,751.0
2024-08-27 14:15:00,30144.02843155029,210.41597065358053,29933.612460896715,16992.132962962965,0.3523,30.28888888888889,737.4
2024-08-27 14:30:00,29983.59797170767,278.3532917512761,29705.24467995639,17562.89277777778,0.3523,30.55555555555556,728.0
2024-08-27 14:45:00,29641.92563455627,314.5968540182444,29327.32878053803,17216.99314814815,0.3523,30.311111111111117,707.0
2024-08-27 15:00:00,29302.30261931645,282.58196149629583,29019.72065782016,17703.835740740746,0.3523,30.511111111111116,681.8
2024-08-27 15:15:00,29179.6146990808,316.9731898699028,28862.64150921089,16999.02277777778,0.3523,30.27777777777778,660.8
2024-08-27 15:30:00,28989.71572165948,341.6116109638893,28648.1041106956,16608.811296296295,0.3523,31.25555555555556,633.2
2024-08-27 15:45:00,28812.956718496986,328.58814004268265,28484.3685784543,16745.841666666664,0.3523,31.22222222222222,604.2
2024-08-27 16:00:00,28687.735018099047,372.00603376907566,28315.72898432997,16609.55148148148,0.3523,31.011111111111116,560.8
2024-08-27 16:15:00,28491.405468767625,359.82556956362833,28131.579899204,16145.800925925923,0.3523,30.93333333333333,520.4
2024-08-27 16:30:00,28298.31031270984,366.873719695618,27931.436593014223,16213.75,0.3523,31.366666666666674,466.4
2024-08-27 16:45:00,28257.99904170273,395.7170836993748,27862.281958003347,16061.664629629631,0.3523,30.88888888888889,445.2
2024-08-27 17:00:00,28091.65768416517,375.1793303433532,27716.47835382181,15837.043148148148,0.3523,31.38888888888889,406.2
2024-08-27 17:15:00,28174.61784183385,369.9056795673034,27804.712162266544,15458.443518518516,0.3523,31.45555555555556,359.0
2024-08-27 17:30:00,28320.90520712317,398.7269352717749,27922.1782718514,15196.73648148148,0.3523,31.122222222222224,309.0
2024-08-27 17:45:00,28498.35473880786,408.4320698779068,28089.92266892996,14937.64425925926,0.3523,30.54444444444444,101.6
2024-08-27 18:00:00,28323.21510658416,393.1995252815869,27930.01558130257,14918.671481481482,0.3523,30.11111111111111,92.4
2024-08-27 18:15:00,28476.89125797032,424.1646801611212,28052.7265778092,13719.650555555556,0.3523,30.15555555555555,183.4
2024-08-27 18:30:00,28462.672407208087,394.039817467739,28068.63258974035,13187.325185185184,0.3523,29.866666666666667,75.0
2024-08-27 18:45:00,28248.275385544148,391.3501712887239,27856.925214255418,13218.76574074074,0.3523,29.411111111111115,30.2
2024-08-27 19:00:00,27099.07860334836,500.7963016618934,26598.282301686457,11569.965000000002,0.3523,29.15555555555555,18.4
2024-08-27 19:15:00,27260.104625445605,516.8303547951789,26743.27427065043,11426.937407407408,0.3523,29.011111111111116,12.4
2024-08-27 19:30:00,27353.38976310564,533.5451826051992,26819.84458050044,11263.949444444444,0.3523,28.78888888888889,0.0
2024-08-27 19:45:00,27569.72169453201,547.5892145332879,27022.13247999873,12759.780925925925,0.3523,28.28888888888889,0.0
2024-08-27 20:00:00,27643.597083068173,522.6037785258136,27120.99330454236,14841.94648148148,0.3523,28.088888888888885,0.0
2024-08-27 20:15:00,27726.456759587287,497.98114029459487,27228.47561929269,15205.853148148146,0.3523,27.96666666666667,0.0
2024-08-27 20:30:00,27734.78892441276,514.4194558160684,27220.369468596688,15293.262796092798,0.3523,27.77777777777778,0.0
2024-08-27 20:45:00,27625.38887952057,519.9440569423067,27105.444822578265,15641.819325396826,0.3523,27.52222222222222,0.0
2024-08-27 21:00:00,26462.335890262828,392.4204201742796,26069.91547008855,15414.45510013796,0.3523,27.22222222222222,0.0
2024-08-27 21:15:00,26365.53840229324,483.94294279884025,25881.5954594944,15679.489841269842,0.3523,27.0,0.0
2024-08-27 21:30:00,25143.389924266143,518.3333182344277,24625.056606031714,15544.30492063492,0.3523,26.811111111111117,0.0
2024-08-27 21:45:00,23900.842335297493,591.0754848485883,23309.766850448905,15544.710952380952,0.3523,27.05555555555556,0.0
2024-08-27 22:00:00,23742.27076207292,535.9735554435737,23206.297206629344,15388.693492063492,0.3523,26.97777777777777,0.0
2024-08-27 22:15:00,24753.62710938053,501.3937037173393,24252.233405663188,15355.557777777778,0.3523,26.922222222222228,0.0
2024-08-27 22:30:00,24287.698394378305,656.0186420433251,23631.679752334985,15772.373174603174,0.3523,26.677777777777784,0.0
2024-08-27 22:45:00,22952.70254438456,387.3817799138221,22565.320764470733,15284.12984126984,0.3523,26.55555555555556,0.0
2024-08-27 23:00:00,22550.596052954686,369.66057198000914,22180.93548097468,15381.681111111113,0.3523,26.34444444444445,0.0
2024-08-27 23:15:00,22316.89273945352,317.8835144544076,21999.00922499911,15228.69,0.3523,26.22222222222222,0.0
2024-08-27 23:30:00,22643.534212977807,203.587009291146,22439.947203686657,15278.658571428572,0.3523,26.14444444444444,0.0
2024-08-27 23:45:00,22524.14531270228,173.2590519367215,22350.88626076556,15288.050158730157,0.3523,26.077777777777783,0.0
2024-08-28 00:00:00,21698.16973928287,187.8947573088451,21510.27498197402,15017.243968253966,0.0249,26.0,0.0
