datetime,phvac_abs_sum,heating,cooling,other_elec_power,TOU($/kWh),temp_amb,q_sol
2025-02-16 00:00:00,59747.155287499176,34933.32715821832,24813.82812928084,15082.478333333333,0.0249,-4.277777777777778,0.0
2025-02-16 00:15:00,61126.5407227705,36680.50777821493,24446.032944555576,15072.98351851852,0.0249,-4.322222222222223,0.0
2025-02-16 00:30:00,58217.98817996239,33416.48277418716,24801.505405775224,14983.558703703706,0.0249,-4.31111111111111,0.0
2025-02-16 00:45:00,65115.40982209172,41221.95278815391,23893.457033937804,14924.307037037035,0.0249,-4.233333333333334,0.0
2025-02-16 01:00:00,65226.40553360625,41225.45690388775,24000.948629718503,14957.398703703706,0.0249,-4.277777777777778,0.0
2025-02-16 01:15:00,60387.782866901885,35817.79875586696,24569.98411103493,14642.786481481482,0.0249,-4.277777777777778,0.0
2025-02-16 01:30:00,56236.488704084746,34309.69128888326,21926.797415201487,14294.67722222222,0.0249,-4.144444444444445,0.0
2025-02-16 01:45:00,57901.40293727369,37026.11774607247,20875.28519120121,14305.790925925929,0.0249,-4.155555555555556,0.0
2025-02-16 02:00:00,64321.64983692892,43350.96274630431,20970.687090624604,14370.713161375665,0.0249,-4.077777777777778,0.0
2025-02-16 02:15:00,58649.59691732888,37719.604462879564,20929.992454449304,14371.289814814816,0.0249,-3.911111111111111,0.0
2025-02-16 02:30:00,55448.33176029078,34388.070195056745,21060.261565234014,14406.071986161987,0.0249,-3.944444444444445,0.0
2025-02-16 02:45:00,55015.63618388371,34083.49626123707,20932.13992264663,14352.590555555556,0.0249,-3.866666666666667,0.0
2025-02-16 03:00:00,60137.45550232823,39366.596295267256,20770.85920706098,14478.53888888889,0.0249,-3.766666666666668,0.0
2025-02-16 03:15:00,65015.38338307184,44149.16357645469,20866.219806617148,14425.365,0.0249,-3.688888888888889,0.0
2025-02-16 03:30:00,58313.51556972239,37320.053486983335,20993.46208273905,15071.398888888883,0.0249,-3.6000000000000005,0.0
2025-02-16 03:45:00,64632.518846199775,43751.2601446082,20881.25870159158,14761.02722222222,0.0249,-3.5222222222222204,0.0
2025-02-16 04:00:00,58412.72049875654,34260.11798435587,24152.602514400667,14739.323703703703,0.0249,-3.455555555555555,0.0
2025-02-16 04:15:00,63554.11024473421,39431.84531593339,24122.264928800825,14857.254074074071,0.0249,-3.433333333333333,0.0
2025-02-16 04:30:00,66777.87990368452,42990.70183083685,23787.178072847662,15197.867037037038,0.0249,-3.299999999999999,0.0
2025-02-16 04:45:00,58547.91476695129,34580.19923443962,23967.71553251168,15564.173148148147,0.0249,-3.200000000000001,0.0
2025-02-16 05:00:00,56649.32749687335,32587.11233971319,24062.21515716016,15296.654814814816,0.0249,-3.1333333333333315,0.0
2025-02-16 05:15:00,56305.21276750542,32650.99963326938,23654.21313423604,15846.123333333337,0.0249,-2.933333333333334,0.0
2025-02-16 05:30:00,62244.92491779745,39036.11246470265,23208.8124530948,14984.086481481483,0.0249,-2.844444444444443,0.0
2025-02-16 05:45:00,63424.5867780011,40079.56109616172,23345.02568183939,13749.780925925925,0.0249,-2.555555555555556,0.0
2025-02-16 06:00:00,54209.397536811935,33863.85708475319,20345.54045205875,13623.335925925923,0.0249,-2.411111111111109,0.0
2025-02-16 06:15:00,51612.09453999119,31428.13699271995,20183.95754727123,13396.22537037037,0.0249,-2.344444444444444,0.0
2025-02-16 06:30:00,53091.39510161514,32862.95756989621,20228.437531718933,13305.344444444449,0.0249,-2.4000000000000004,0.0
2025-02-16 06:45:00,64971.391516694326,44811.910616977766,20159.48089971656,13489.820185185185,0.0249,-2.1222222222222222,0.0
2025-02-16 07:00:00,60427.11965585456,40009.31979191806,20417.799863936503,13628.816296296296,0.0249,-1.722222222222223,0.0
2025-02-16 07:15:00,55261.73275274182,34694.057943165986,20567.67480957583,13348.466296296296,0.0249,-1.3555555555555543,0.0
2025-02-16 07:30:00,52190.076664699685,31641.82115864224,20548.255506057463,13454.732407407408,0.0249,-1.1111111111111112,0.0
2025-02-16 07:45:00,52095.356943768646,31913.0584382997,20182.29850546895,13392.90296296296,0.0249,-0.8999999999999986,7.8
2025-02-16 08:00:00,60837.77856916504,40740.79059457879,20096.987974586264,13816.638703703704,0.1305,-0.688888888888888,12.8
2025-02-16 08:15:00,63815.85668878722,40600.82230940546,23215.034379381763,14213.859074074076,0.1305,-0.4666666666666646,14.0
2025-02-16 08:30:00,57719.0860971099,33669.4307096458,24049.65538746409,13371.776666666668,0.1305,-0.1222222222222216,15.6
2025-02-16 08:45:00,56636.6512279955,32269.941745964534,24366.709482030965,13850.739074074072,0.1305,0.0777777777777781,21.0
2025-02-16 09:00:00,55021.99692796976,30674.47453723089,24347.522390738868,14689.872037037034,0.1305,0.0222222222222217,29.2
2025-02-16 09:15:00,60591.3895717152,36644.590436301565,23946.79913541362,15704.780925925925,0.1305,0.0777777777777781,22.6
2025-02-16 09:30:00,59219.01465360767,35548.33243319751,23670.682220410145,16330.585185185186,0.1305,0.255555555555556,23.0
2025-02-16 09:45:00,54591.661578690095,32793.674680245764,21797.98689844432,16537.502037037037,0.1305,0.4999999999999992,23.0
2025-02-16 10:00:00,53542.67238762664,31916.645484363737,21626.0269032629,16433.289444444443,0.1305,0.5999999999999991,25.4
2025-02-16 10:15:00,54002.70641585711,32495.057113537016,21507.64930232009,16301.696296296295,0.1305,0.43333333333333,48.2
2025-02-16 10:30:00,35151.16290652112,13761.618340786425,21389.544565734697,16422.15759259259,0.1305,0.255555555555556,53.8
2025-02-16 10:45:00,29271.6126628467,8149.429570940656,21122.183091906045,16365.890185185184,0.1305,0.2222222222222214,48.6
2025-02-16 11:00:00,29682.14024507417,7969.866034987055,21712.274210087107,16141.542592592594,0.1305,0.1444444444444473,41.2
2025-02-16 11:15:00,28842.31694192664,7225.227106367318,21617.08983555932,15951.203148148146,0.1305,0.1111111111111126,44.2
2025-02-16 11:30:00,35815.94126422211,14852.105684129818,20963.83558009229,15866.596666666665,0.1305,0.1888888888888868,26.0
2025-02-16 11:45:00,29360.683141419388,8536.95360773478,20823.729533684604,15672.132407407407,0.1305,0.344444444444447,24.8
2025-02-16 12:00:00,28798.92223971873,7999.841510791896,20799.08072892683,16586.866296296295,0.1305,0.4777777777777774,41.6
2025-02-16 12:15:00,28459.18054211231,7413.33108865963,21045.84945345268,16406.674259259256,0.1305,0.3111111111111124,39.6
2025-02-16 12:30:00,29806.799320205027,8631.384995134966,21175.41432507006,16288.164629629631,0.1305,0.3111111111111124,38.0
2025-02-16 12:45:00,32610.606166681755,11523.21523900072,21087.39092768104,16332.895925925925,0.1305,0.1777777777777779,36.6
2025-02-16 13:00:00,36948.128823025305,15877.582469429834,21070.54635359548,16513.555740740743,0.1305,0.2666666666666689,36.2
2025-02-16 13:15:00,32526.82955131814,8323.975045848796,24202.85450546933,16633.50388888889,0.1305,0.2666666666666689,39.2
2025-02-16 13:30:00,31838.790167635816,7499.4584610808515,24339.331706554964,16666.017037037036,0.1305,0.2777777777777778,63.0
2025-02-16 13:45:00,32969.53282025536,8509.771380215449,24459.76144003991,16238.192777777776,0.1305,0.688888888888886,47.6
2025-02-16 14:00:00,28819.010776249503,7059.539676310558,21759.471099938943,16724.203888888893,0.1305,0.6555555555555554,52.8
2025-02-16 14:15:00,31773.4810581806,9628.425648620288,22145.05540956031,16992.132962962965,0.1305,0.7888888888888899,60.2
2025-02-16 14:30:00,42133.56236759486,19982.12912606692,22151.433241527942,17562.89277777778,0.1305,0.777777777777777,37.0
2025-02-16 14:45:00,42354.156483126535,20020.2374446372,22333.919038489334,17216.99314814815,0.1305,0.8555555555555551,81.4
2025-02-16 15:00:00,42748.14913308877,20410.04343205598,22338.105701032782,17703.835740740746,0.1305,0.9888888888888856,37.2
2025-02-16 15:15:00,40710.81186139969,18299.997289655064,22410.81457174463,16999.02277777778,0.1305,1.0444444444444418,46.0
2025-02-16 15:30:00,43169.96585537195,20989.63420466792,22180.33165070401,16608.811296296295,0.1305,0.7999999999999987,45.8
2025-02-16 15:45:00,42422.68406275008,20633.801676397383,21788.88238635269,16745.841666666664,0.1305,0.7111111111111117,23.6
2025-02-16 16:00:00,43913.76083447136,22204.57000782301,21709.190826648348,16609.55148148148,0.1305,0.4666666666666646,35.6
2025-02-16 16:15:00,42347.096543763146,21017.91881251949,21329.177731243664,16145.800925925923,0.1305,0.3888888888888904,23.4
2025-02-16 16:30:00,41852.06112705447,20800.09403287492,21051.967094179552,16213.75,0.1305,0.1111111111111126,6.4
2025-02-16 16:45:00,42803.44088959893,21444.230099202345,21359.210790396588,16061.664629629631,0.1305,-1.311111111111113,0.0
2025-02-16 17:00:00,51469.92420817355,30029.6233914536,21440.30081671995,15837.043148148148,0.1305,-2.255555555555557,0.0
2025-02-16 17:15:00,50351.05350422722,29226.07410954521,21124.97939468201,15458.443518518516,0.1305,-2.8999999999999995,0.0
2025-02-16 17:30:00,42952.97658303875,22232.875972354595,20720.10061068416,15196.73648148148,0.1305,-3.444444444444444,0.0
2025-02-16 17:45:00,42968.17241335357,22410.733541138783,20557.438872214785,14937.64425925926,0.1305,-3.7777777777777777,0.0
2025-02-16 18:00:00,45568.94550775487,24943.281143628785,20625.66436412608,14918.671481481482,0.1305,-4.322222222222223,0.0
2025-02-16 18:15:00,52726.94762556341,32693.89111334674,20033.056512216663,13719.650555555556,0.1305,-4.688888888888889,0.0
2025-02-16 18:30:00,46975.41305315812,27070.362023543617,19905.051029614504,13187.325185185184,0.1305,-5.255555555555556,0.0
2025-02-16 18:45:00,87158.99347939834,67627.47771363046,19531.51576576786,13218.76574074074,0.1305,-5.277777777777778,0.0
2025-02-16 19:00:00,75205.14488324636,55487.28092289661,19717.86396034975,11569.965000000002,0.1305,-5.166666666666667,0.0
2025-02-16 19:15:00,72148.81349371091,52081.18688806741,20067.62660564349,11426.937407407408,0.1305,-5.166666666666667,0.0
2025-02-16 19:30:00,74118.14318942066,53885.74978151698,20232.39340790368,11263.949444444444,0.1305,-5.3,0.0
2025-02-16 19:45:00,71864.33878119104,51711.22417654572,20153.11460464532,12759.780925925925,0.1305,-5.244444444444444,0.0
2025-02-16 20:00:00,70599.35941603119,50809.94620000988,19789.413216021312,14841.94648148148,0.1305,-5.177777777777778,0.0
2025-02-16 20:15:00,67565.66830928081,48079.64824607873,19486.02006320209,15205.853148148146,0.1305,-5.2333333333333325,0.0
2025-02-16 20:30:00,67483.02941628608,47998.14361147432,19484.88580481176,15293.262796092798,0.1305,-5.166666666666667,0.0
2025-02-16 20:45:00,68167.79840886295,48431.15913681482,19736.63927204812,15641.819325396826,0.1305,-5.166666666666667,0.0
2025-02-16 21:00:00,71792.31836791715,52039.6542189857,19752.664148931464,15414.45510013796,0.1305,-5.133333333333335,0.0
2025-02-16 21:15:00,72070.00975338745,52429.23748034133,19640.77227304612,15679.489841269842,0.1305,-5.166666666666667,0.0
2025-02-16 21:30:00,69015.9598076074,49651.75758746447,19364.20222014296,15544.30492063492,0.1305,-5.311111111111113,0.0
2025-02-16 21:45:00,67436.22268403451,47724.74059627828,19711.48208775624,15544.710952380952,0.1305,-5.388888888888889,0.0
2025-02-16 22:00:00,66395.75905057754,46604.474423978354,19791.2846265992,15388.693492063492,0.1305,-5.499999999999999,0.0
2025-02-16 22:15:00,67547.83854398901,48075.33056722278,19472.50797676624,15355.557777777778,0.1305,-5.655555555555555,0.0
2025-02-16 22:30:00,67260.59423965655,47884.519401295445,19376.0748383611,15772.373174603174,0.1305,-5.844444444444444,0.0
2025-02-16 22:45:00,68332.57890390164,48596.71354327176,19735.86536062988,15284.12984126984,0.1305,-5.777777777777777,0.0
2025-02-16 23:00:00,69393.69330154995,49983.1989272026,19410.49437434735,15381.681111111113,0.1305,-5.666666666666667,0.0
2025-02-16 23:15:00,68369.04058479102,49157.515052202245,19211.525532588777,15228.69,0.1305,-5.644444444444444,0.0
2025-02-16 23:30:00,68153.4991602324,49027.50490875458,19125.994251477827,15278.658571428572,0.1305,-5.722222222222222,0.0
2025-02-16 23:45:00,65830.28632908755,46588.27938300623,19242.00694608132,15288.050158730157,0.1305,-5.711111111111112,0.0
2025-02-17 00:00:00,64961.51899854856,45231.27927309363,19730.23972545493,15017.243968253966,0.0249,-5.722222222222222,0.0
2025-02-17 00:15:00,67450.21015586647,47813.84087162187,19636.3692842446,15017.537936507935,0.0249,-5.7444444444444445,0.0
2025-02-17 00:30:00,68694.16736824265,49310.67633541949,19383.491032823164,15138.08492063492,0.0249,-5.777777777777777,0.0
2025-02-17 00:45:00,70044.98300578259,50857.05330355908,19187.92970222352,15115.80634920635,0.0249,-5.922222222222222,0.0
2025-02-17 01:00:00,69309.67318152671,49583.90023160276,19725.77294992396,15148.446984126984,0.0249,-5.955555555555555,0.0
2025-02-17 01:15:00,69507.72495983611,49827.20785235515,19680.517107480955,14601.541904761903,0.0249,-6.066666666666666,0.0
2025-02-17 01:30:00,67416.74461912866,47838.217986708696,19578.526632419955,14268.683809523807,0.0249,-6.211111111111111,0.0
2025-02-17 01:45:00,67542.05928581368,47975.46904928679,19566.590236526903,14337.393492063493,0.0249,-6.322222222222221,0.0
2025-02-17 02:00:00,69776.99396255812,50282.19599924452,19494.79796331361,14301.157142857142,0.0249,-6.388888888888889,0.0
2025-02-17 02:15:00,58889.6486518305,39156.00475031643,19733.643901514068,14246.625714285716,0.0249,-6.4444444444444455,0.0
2025-02-17 02:30:00,58362.180425229766,38670.90242286077,19691.278002368977,14345.44587301587,0.0249,-6.566666666666666,0.0
2025-02-17 02:45:00,57380.599225621154,37629.66871461784,19750.93051100332,14340.213333333337,0.0249,-6.777777777777778,0.0
2025-02-17 03:00:00,62016.57680931659,42597.71153665383,19418.865272662755,14333.203968253967,0.0249,-7.044444444444444,0.0
2025-02-17 03:15:00,59034.19312814684,39510.75885260708,19523.43427553976,14896.504285714283,0.0249,-7.077777777777779,0.0
2025-02-17 03:30:00,67382.81293168556,47867.11180142068,19515.70113026488,14986.941428571428,0.0249,-7.122222222222222,0.0
2025-02-17 03:45:00,64391.19595337714,45058.92161588871,19332.27433748844,14766.043968253967,0.0249,-7.111111111111111,0.0
2025-02-17 04:00:00,69153.05655593892,49830.28219101927,19322.77436491966,15166.262857142856,0.0249,-7.233333333333332,0.0
2025-02-17 04:15:00,70461.84289856753,48371.09773762272,22090.745160944804,15281.300793650791,0.0249,-7.5,0.0
2025-02-17 04:30:00,66638.02934543304,44261.89619994992,22376.133145483112,15333.365714285714,0.0249,-7.455555555555555,0.0
2025-02-17 04:45:00,66992.45662371043,44625.518442564266,22366.938181146168,15565.395396825395,0.0249,-7.6,0.0
2025-02-17 05:00:00,66974.85820836147,44163.38669418216,22811.471514179324,15754.916031746032,0.0249,-7.71111111111111,0.0
2025-02-17 05:15:00,63596.79071892478,40745.27521551222,22851.515503412546,15180.109365079365,0.0249,-7.777777777777778,0.0
2025-02-17 05:30:00,60693.70624634146,41827.775820214985,18865.930426126462,14612.11623931624,0.0249,-7.777777777777778,0.0
2025-02-17 05:45:00,62165.68952211124,43646.15484744463,18519.534674666607,14555.639206349208,0.0249,-7.71111111111111,0.0
2025-02-17 06:00:00,57451.07123009385,39136.63801520162,18314.43321489222,13468.3502154195,0.0249,-7.688888888888889,0.0
2025-02-17 06:15:00,55095.00009523631,37055.71999852831,18039.280096708004,13500.508412698411,0.0249,-7.666666666666667,0.0
2025-02-17 06:30:00,57252.00641098064,38824.85470015525,18427.151710825383,13322.053492063493,0.0249,-7.744444444444444,0.0
2025-02-17 06:45:00,73997.17290572479,55440.69397568658,18556.478930038207,13449.546349206348,0.0249,-7.71111111111111,0.0
2025-02-17 07:00:00,68545.96538353071,49401.35621737823,19144.609166152484,12411.062539682538,0.0249,-7.888888888888889,0.0
2025-02-17 07:15:00,64779.43006623755,45505.92639554239,19273.503670695165,11494.871746031746,0.0249,-7.899999999999999,4.6
2025-02-17 07:30:00,67997.27326632521,48380.14388081981,19617.129385505395,12429.13761904762,0.0249,-7.866666666666666,12.8
2025-02-17 07:45:00,62193.70020488301,39489.77038040091,22703.929824482108,13508.17761904762,0.0249,-7.833333333333333,21.4
2025-02-17 08:00:00,63045.343612740144,43091.759277360456,19953.584335379684,13424.790000000005,0.1305,-7.722222222222222,18.6
2025-02-17 08:15:00,78122.6252362501,57669.27159266237,20453.35364358774,13536.616666666669,0.1305,-7.755555555555556,18.8
2025-02-17 08:30:00,64926.90264438032,44131.0324022372,20795.870242143115,12604.676349206353,0.1305,-7.799999999999999,21.4
2025-02-17 08:45:00,58356.87242381425,37821.40074890991,20535.471674904347,13300.653174603174,0.1305,-7.811111111111113,34.2
2025-02-17 09:00:00,60308.63216085824,39567.22405700303,20741.40810385521,13832.640317460318,0.1305,-7.811111111111113,50.6
2025-02-17 09:15:00,66060.37347657826,45238.81861894441,20821.55485763384,14490.302857142857,0.1305,-7.633333333333335,60.8
2025-02-17 09:30:00,65156.79890713327,44482.61851664431,20674.18039048896,14979.074126984127,0.1305,-7.48888888888889,83.6
2025-02-17 09:45:00,28698.845237470647,8226.067220443496,20472.778017027154,15051.1073015873,0.1305,-7.355555555555558,117.2
2025-02-17 10:00:00,27670.937881020585,6756.725233864191,20914.2126471564,15465.860544217689,0.1305,-7.200000000000001,127.2
2025-02-17 10:15:00,29106.79152194303,8416.57530861682,20690.216213326206,15604.477135879995,0.1305,-7.066666666666666,155.6
2025-02-17 10:30:00,34882.85770301547,13932.39901520999,20950.45868780548,16189.192176870749,0.1305,-7.000000000000001,182.8
2025-02-17 10:45:00,30881.187724637643,8895.063817463319,21986.12390717433,16115.49326007326,0.1305,-6.91111111111111,189.8
2025-02-17 11:00:00,28457.93532610536,7002.695470311392,21455.239855793963,16102.732539682542,0.1305,-6.733333333333332,238.4
2025-02-17 11:15:00,28405.447941954528,6334.958607724112,22070.489334230413,15653.770158730156,0.1305,-6.600000000000001,275.0
2025-02-17 11:30:00,29522.43345264349,6817.7371565114,22704.69629613209,15625.820634920634,0.1305,-6.355555555555556,283.4
2025-02-17 11:45:00,29988.876496734832,6440.491287886248,23548.385208848584,15932.775555555554,0.1305,-6.033333333333333,467.2
2025-02-17 12:00:00,31505.701494216933,6718.7509565180335,24786.950537698893,15820.719682539682,0.1305,-6.300000000000001,388.6
2025-02-17 12:15:00,30823.17859565949,5596.029231048178,25227.149364611312,15757.234603174604,0.1305,-6.5,274.0
2025-02-17 12:30:00,31028.47828928709,5545.077352200355,25483.40093708673,15890.929999999997,0.1305,-6.5,275.8
2025-02-17 12:45:00,33562.87018866884,7469.214941278756,26093.65524739009,16301.728571428572,0.1305,-6.200000000000002,252.4
2025-02-17 13:00:00,42404.303752226384,15558.730449000328,26845.573303226058,16124.860158730156,0.1305,-6.211111111111111,427.6
2025-02-17 13:15:00,43995.40377527377,17014.982463853223,26980.42131142054,15765.507301587304,0.1305,-6.211111111111111,232.0
2025-02-17 13:30:00,42297.66709350738,15292.35004726948,27005.317046237906,15938.399047619048,0.1305,-6.366666666666667,284.8
2025-02-17 13:45:00,41970.18497916999,15038.81963129532,26931.36534787466,16167.33492063492,0.1305,-6.377777777777778,527.8
2025-02-17 14:00:00,39908.455207798346,12519.602627105976,27388.852580692364,16963.285873015873,0.1305,-6.333333333333332,300.2
2025-02-17 14:15:00,51024.59419060899,3706.9054986929855,47317.688691916,16534.740476190473,0.1305,-6.388888888888889,286.8
2025-02-17 14:30:00,33845.33307130702,3255.581189070549,30589.751882236465,16942.24456538171,0.1305,-6.633333333333334,359.4
2025-02-17 14:45:00,30865.02239843297,2132.384819343473,28732.637579089496,16730.36055555555,0.1305,-6.911111111111111,334.4
2025-02-17 15:00:00,32846.06658525699,3162.355701001989,29683.710884255,16892.64574074074,0.1305,-6.91111111111111,392.0
2025-02-17 15:15:00,40204.43631897766,12065.227342974282,28139.20897600337,16374.206851851852,0.1305,-7.055555555555555,172.4
2025-02-17 15:30:00,52350.91153960047,25112.45955199304,27238.45198760744,15658.394444444444,0.1305,-7.2555555555555555,114.6
2025-02-17 15:45:00,42352.48437836489,16394.447619315066,25958.036759049817,14895.501481481484,0.1305,-6.833333333333333,183.6
2025-02-17 16:00:00,39982.277019190704,14434.891366860997,25547.385652329704,15468.68537037037,0.1305,-7.177777777777777,115.6
2025-02-17 16:15:00,39423.94931056475,14451.31422059875,24972.635089965992,15558.456666666663,0.1305,-7.344444444444444,67.2
2025-02-17 16:30:00,43624.20442625642,19481.806581372188,24142.397844884243,15788.381851851853,0.1305,-7.588888888888889,68.4
2025-02-17 16:45:00,42613.9063979786,19642.71571650067,22971.19068147793,15901.990555555558,0.1305,-7.7666666666666675,42.0
2025-02-17 17:00:00,45984.8459175447,23803.844550791586,22181.00136675312,15831.317407407409,0.1305,-7.833333333333333,22.4
2025-02-17 17:15:00,49667.04893005564,28101.715760153034,21565.3331699026,15637.520370370368,0.1305,-7.666666666666667,18.2
2025-02-17 17:30:00,74086.61841120828,52464.25207843697,21622.36633277131,15131.087037037038,0.1305,-7.877777777777778,7.4
2025-02-17 17:45:00,47758.97711940804,25885.282892545,21873.69422686304,14470.96185185185,0.1305,-8.233333333333333,0.0
2025-02-17 18:00:00,48101.27527138926,26446.83893979423,21654.436331595032,13965.00925925926,0.1305,-8.222222222222221,0.0
2025-02-17 18:15:00,85537.61200416974,64534.17178859611,21003.440215573613,13495.452962962963,0.1305,-8.344444444444443,0.0
2025-02-17 18:30:00,78790.0782041467,57984.63894758691,20805.43925655981,13456.173148148147,0.1305,-8.444444444444445,0.0
2025-02-17 18:45:00,105965.5238565357,84724.69704034204,21240.82681619365,12753.491481481478,0.1305,-8.555555555555555,0.0
2025-02-17 19:00:00,77882.56259934614,56606.2741222976,21276.288477048533,11720.073148148149,0.1305,-8.7,0.0
2025-02-17 19:15:00,85479.15439435572,64630.75407074954,20848.400323606176,11719.797037037037,0.1305,-8.722222222222221,0.0
2025-02-17 19:30:00,82651.02943563579,61445.60321704873,21205.426218587065,12990.112222222224,0.1305,-8.844444444444443,0.0
2025-02-17 19:45:00,83478.30651161114,62273.46854618853,21204.837965422605,13668.418518518518,0.1305,-8.944444444444445,0.0
2025-02-17 20:00:00,99270.5999094559,77884.73687845506,21385.86303100084,14902.826481481476,0.1305,-9.022222222222224,0.0
2025-02-17 20:15:00,83629.88731848517,61911.53590790067,21718.35141058448,15412.799629629628,0.1305,-9.166666666666666,0.0
2025-02-17 20:30:00,91410.00039352312,69761.05049789457,21648.94989562853,15785.405185185184,0.1305,-9.166666666666666,0.0
2025-02-17 20:45:00,90158.15428522072,68843.17598047665,21314.97830474409,15647.189814814816,0.1305,-9.155555555555557,0.0
2025-02-17 21:00:00,82916.94452937013,61819.68748720632,21097.2570421638,15736.852037037035,0.1305,-9.144444444444446,0.0
2025-02-17 21:15:00,107708.93550314888,86503.68013657755,21205.25536657133,15354.899629629625,0.1305,-9.155555555555557,0.0
2025-02-17 21:30:00,83012.756341797,61459.27630773162,21553.48003406538,15369.376851851855,0.1305,-9.288888888888888,0.0
2025-02-17 21:45:00,92107.97396785916,70556.03208739014,21551.941880469032,15408.486851851849,0.1305,-9.477777777777778,0.0
2025-02-17 22:00:00,89596.2019814453,68873.11821286984,20723.083768575463,15308.95259259259,0.1305,-9.622222222222222,0.0
2025-02-17 22:15:00,80330.07662148264,60525.23445117985,19804.8421703028,15327.36574074074,0.1305,-9.711111111111112,0.0
2025-02-17 22:30:00,88759.4747413031,68743.6731527551,20015.801588547984,15271.680925925926,0.1305,-9.8,0.0
2025-02-17 22:45:00,84957.84636055418,63676.693729489474,21281.15263106472,15054.52833333333,0.1305,-9.88888888888889,0.0
2025-02-17 23:00:00,92864.61333212956,71332.5223157692,21532.09101636036,15033.001111111114,0.1305,-10.088888888888889,0.0
2025-02-17 23:15:00,87984.97074160416,67070.53925879666,20914.43148280749,14959.870185185187,0.1305,-10.122222222222222,0.0
2025-02-17 23:30:00,83341.04290501476,62905.58528673295,20435.457618281816,14904.7112962963,0.1305,-10.233333333333333,0.0
2025-02-17 23:45:00,79961.61169592991,58966.40047749095,20995.211218438977,14847.44351851852,0.1305,-10.266666666666667,0.0
2025-02-18 00:00:00,91162.21651195594,70066.21246361196,21096.00404834396,14880.622222222222,0.0249,-10.288888888888888,0.0
2025-02-18 00:15:00,93573.03653005128,72411.79129910386,21161.24523094743,15091.5237037037,0.0249,-10.244444444444444,0.0
2025-02-18 00:30:00,83734.42437428496,62319.47764348241,21414.946730802563,15187.210555555555,0.0249,-10.3,0.0
2025-02-18 00:45:00,88730.50624816256,68200.97638638606,20529.529861776507,14974.477962962965,0.0249,-10.366666666666667,0.0
2025-02-18 01:00:00,79712.63538230545,59253.087666664695,20459.54771564076,15085.045555555553,0.0249,-10.444444444444445,0.0
2025-02-18 01:15:00,85096.11132472011,64346.5170192174,20749.594305502706,14847.839999999998,0.0249,-10.477777777777778,0.0
2025-02-18 01:30:00,85396.45313057162,64766.97273806635,20629.480392505266,14461.092037037037,0.0249,-10.5,0.0
2025-02-18 01:45:00,81399.43320934982,61092.48828896637,20306.94492038347,14508.665185185186,0.0249,-10.566666666666666,0.0
2025-02-18 02:00:00,82629.27312350851,62499.055523601215,20130.217599907293,14488.916666666666,0.0249,-10.699999999999998,0.0
2025-02-18 02:15:00,74840.13041966688,54611.30518804904,20228.82523161784,14466.407222222224,0.0249,-10.77777777777778,0.0
2025-02-18 02:30:00,75034.20259660408,55045.081997196525,19989.12059940756,14556.327592592594,0.0249,-10.877777777777776,0.0
2025-02-18 02:45:00,77031.69499414391,57116.99175950462,19914.703234639284,14475.052962962964,0.0249,-10.811111111111112,0.0
2025-02-18 03:00:00,77600.35393745001,57746.79660380394,19853.55733364607,14516.48759259259,0.0249,-10.966666666666669,0.0
2025-02-18 03:15:00,82890.43444098494,63384.08677703312,19506.34766395184,14597.214444444442,0.0249,-11.055555555555555,0.0
2025-02-18 03:30:00,74277.69663778941,54824.90517405735,19452.791463732083,14978.970925925923,0.0249,-10.955555555555556,0.0
2025-02-18 03:45:00,72623.69413293424,52783.18267190391,19840.511461030324,16283.245925925929,0.0249,-11.08888888888889,0.0
2025-02-18 04:00:00,70354.12170443771,50675.098612911184,19679.023091526524,15460.409444444444,0.0249,-11.211111111111112,0.0
2025-02-18 04:15:00,75797.81977995716,56557.86204914768,19239.95773080949,16064.92037037037,0.0249,-11.044444444444444,0.0
2025-02-18 04:30:00,82347.96528546157,63327.72135835204,19020.24392710954,16013.60240740741,0.0249,-11.211111111111112,0.0
2025-02-18 04:45:00,74696.80535896675,55048.55811953023,19648.24723943652,15869.864814814811,0.0249,-11.22222222222222,0.0
2025-02-18 05:00:00,69246.93014213817,49420.48811398277,19826.442028155405,15977.176296296297,0.0249,-11.27777777777778,0.0
2025-02-18 05:15:00,64770.79149957867,45307.917388411646,19462.87411116703,15604.05759259259,0.0249,-11.288888888888888,0.0
2025-02-18 05:30:00,64998.348404124095,46195.8962107956,18802.45219332849,14904.891851851851,0.0249,-11.31111111111111,0.0
2025-02-18 05:45:00,68081.14325311131,49563.55814920136,18517.585103909965,14208.445555555554,0.0249,-11.288888888888888,0.0
2025-02-18 06:00:00,65493.82155272386,47231.610135955154,18262.21141676872,13756.765370370367,0.0249,-11.322222222222225,0.0
2025-02-18 06:15:00,58134.16616550548,40313.90329907518,17820.262866430297,13375.38,0.0249,-11.322222222222225,0.0
2025-02-18 06:30:00,69622.04384119359,51032.15099537596,18589.892845817645,13194.515185185184,0.0249,-11.266666666666667,0.0
2025-02-18 06:45:00,73518.91814789055,55307.38472441033,18211.53342348023,13254.813333333334,0.0249,-11.233333333333333,0.0
2025-02-18 07:00:00,102639.84390812616,84004.61132490201,18635.23258322415,13587.4437037037,0.0249,-11.322222222222225,6.4
2025-02-18 07:15:00,83756.62067568881,65631.63439627744,18124.98627941139,13365.78018518519,0.0249,-11.38888888888889,19.0
2025-02-18 07:30:00,67122.19537677802,48484.43206347378,18637.76331330424,13030.163703703704,0.0249,-11.333333333333334,37.2
2025-02-18 07:45:00,65938.81972525424,46303.47244581067,19635.347279443577,13514.574814814814,0.0249,-11.211111111111112,57.0
2025-02-18 08:00:00,61922.56350614884,41750.92964353836,20171.63386261048,14102.177037037036,0.1305,-11.133333333333333,134.6
2025-02-18 08:15:00,71944.38661477996,51058.52436745456,20885.862247325404,14489.32240740741,0.1305,-10.955555555555556,111.6
2025-02-18 08:30:00,79266.35308914167,57366.01776157164,21900.33532757003,13353.393888888886,0.1305,-10.8,173.4
2025-02-18 08:45:00,61622.84385716533,39293.167956802514,22329.675900362825,13891.296666666663,0.1305,-10.677777777777775,219.8
2025-02-18 09:00:00,32273.43682870831,6664.34097392559,25609.09585478272,14635.228703703702,0.1305,-10.566666666666666,196.4
2025-02-18 09:15:00,28668.92529489789,5668.116254145291,23000.8090407526,14703.294444444442,0.1305,-10.433333333333334,230.8
2025-02-18 09:30:00,28888.33185504365,6494.7769878355575,22393.55486720809,15221.248333333337,0.1305,-10.27777777777778,163.8
2025-02-18 09:45:00,30331.89471611145,8146.157293567418,22185.73742254404,15405.657777777778,0.1305,-10.333333333333334,244.2
2025-02-18 10:00:00,28743.15685566724,6021.69273868042,22721.46411698681,15517.41648148148,0.1305,-10.088888888888889,358.4
2025-02-18 10:15:00,30233.173804701502,6666.900453175919,23566.27335152558,15418.491296296295,0.1305,-10.055555555555555,415.0
2025-02-18 10:30:00,31316.460659680302,6708.65664343076,24607.80401624955,15412.275370370371,0.1305,-9.8,419.8
2025-02-18 10:45:00,30776.18913524992,4799.384486446477,25976.80464880344,15400.69277777778,0.1305,-9.7,473.0
2025-02-18 11:00:00,29291.37351119554,2009.232943405722,27282.140567789826,15225.859444444446,0.1305,-9.344444444444443,521.8
2025-02-18 11:15:00,32067.52391163432,1652.983622409898,30414.540289224424,15324.327777777778,0.1305,-9.055555555555555,569.6
2025-02-18 11:30:00,33901.805151786335,3641.70003682624,30260.105114960097,15282.56925925926,0.1305,-8.88888888888889,465.8
2025-02-18 11:45:00,44089.58597030458,14138.319314921218,29951.26665538336,15027.709259259262,0.1305,-8.577777777777776,545.0
2025-02-18 12:00:00,52371.256866554206,1452.396683736133,50918.86018281807,14840.005925925929,0.1305,-8.444444444444445,592.0
2025-02-18 12:15:00,39093.26408129021,352.646415200752,38740.617666089456,14547.915555555555,0.1305,-8.377777777777778,499.4
2025-02-18 12:30:00,55248.96003853927,22405.69137129793,32843.26866724135,14758.067962962965,0.1305,-8.555555555555555,387.2
2025-02-18 12:45:00,56090.90215836602,24088.54889871025,32002.353259655767,14784.661111111112,0.1305,-8.055555555555555,561.8
2025-02-18 13:00:00,42047.56366335043,547.6364123077467,41499.92725104268,15171.660740740745,0.1305,-8.033333333333335,517.4
2025-02-18 13:15:00,34744.175777258155,479.1139979016299,34265.06177935652,15324.529444444444,0.1305,-7.833333333333333,524.0
2025-02-18 13:30:00,33157.14661002215,1349.0160531346428,31808.130556887507,15529.994814814816,0.1305,-7.622222222222222,420.4
2025-02-18 13:45:00,33690.48962534325,2451.945985311052,31238.5436400322,16107.153148148149,0.1305,-7.588888888888889,506.8
2025-02-18 14:00:00,33035.01905122139,2371.9556296967367,30663.063421524643,15930.826666666666,0.1305,-7.566666666666666,275.6
2025-02-18 14:15:00,41415.85480767908,11495.940500645307,29919.91430703377,15969.183703703698,0.1305,-7.411111111111111,291.2
2025-02-18 14:30:00,54661.96079058354,25028.054976298223,29633.90581428532,15955.929074074078,0.1305,-7.044444444444444,322.6
2025-02-18 14:45:00,47521.152528375314,19249.77473817976,28271.37779019556,15753.979259259257,0.1305,-7.377777777777778,361.0
2025-02-18 15:00:00,35033.76398712633,2795.8824382407747,32237.88154888556,15555.37777777778,0.1305,-7.011111111111109,504.2
2025-02-18 15:15:00,37404.7421524,1982.024069402461,35422.71808299753,15456.037037037036,0.1305,-7.177777777777777,274.6
2025-02-18 15:30:00,32407.294278949943,4517.518619853021,27889.77565909692,15119.038703703704,0.1305,-7.044444444444444,265.8
2025-02-18 15:45:00,55808.91373711324,28731.34604967998,27077.567687433253,15049.738888888887,0.1305,-7.077777777777779,380.6
2025-02-18 16:00:00,50702.290519067945,23540.30383802086,27161.98668104708,15367.927962962964,0.1305,-7.066666666666666,131.6
2025-02-18 16:15:00,50835.66502876666,24647.588290046813,26188.07673871985,15104.612407407409,0.1305,-7.1000000000000005,85.2
2025-02-18 16:30:00,49678.37405423005,25103.786747232192,24574.58730699786,15232.225185185183,0.1305,-7.300000000000001,54.6
2025-02-18 16:45:00,63725.09890539552,40362.65256994636,23362.44633544916,15188.809629629632,0.1305,-7.455555555555555,40.8
2025-02-18 17:00:00,94374.9861892108,70928.88240109141,23446.10378811941,14910.379814814814,0.1305,-7.611111111111111,33.0
2025-02-18 17:15:00,66679.21347649537,43685.47571384969,22993.73776264567,14672.97574074074,0.1305,-7.7666666666666675,15.6
2025-02-18 17:30:00,49066.7631723416,26444.533056275108,22622.230116066494,14804.230185185184,0.1305,-7.822222222222223,4.6
2025-02-18 17:45:00,44470.83346048122,21320.499048010064,23150.334412471155,14454.62351851852,0.1305,-7.922222222222221,0.0
2025-02-18 18:00:00,107946.04286579594,86641.46753759083,21304.575328205123,13882.204814814815,0.1305,-8.100000000000001,0.0
2025-02-18 18:15:00,105367.26627828804,84161.30322260624,21205.963055681823,13284.78425925926,0.1305,-8.311111111111112,0.0
2025-02-18 18:30:00,91289.12468445786,69607.76793309842,21681.35675135942,13225.88777777778,0.1305,-8.377777777777778,0.0
2025-02-18 18:45:00,76932.86702786294,54470.967887584,22461.89914027895,13001.865925925924,0.1305,-8.555555555555555,0.0
2025-02-18 19:00:00,80417.8640631031,59622.32857209442,20795.535491008683,12029.767407407404,0.1305,-8.61111111111111,0.0
2025-02-18 19:15:00,86157.17813241326,65644.9460751041,20512.232057309186,11523.871851851856,0.1305,-8.666666666666666,0.0
2025-02-18 19:30:00,95974.53213120984,75280.07002716891,20694.46210404091,12458.552037037036,0.1305,-8.666666666666666,0.0
2025-02-18 19:45:00,86594.40971222083,65572.12345757068,21022.28625465016,13560.407037037035,0.1305,-8.744444444444447,0.0
2025-02-18 20:00:00,86152.21846193016,62423.93210432233,23728.286357607834,14800.54814814815,0.1305,-8.722222222222221,0.0
2025-02-18 20:15:00,86092.24923556329,65252.46096618952,20839.788269373745,15325.499814814815,0.1305,-8.711111111111112,0.0
2025-02-18 20:30:00,87645.39632479187,67040.3358722673,20605.060452524605,15488.843148148146,0.1305,-8.68888888888889,0.0
2025-02-18 20:45:00,88601.47952432245,67925.96696707486,20675.512557247603,15433.422777777778,0.1305,-8.722222222222221,0.0
2025-02-18 21:00:00,88823.1240668703,68040.62152130966,20782.50254556064,15462.266851851851,0.1305,-8.833333333333334,0.0
2025-02-18 21:15:00,83625.77079204879,62896.74998652237,20729.020805526423,15472.953703703706,0.1305,-8.866666666666667,0.0
2025-02-18 21:30:00,90027.03621419377,67248.65074460344,22778.385469590303,15362.05314814815,0.1305,-8.944444444444445,0.0
2025-02-18 21:45:00,89309.66633644872,68719.82575038607,20589.840586062648,15722.052037037036,0.1305,-8.955555555555556,0.0
2025-02-18 22:00:00,95244.8568241327,75108.49463349395,20136.36219063873,15380.730185185186,0.1305,-8.955555555555556,0.0
2025-02-18 22:15:00,93364.7472545423,72918.44223393832,20446.305020603995,15226.79851851852,0.1305,-9.0,0.0
2025-02-18 22:30:00,90905.41328941644,70023.85812674332,20881.5551626731,15107.376851851855,0.1305,-8.977777777777778,0.0
2025-02-18 22:45:00,95297.63005054896,71511.9118788162,23785.71817173275,15113.31796296296,0.1305,-8.899999999999999,0.0
2025-02-18 23:00:00,92620.2392778605,71977.80892207603,20642.43035578448,14940.075,0.1305,-8.944444444444445,0.0
2025-02-18 23:15:00,100371.24528640666,79832.59015453681,20538.65513186982,14878.683333333334,0.1305,-8.922222222222222,0.0
2025-02-18 23:30:00,92402.40007409683,72052.67109545619,20349.728978640647,14777.382962962962,0.1305,-8.944444444444445,0.0
2025-02-18 23:45:00,94226.449170368,73472.5348772378,20753.91429313021,14870.380185185184,0.1305,-9.011111111111113,0.0
2025-02-19 00:00:00,94082.015650665,73344.55239285975,20737.46325780525,14804.323888888888,0.0249,-9.166666666666666,0.0
2025-02-19 00:15:00,100113.8893608552,79211.66642544816,20902.222935407048,14966.879259259258,0.0249,-9.11111111111111,0.0
2025-02-19 00:30:00,89733.07932376965,68980.34382590074,20752.735497868915,14936.201111111111,0.0249,-9.055555555555555,0.0
2025-02-19 00:45:00,90797.6490466959,69563.7515040101,21233.897542685783,14897.811111111112,0.0249,-9.155555555555557,0.0
2025-02-19 01:00:00,83966.15912197031,64000.02621931387,19966.13290265644,15018.492037037033,0.0249,-9.333333333333334,0.0
2025-02-19 01:15:00,77732.39844178538,57714.63665917908,20017.761782606303,14599.927962962962,0.0249,-9.511111111111113,0.0
2025-02-19 01:30:00,76146.28807471336,55918.97413690341,20227.31393780995,14323.70851851852,0.0249,-9.633333333333333,0.0
2025-02-19 01:45:00,74754.08684814278,54190.212146497695,20563.874701645065,14181.954814814815,0.0249,-9.766666666666667,0.0
2025-02-19 02:00:00,76709.1788878621,56784.06207910329,19925.11680875881,14307.510555555556,0.0249,-9.77777777777778,0.0
2025-02-19 02:15:00,72209.75228858559,52090.300285755984,20119.45200282961,14285.96351851852,0.0249,-9.8,0.0
2025-02-19 02:30:00,70902.06542037691,50745.40792799622,20156.65749238071,14376.169629629629,0.0249,-9.744444444444444,0.0
2025-02-19 02:45:00,68909.54032915235,48737.45982058864,20172.08050856371,14332.400740740744,0.0249,-9.68888888888889,0.0
2025-02-19 03:00:00,72926.12692287959,52983.79312109875,19942.33380178085,14312.906666666668,0.0249,-9.766666666666667,0.0
2025-02-19 03:15:00,77286.35528352961,54455.01365418695,22831.34162934266,14495.319444444443,0.0249,-9.766666666666667,0.0
2025-02-19 03:30:00,69893.17310111408,46768.17496581147,23124.998135302605,14491.353888888889,0.0249,-9.788888888888888,0.0
2025-02-19 03:45:00,70131.37253850298,46607.42053734602,23523.95200115696,14707.307037037035,0.0249,-9.711111111111112,0.0
2025-02-19 04:00:00,66700.4536970896,42912.01536170935,23788.43833538026,14850.46833333333,0.0249,-9.77777777777778,0.0
2025-02-19 04:15:00,74638.70895141443,51483.32423539243,23155.384716022007,14939.203333333337,0.0249,-9.77777777777778,0.0
2025-02-19 04:30:00,75548.45800375743,52707.68968959269,22840.76831416476,15187.7,0.0249,-9.833333333333334,0.0
2025-02-19 04:45:00,66744.5688088824,46851.79378242388,19892.77502645849,15300.107037037038,0.0249,-9.744444444444444,0.0
2025-02-19 05:00:00,63172.367258285565,43559.62595061323,19612.74130767233,15724.209259259254,0.0249,-9.81111111111111,0.0
2025-02-19 05:15:00,60282.539108969846,41012.13182162953,19270.407287340324,16027.56537037037,0.0249,-9.744444444444444,0.0
2025-02-19 05:30:00,69944.22759787062,50581.57754046565,19362.650057404968,14865.24722222222,0.0249,-9.733333333333333,0.0
2025-02-19 05:45:00,64958.93896670283,46167.091232955936,18791.847733746898,14249.814814814816,0.0249,-9.77777777777778,0.0
2025-02-19 06:00:00,60221.45818089483,41829.004819268215,18392.45336162662,13927.634814814815,0.0249,-9.766666666666667,0.0
2025-02-19 06:15:00,63228.59159472217,45029.29636161086,18199.295233111305,13524.33296296296,0.0249,-9.655555555555557,0.0
2025-02-19 06:30:00,62869.43474081351,44362.54338477676,18506.891356036736,13381.451296296298,0.0249,-9.655555555555557,0.0
2025-02-19 06:45:00,66732.62760641793,47562.05163559507,19170.575970822865,13632.970370370367,0.0249,-9.644444444444444,0.0
2025-02-19 07:00:00,73380.33949453165,54328.42017951847,19051.919315013187,13508.324814814814,0.0249,-9.555555555555555,0.0
2025-02-19 07:15:00,70254.69490847902,48154.80715239773,22099.88775608129,12981.780925925925,0.0249,-9.855555555555558,9.6
2025-02-19 07:30:00,76045.16140429271,52280.43129125871,23764.730113034013,12723.38925925926,0.0249,-9.966666666666669,21.4
2025-02-19 07:45:00,72151.49137699533,51562.35694957619,20589.134427419143,12848.08388888889,0.0249,-9.955555555555556,37.0
2025-02-19 08:00:00,90838.09020672596,69597.18514447272,21240.90506225325,14143.918703703705,0.1305,-9.966666666666669,51.2
2025-02-19 08:15:00,95642.82619926627,75176.47713291066,20466.34906635561,14720.95925925926,0.1305,-9.933333333333334,71.0
2025-02-19 08:30:00,66213.91735324722,45166.43131427596,21047.486038971267,14010.934259259258,0.1305,-9.844444444444443,97.0
2025-02-19 08:45:00,61611.46734207305,40158.04297066236,21453.424371410674,13988.649629629626,0.1305,-9.744444444444444,123.4
2025-02-19 09:00:00,57691.43740161536,36478.41805566632,21213.01934594904,14787.821481481484,0.1305,-9.477777777777778,135.2
2025-02-19 09:15:00,30212.91570811022,8795.430426182917,21417.485281927307,15405.019629629627,0.1305,-9.411111111111111,138.0
2025-02-19 09:30:00,28837.67059794365,7658.825230299583,21178.84536764408,15871.758148148148,0.1305,-9.444444444444445,156.0
2025-02-19 09:45:00,29455.84742557084,8720.168301692363,20735.67912387848,15254.811481481482,0.1305,-9.31111111111111,153.0
2025-02-19 10:00:00,31605.778159986643,10303.119643079142,21302.658516907497,14894.118333333334,0.1305,-9.355555555555556,184.0
2025-02-19 10:15:00,30214.900621390727,8333.382086830912,21881.518534559826,14679.461666666664,0.1305,-9.377777777777778,218.0
2025-02-19 10:30:00,31697.46110086579,10070.092059144588,21627.3690417212,15423.167222222224,0.1305,-9.744444444444444,200.4
2025-02-19 10:45:00,40521.375541553694,18767.74819082373,21753.62735072996,14779.27759259259,0.1305,-9.8,256.8
2025-02-19 11:00:00,43398.78854656236,21558.219526672,21840.569019890365,14895.985370370368,0.1305,-9.5,347.8
2025-02-19 11:15:00,44861.433481822045,22002.348264803742,22859.08521701829,15168.506851851853,0.1305,-8.855555555555556,419.6
2025-02-19 11:30:00,44924.41561899737,20740.031190971487,24184.38442802588,15341.714629629629,0.1305,-8.377777777777778,525.6
2025-02-19 11:45:00,45593.380286483465,20701.097636144405,24892.28265033905,15220.803888888891,0.1305,-8.655555555555557,511.2
2025-02-19 12:00:00,46095.58437140814,20810.396383540152,25285.187987868,15503.844814814816,0.1305,-8.299999999999999,277.8
2025-02-19 12:15:00,43273.53816595754,17765.46494437012,25508.07322158743,15955.922592592591,0.1305,-7.955555555555555,386.2
2025-02-19 12:30:00,32078.90093656482,2496.5219716352344,29582.378964929583,16021.516481481483,0.1305,-7.533333333333333,566.8
2025-02-19 12:45:00,38249.74410089927,1212.151252936019,37037.59284796325,15716.23462962963,0.1305,-8.344444444444443,199.4
2025-02-19 13:00:00,29939.799348306977,1193.1671715637167,28746.63217674326,15440.347037037036,0.1305,-8.044444444444444,421.2
2025-02-19 13:15:00,29439.095938245908,1696.6201193628106,27742.475818883097,15474.689444444442,0.1305,-7.522222222222221,432.2
2025-02-19 13:30:00,32006.256274558404,5404.974263699269,26601.28201085914,15182.531666666668,0.1305,-7.611111111111111,313.0
2025-02-19 13:45:00,32440.69952128568,5614.168787544865,26826.53073374082,15374.179074074074,0.1305,-7.611111111111111,426.8
2025-02-19 14:00:00,34489.780612350296,7647.730920573066,26842.049691777225,14829.803518518516,0.1305,-7.433333333333334,387.2
2025-02-19 14:15:00,34924.49318521445,2576.252825620488,32348.24035959396,14873.497407407409,0.1305,-6.677777777777777,644.4
2025-02-19 14:30:00,31391.888518900403,4682.135535338184,26709.75298356221,14671.241111111112,0.1305,-7.255555555555556,265.4
2025-02-19 14:45:00,46588.94503246012,19971.73355437199,26617.211478088127,15167.237592592594,0.1305,-7.333333333333333,502.0
2025-02-19 15:00:00,44755.214904690685,16945.998113048634,27809.216791642044,14713.636111111113,0.1305,-6.888888888888888,334.6
2025-02-19 15:15:00,49338.25090237767,827.2919896998043,48510.95891267787,14231.63796296296,0.1305,-6.1000000000000005,385.0
2025-02-19 15:30:00,30836.718102980805,3294.588994940272,27542.12910804053,14612.30425925926,0.1305,-6.5,168.2
2025-02-19 15:45:00,31251.55437532348,5225.745720575804,26025.80865474767,15058.128333333334,0.1305,-6.366666666666667,289.4
2025-02-19 16:00:00,52809.748228662495,26286.30235525528,26523.445873407225,15194.529074074071,0.1305,-6.1000000000000005,174.0
2025-02-19 16:15:00,51556.46208524675,25042.727311911967,26513.73477333477,14832.345740740742,0.1305,-6.4444444444444455,145.4
2025-02-19 16:30:00,45874.62028039224,19855.856090249672,26018.76419014258,14732.01296296296,0.1305,-6.788888888888888,104.2
2025-02-19 16:45:00,45338.15778547052,20035.89839518068,25302.25939028984,14354.382407407407,0.1305,-6.877777777777776,64.0
2025-02-19 17:00:00,47210.28928911564,21922.30914788476,25287.980141230884,13866.65074074074,0.1305,-7.055555555555555,31.0
2025-02-19 17:15:00,52567.79863843215,28919.732154938418,23648.06648349373,14013.973703703705,0.1305,-6.944444444444445,17.0
2025-02-19 17:30:00,49474.95046275678,26062.155696408263,23412.79476634852,13883.577407407409,0.1305,-7.000000000000001,2.8
2025-02-19 17:45:00,57220.27184711471,34297.02219664378,22923.249650470923,13768.145185185189,0.1305,-6.944444444444445,0.0
2025-02-19 18:00:00,51496.15241476711,28635.18287108856,22860.96954367854,13385.53388888889,0.1305,-7.000000000000001,0.0
2025-02-19 18:15:00,49263.01700416616,26775.5191020078,22487.49790215836,13023.544814814812,0.1305,-7.1000000000000005,0.0
2025-02-19 18:30:00,49633.57869268899,27596.930391977712,22036.648300711266,12598.924629629628,0.1305,-7.1000000000000005,0.0
2025-02-19 18:45:00,56371.445663062674,34314.70526470404,22056.74039835864,11894.142592592592,0.1305,-7.222222222222222,0.0
2025-02-19 19:00:00,51670.53554429196,29987.786994303464,21682.748549988493,10581.951851851853,0.1305,-7.333333333333333,0.0
2025-02-19 19:15:00,51639.4446694786,29942.566673101508,21696.87799637709,10625.94240740741,0.1305,-7.311111111111111,0.0
2025-02-19 19:30:00,94161.35437295718,72333.0413830983,21828.31298985885,11774.993333333332,0.1305,-7.022222222222222,0.0
2025-02-19 19:45:00,86855.52684475746,65345.23618049896,21510.2906642585,12857.924629629631,0.1305,-6.833333333333333,0.0
2025-02-19 20:00:00,83127.1856568185,61693.49523419761,21433.69042262087,14095.562592592592,0.1305,-7.033333333333333,0.0
2025-02-19 20:15:00,80756.54943069625,59323.24677398521,21433.302656711043,14677.833703703704,0.1305,-7.077777777777779,0.0
2025-02-19 20:30:00,80817.39182621606,59612.83634838124,21204.55547783481,15004.001111111114,0.1305,-7.255555555555556,0.0
2025-02-19 20:45:00,81054.85507637542,59917.435804245295,21137.419272130133,14909.769629629627,0.1305,-7.311111111111111,0.0
2025-02-19 21:00:00,91402.5271445945,69889.81297693512,21512.71416765935,14886.177407407407,0.1305,-7.277777777777778,0.0
2025-02-19 21:15:00,89186.57017645772,67599.19279541697,21587.37738104073,14825.803703703705,0.1305,-7.333333333333333,0.0
2025-02-19 21:30:00,90230.4941530772,68913.64212810494,21316.852024972264,14887.371851851853,0.1305,-7.2666666666666675,0.0
2025-02-19 21:45:00,85648.09624392241,64137.39535995972,21510.700883962683,14777.339444444444,0.1305,-7.377777777777778,0.0
2025-02-19 22:00:00,87078.59347444144,65604.5952555142,21473.99821892724,14932.325925925928,0.1305,-7.444444444444445,0.0
2025-02-19 22:15:00,90327.25098624696,68934.68753441163,21392.563451835365,14907.99851851852,0.1305,-7.344444444444444,0.0
2025-02-19 22:30:00,87457.57908562256,65948.4058875814,21509.17319804117,15443.875,0.1305,-7.444444444444445,0.0
2025-02-19 22:45:00,91593.35404469608,70038.07991442452,21555.27413027157,15031.616851851852,0.1305,-7.666666666666667,0.0
2025-02-19 23:00:00,87852.59292845275,66540.60720800434,21311.985720448407,14739.19648148148,0.1305,-7.722222222222222,0.0
2025-02-19 23:15:00,89175.62299217291,66810.89971415146,22364.72327802145,14779.952592592592,0.1305,-7.744444444444444,0.0
2025-02-19 23:30:00,94399.00193377244,72389.81297759096,22009.18895618146,14768.746111111112,0.1305,-7.933333333333334,0.0
2025-02-19 23:45:00,88796.16627719795,66843.61955420871,21952.546722989257,14846.823333333332,0.1305,-8.055555555555555,0.0
2025-02-20 00:00:00,88319.48631649678,65997.41779800129,22322.06851849548,14690.15425925926,0.0249,-8.100000000000001,0.0
2025-02-20 00:15:00,88566.79397839964,66546.57709319383,22020.21688520581,14731.230370370373,0.0249,-8.177777777777777,0.0
2025-02-20 00:30:00,91237.80656943428,69633.36484061099,21604.44172882332,14726.078333333331,0.0249,-8.133333333333333,0.0
2025-02-20 00:45:00,92734.06836117052,70969.34015681845,21764.728204352064,14859.013703703704,0.0249,-8.411111111111111,0.0
2025-02-20 01:00:00,88115.32822355822,66511.6613178834,21603.66690567481,14766.266481481483,0.0249,-8.52222222222222,0.0
2025-02-20 01:15:00,88463.05509136729,67057.11302356831,21405.942067798973,13277.307222222224,0.0249,-8.711111111111112,0.0
2025-02-20 01:30:00,87546.8066408378,66224.77152980745,21322.03511103036,12959.266111111114,0.0249,-8.733333333333333,0.0
2025-02-20 01:45:00,92292.6563487392,71155.27388102122,21137.382467717973,12956.103888888889,0.0249,-8.633333333333333,0.0
2025-02-20 02:00:00,93610.82725300212,72677.01983676532,20933.807416236825,12987.007037037038,0.0249,-8.899999999999999,0.0
2025-02-20 02:15:00,90654.28805074395,69588.79578823115,21065.492262512824,12950.055185185183,0.0249,-8.933333333333334,0.0
2025-02-20 02:30:00,89466.48725930441,68362.82039525983,21103.66686404457,12920.878703703704,0.0249,-9.0,0.0
2025-02-20 02:45:00,87271.25241310915,66205.97816895919,21065.27424414994,12992.75148148148,0.0249,-8.944444444444445,0.0
2025-02-20 03:00:00,91313.99224733404,70544.54165417988,20769.450593154168,13042.599814814816,0.0249,-8.944444444444445,0.0
2025-02-20 03:15:00,93720.44608827408,73006.66078830625,20713.78529996781,13081.288703703704,0.0249,-9.088888888888889,0.0
2025-02-20 03:30:00,81403.11453489964,60665.548496400006,20737.56603849964,12922.767407407404,0.0249,-9.144444444444446,0.0
2025-02-20 03:45:00,80642.84348020953,59585.63682001519,21057.206660194348,13052.006851851853,0.0249,-9.0,0.0
2025-02-20 04:00:00,80989.65564424956,59762.17298769548,21227.482656554093,13027.540925925929,0.0249,-8.866666666666667,0.0
2025-02-20 04:15:00,86435.176574584,65350.31241141995,21084.864163164024,13126.824444444448,0.0249,-8.766666666666666,0.0
2025-02-20 04:30:00,90507.8799031312,69654.22731975473,20853.65258337645,13151.997592592592,0.0249,-8.766666666666667,0.0
2025-02-20 04:45:00,82624.6411033866,61569.23772770677,21055.40337567984,13128.381666666666,0.0249,-8.766666666666667,0.0
2025-02-20 05:00:00,82252.874023567,61048.76192187243,21204.112101694554,13210.917407407407,0.0249,-8.922222222222222,0.0
2025-02-20 05:15:00,78942.90898390417,58347.04342022332,20595.86556368085,12634.299814814816,0.0249,-9.0,0.0
2025-02-20 05:30:00,79207.68761646881,58933.3507179171,20274.336898551708,12151.182592592591,0.0249,-9.011111111111113,0.0
2025-02-20 05:45:00,85622.82296350478,65492.120259518495,20130.70270398628,11261.98814814815,0.0249,-9.122222222222222,0.0
2025-02-20 06:00:00,78594.28209676035,58620.23715994818,19974.044936812177,11154.768518518518,0.0249,-8.844444444444443,0.0
2025-02-20 06:15:00,75853.16748976122,56142.470291035184,19710.697198726026,11202.60925925926,0.0249,-8.655555555555557,0.0
2025-02-20 06:30:00,72864.6342044842,53606.338412770296,19258.295791713907,11141.678703703708,0.0249,-8.8,0.0
2025-02-20 06:45:00,73365.13806718079,54314.20400676272,19050.93406041807,10934.998518518516,0.0249,-8.81111111111111,0.0
2025-02-20 07:00:00,78957.290535718,59603.368731563474,19353.921804154525,10865.565740740742,0.0249,-8.81111111111111,0.0
2025-02-20 07:15:00,79037.28112348555,59415.408618916415,19621.87250456913,10737.83611111111,0.0249,-8.81111111111111,10.0
2025-02-20 07:30:00,75972.94766523856,56263.32109006735,19709.62657517122,10781.203148148148,0.0249,-8.711111111111112,25.2
2025-02-20 07:45:00,72540.12482999802,52681.03660734145,19859.08822265659,11151.604814814817,0.0249,-8.855555555555554,37.6
2025-02-20 08:00:00,74937.10512587691,54625.368418689686,20311.73670718723,11857.741111111109,0.1305,-8.61111111111111,54.0
2025-02-20 08:15:00,93473.5782153731,72174.16021590018,21299.41799947292,11219.20740740741,0.1305,-8.68888888888889,71.4
2025-02-20 08:30:00,118642.59763251708,97939.35234415032,20703.245288366787,10998.312777777775,0.1305,-8.433333333333334,78.4
2025-02-20 08:45:00,80436.96200686785,59133.85524186489,21303.106765002954,11037.82277777778,0.1305,-8.277777777777779,109.4
2025-02-20 09:00:00,45939.50237816732,23877.88737174705,22061.61500642028,11071.855370370373,0.1305,-8.100000000000001,71.8
2025-02-20 09:15:00,43282.57632308328,21601.34888092837,21681.227442154915,11273.49722222222,0.1305,-7.844444444444444,110.8
2025-02-20 09:30:00,44083.51644142859,22516.4953000104,21567.0211414182,11251.066111111111,0.1305,-7.777777777777778,165.0
2025-02-20 09:45:00,45652.471821423154,23786.804449150943,21865.66737227222,10943.187962962964,0.1305,-7.777777777777778,194.2
2025-02-20 10:00:00,45481.34428216861,23221.859579904096,22259.484702264523,11156.015925925924,0.1305,-7.844444444444445,184.0
2025-02-20 10:15:00,46504.21143223459,24265.89071045866,22238.320721775934,11143.683148148144,0.1305,-7.633333333333335,126.0
2025-02-20 10:30:00,45023.85174975159,22827.00872728713,22196.84302246445,11180.182962962965,0.1305,-7.722222222222222,136.4
2025-02-20 10:45:00,44235.71628993474,21278.717902154072,22956.998387780663,11331.651111111112,0.1305,-7.911111111111113,296.4
2025-02-20 11:00:00,45611.84711751324,20832.54340789516,24779.303709618074,11357.407962962963,0.1305,-7.544444444444445,398.2
2025-02-20 11:15:00,43607.688850341845,17443.841462567958,26163.84738777389,11317.063148148149,0.1305,-7.133333333333332,553.8
2025-02-20 11:30:00,32010.410575661856,1731.1050614190328,30279.305514242824,11319.229259259258,0.1305,-6.933333333333334,511.4
2025-02-20 11:45:00,41704.64223330358,1122.4795594614334,40582.16267384214,11168.32092592593,0.1305,-7.133333333333332,419.2
2025-02-20 12:00:00,35451.44614701232,1031.9084193964238,34419.537727615905,11066.799444444445,0.1305,-7.033333333333333,333.0
2025-02-20 12:15:00,29806.36416884454,2402.269192065724,27404.09497677882,11140.624444444446,0.1305,-7.288888888888888,336.2
2025-02-20 12:30:00,29438.28382514011,2053.108801351043,27385.17502378907,11217.772592592592,0.1305,-6.977777777777778,326.4
2025-02-20 12:45:00,29298.20337644244,1730.4738056637882,27567.729570778647,11143.284814814817,0.1305,-7.1000000000000005,359.2
2025-02-20 13:00:00,31367.774567036788,3616.766520596239,27751.008046440547,11030.450370370369,0.1305,-7.033333333333333,407.0
2025-02-20 13:15:00,30795.57165168694,2895.0435151805327,27900.52813650641,11275.583703703704,0.1305,-7.055555555555555,366.0
2025-02-20 13:30:00,28725.38664646953,1289.8049675632358,27435.581678906303,11257.578148148148,0.1305,-7.133333333333334,274.2
2025-02-20 13:45:00,32314.656385688893,5027.93384763189,27286.722538057005,11018.349444444442,0.1305,-7.088888888888888,274.6
2025-02-20 14:00:00,50194.7832463281,23184.695790704875,27010.08745562323,11093.867962962964,0.1305,-6.9,227.0
2025-02-20 14:15:00,46718.1025581075,20619.098593573017,26099.003964534484,11176.879074074071,0.1305,-7.111111111111111,191.4
2025-02-20 14:30:00,42656.79848979058,17222.757243477387,25434.041246313187,10975.106481481484,0.1305,-7.000000000000001,163.0
2025-02-20 14:45:00,43105.91281503316,18105.69384827265,25000.2189667605,11067.972407407404,0.1305,-7.122222222222222,160.4
2025-02-20 15:00:00,42687.63785441187,18260.089387749755,24427.54846666212,10959.928333333335,0.1305,-7.211111111111112,157.0
2025-02-20 15:15:00,68484.51028004373,44659.24226107048,23825.26801897326,11011.160555555552,0.1305,-7.188888888888887,131.8
2025-02-20 15:30:00,49347.29200689195,25652.052858723247,23695.239148168715,11378.49648148148,0.1305,-7.244444444444444,100.8
2025-02-20 15:45:00,49273.83219900784,25893.04254001424,23380.7896589936,11149.92351851852,0.1305,-7.344444444444444,103.2
2025-02-20 16:00:00,51946.75918894279,29003.641901192324,22943.11728775047,11147.20777777778,0.1305,-7.388888888888889,81.2
2025-02-20 16:15:00,44109.42236972307,21198.854823858284,22910.56754586479,10889.770925925926,0.1305,-7.544444444444445,79.4
2025-02-20 16:30:00,47134.829933123714,24800.492109013,22334.33782411072,10769.762592592591,0.1305,-7.466666666666665,49.0
2025-02-20 16:45:00,87654.38470109976,65550.87643130378,22103.50826979597,10808.09722222222,0.1305,-7.399999999999999,28.4
2025-02-20 17:00:00,56802.34578625091,35096.614476779614,21705.731309471303,10789.055185185183,0.1305,-7.211111111111112,19.2
2025-02-20 17:15:00,44822.01779777092,22532.64548918974,22289.37230858118,10833.741851851852,0.1305,-7.255555555555556,9.0
2025-02-20 17:30:00,44800.31616451484,23676.75537011977,21123.560794395067,10663.536111111112,0.1305,-7.277777777777778,0.0
2025-02-20 17:45:00,48647.89278783594,27874.38054322768,20773.51224460826,10720.670555555558,0.1305,-7.311111111111111,0.0
2025-02-20 18:00:00,51503.98326100453,30928.067235728035,20575.916025276503,10746.826296296296,0.1305,-7.5,0.0
2025-02-20 18:15:00,103784.4654422425,80454.13569721775,23330.329745024737,10690.03037037037,0.1305,-7.677777777777777,0.0
2025-02-20 18:30:00,118717.33983104124,98630.97342917151,20086.3664018697,10763.284999999998,0.1305,-7.866666666666666,0.0
2025-02-20 18:45:00,80474.07750800652,60291.7127281147,20182.36477989184,11230.0612962963,0.1305,-7.888888888888889,0.0
2025-02-20 19:00:00,92786.10758504889,72533.11242323638,20252.99516181252,10761.075925925925,0.1305,-7.944444444444445,0.0
2025-02-20 19:15:00,81989.89773836799,61658.55041794266,20331.34732042532,10791.248148148148,0.1305,-8.033333333333335,0.0
2025-02-20 19:30:00,83498.33156869921,60624.94848287481,22873.383085824407,11167.632592592588,0.1305,-8.011111111111111,0.0
2025-02-20 19:45:00,84135.43854415066,63776.938040385925,20358.50050376473,12337.35944444444,0.1305,-8.077777777777776,0.0
2025-02-20 20:00:00,89856.43495852436,69425.31187536138,20431.123083162984,13790.524074074072,0.1305,-8.11111111111111,0.0
2025-02-20 20:15:00,85473.58530946872,64777.720632394725,20695.864677074,14457.444814814817,0.1305,-8.11111111111111,0.0
2025-02-20 20:30:00,86061.73188241158,65250.3138694374,20811.418012974176,14871.272777777782,0.1305,-8.166666666666666,0.0
2025-02-20 20:45:00,80357.76979298667,59771.51215533784,20586.257637648832,14850.809814814813,0.1305,-8.18888888888889,0.0
2025-02-20 21:00:00,81634.57458756104,61165.54835678088,20469.026230780164,14854.288703703704,0.1305,-8.11111111111111,0.0
2025-02-20 21:15:00,98727.14709268,78347.54255444535,20379.60453823468,14763.575740740738,0.1305,-8.055555555555555,0.0
2025-02-20 21:30:00,88844.10218161499,68001.22090927389,20842.8812723411,15065.647777777776,0.1305,-7.988888888888888,0.0
2025-02-20 21:45:00,84791.92601253258,64103.231782992734,20688.694229539848,14963.62425925926,0.1305,-7.933333333333334,0.0
2025-02-20 22:00:00,80229.3686269563,58048.198595613045,22181.17003134326,14958.870555555555,0.1305,-7.811111111111113,0.0
2025-02-20 22:15:00,80580.81576454658,60630.06829869918,19950.747465847384,15016.588888888891,0.1305,-7.755555555555556,0.0
2025-02-20 22:30:00,86659.49655099749,66300.92979319688,20358.5667578006,14885.582222222229,0.1305,-7.799999999999999,0.0
2025-02-20 22:45:00,86936.64345779234,66381.96110874355,20554.6823490488,14917.96148148148,0.1305,-7.799999999999999,0.0
2025-02-20 23:00:00,83995.85635718322,63547.85929842957,20447.99705875364,14927.509444444446,0.1305,-7.777777777777778,0.0
2025-02-20 23:15:00,80839.45183152953,57751.380229665614,23088.07160186392,14829.772592592592,0.1305,-7.722222222222222,0.0
2025-02-20 23:30:00,83878.56972764694,64519.75930045159,19358.81042719537,14730.686481481483,0.1305,-7.633333333333335,0.0
2025-02-20 23:45:00,82337.667989134,62303.56869417404,20034.099294959968,14906.039814814816,0.1305,-7.588888888888889,0.0
2025-02-21 00:00:00,82424.2292271856,62039.74173054005,20384.48749664556,14825.395185185183,0.0249,-7.622222222222222,0.0
2025-02-21 00:15:00,84104.09923588185,64182.99653362856,19921.102702253265,14915.72277777778,0.0249,-7.622222222222222,0.0
2025-02-21 00:30:00,81971.89821317542,62280.899924556245,19690.99828861916,14811.90185185185,0.0249,-7.555555555555555,0.0
2025-02-21 00:45:00,87566.55692608195,68401.26180862675,19165.29511745521,14797.426851851851,0.0249,-7.588888888888889,0.0
2025-02-21 01:00:00,77528.25685092852,57295.06023008532,20233.1966208432,14740.991851851848,0.0249,-7.555555555555555,0.0
2025-02-21 01:15:00,59270.94299401096,38859.37440307826,20411.56859093272,13547.396111111111,0.0249,-7.622222222222222,0.0
2025-02-21 01:30:00,51782.44928174368,31565.7785697187,20216.670712024985,13293.087592592592,0.0249,-7.688888888888889,0.0
2025-02-21 01:45:00,48839.17059785301,29108.21873962237,19730.95185823064,13250.71648148148,0.0249,-7.71111111111111,0.0
2025-02-21 02:00:00,52841.563723183484,33461.104748433805,19380.45897474968,13151.36,0.0249,-7.744444444444444,0.0
2025-02-21 02:15:00,59380.844233764365,40048.2479394332,19332.596294331168,13159.590925925926,0.0249,-7.7666666666666675,0.0
2025-02-21 02:30:00,59833.90533326264,39927.98590348807,19905.91942977456,13313.08388888889,0.0249,-7.744444444444444,0.0
2025-02-21 02:45:00,50622.03604704669,31170.775432950217,19451.260614096464,13287.349814814814,0.0249,-7.666666666666667,0.0
2025-02-21 03:00:00,48295.389470311486,29172.89679370478,19122.49267660671,13276.690925925926,0.0249,-7.477777777777779,0.0
2025-02-21 03:15:00,46059.94160343,27361.67351255108,18698.26809087892,13273.007407407407,0.0249,-7.622222222222222,0.0
2025-02-21 03:30:00,56326.570453338594,37915.60507179523,18410.965381543363,13366.694444444449,0.0249,-7.777777777777778,0.0
2025-02-21 03:45:00,57712.67760349644,38832.26127029809,18880.41633319835,13372.715000000002,0.0249,-8.044444444444444,0.0
2025-02-21 04:00:00,103662.18305031232,84044.04330131468,19618.13974899761,13352.65388888889,0.0249,-8.044444444444444,0.0
2025-02-21 04:15:00,85125.54712344862,65207.84354637278,19917.70357707583,13325.65666666667,0.0249,-8.11111111111111,0.0
2025-02-21 04:30:00,80608.90698418509,60995.69988072636,19613.207103458728,13288.705000000002,0.0249,-8.3,0.0
2025-02-21 04:45:00,83964.59854746594,64623.8270031943,19340.77154427163,13456.27425925926,0.0249,-8.255555555555555,0.0
2025-02-21 05:00:00,84288.01917217059,64122.4198548564,20165.599317314187,13569.113518518518,0.0249,-8.177777777777777,0.0
2025-02-21 05:15:00,79942.95432819273,60519.416321583936,19423.5380066088,12838.349074074074,0.0249,-8.333333333333334,0.0
2025-02-21 05:30:00,78847.95367282277,59675.05770325596,19172.89596956679,12355.514074074074,0.0249,-8.533333333333333,0.0
2025-02-21 05:45:00,77706.7696283642,57877.20125359933,19829.56837476486,11513.55648148148,0.0249,-8.555555555555555,0.0
2025-02-21 06:00:00,77578.9350296,58883.05909193516,18695.87593766484,11060.85,0.0249,-8.522222222222222,0.0
2025-02-21 06:15:00,78996.97334174543,60477.73327164542,18519.2400701,10798.497777777777,0.0249,-8.677777777777779,0.0
2025-02-21 06:30:00,73963.61200567434,55086.86697025188,18876.745035422457,10853.75074074074,0.0249,-8.600000000000001,0.0
2025-02-21 06:45:00,76855.39351567972,57439.737387764806,19415.65612791493,10878.047777777778,0.0249,-8.711111111111112,0.0
2025-02-21 07:00:00,75102.057396482,55684.01903201264,19418.03836446937,10939.605740740742,0.0249,-8.755555555555553,0.0
2025-02-21 07:15:00,84893.94969280464,65371.908374593855,19522.041318210784,10891.284444444444,0.0249,-8.711111111111112,13.4
2025-02-21 07:30:00,80389.04871263597,60848.33422292086,19540.714489715094,11049.246111111112,0.0249,-8.866666666666667,30.4
2025-02-21 07:45:00,78308.42737176726,58423.29472068086,19885.132651086387,10976.101851851849,0.0249,-9.11111111111111,47.6
2025-02-21 08:00:00,83810.11445735078,63735.327552906136,20074.786904444645,11024.22277777778,0.1305,-9.044444444444444,56.6
2025-02-21 08:15:00,57336.90278463742,36600.334865624165,20736.56791901325,11121.008518518518,0.1305,-9.0,73.4
2025-02-21 08:30:00,56313.93467462903,35432.368949453354,20881.56572517568,10946.809999999998,0.1305,-8.955555555555556,84.2
2025-02-21 08:45:00,45817.66856267112,25004.95930768767,20812.70925498345,10932.478148148148,0.1305,-9.266666666666667,132.8
2025-02-21 09:00:00,43872.337189735445,22989.825423102564,20882.51176663288,10931.948148148149,0.1305,-9.4,169.4
2025-02-21 09:15:00,44435.511038239776,23413.51322601694,21021.99781222285,10955.12740740741,0.1305,-9.466666666666663,191.6
2025-02-21 09:30:00,42917.19149662655,21974.596247854377,20942.59524877217,11020.19074074074,0.1305,-9.566666666666666,207.4
2025-02-21 09:45:00,43446.94667445932,22562.70002736317,20884.246647096155,10929.492777777776,0.1305,-9.477777777777778,213.2
2025-02-21 10:00:00,44348.59943881048,23317.14033959779,21031.4590992127,11285.990555555558,0.1305,-9.555555555555555,212.4
2025-02-21 10:15:00,44134.79631967794,22862.243023166247,21272.55329651169,11135.09648148148,0.1305,-9.433333333333334,246.4
2025-02-21 10:30:00,42664.44551302467,21181.04418661648,21483.40132640819,11025.691111111111,0.1305,-9.466666666666663,272.8
2025-02-21 10:45:00,42591.79913359151,21028.019251661524,21563.77988192998,10849.278148148149,0.1305,-9.255555555555556,274.2
2025-02-21 11:00:00,44115.69682308574,22298.27339780161,21817.423425284123,10761.374814814815,0.1305,-9.066666666666666,291.4
2025-02-21 11:15:00,45724.26303794813,23360.171417410285,22364.091620537853,10701.165925925923,0.1305,-9.077777777777778,248.6
2025-02-21 11:30:00,45294.22882445988,22290.97939280789,23003.249431651984,10697.958148148147,0.1305,-8.644444444444444,314.4
2025-02-21 11:45:00,44550.559028649644,21304.14165067364,23246.417377976,11130.421296296296,0.1305,-8.455555555555556,338.4
2025-02-21 12:00:00,44222.08610965829,20974.64697490822,23247.439134750057,11327.313148148149,0.1305,-8.52222222222222,348.8
2025-02-21 12:15:00,44349.41572783656,20887.532933749742,23461.882794086825,11180.590555555556,0.1305,-8.244444444444445,299.4
2025-02-21 12:30:00,44131.721640633295,20531.339928060603,23600.381712572696,11087.302777777775,0.1305,-8.222222222222221,264.2
2025-02-21 12:45:00,43745.2995747145,20068.76724742527,23676.53232728924,11035.799444444445,0.1305,-7.7666666666666675,309.2
2025-02-21 13:00:00,43851.14308612584,20536.183037341227,23314.960048784604,10972.674629629628,0.1305,-7.7666666666666675,287.0
2025-02-21 13:15:00,44991.77864648918,22013.488370869247,22978.29027561994,10950.065185185182,0.1305,-7.622222222222222,249.0
2025-02-21 13:30:00,45320.11712890758,22416.888421284595,22903.228707622988,10931.229074074072,0.1305,-7.822222222222223,248.0
2025-02-21 13:45:00,44144.2823752463,20846.850700964413,23297.43167428189,11041.04814814815,0.1305,-7.7666666666666675,213.6
2025-02-21 14:00:00,43600.09352740316,20715.17167522668,22884.92185217648,11214.475925925924,0.1305,-7.722222222222222,226.6
2025-02-21 14:15:00,45805.31714917728,23437.01545474812,22368.301694429163,11220.54537037037,0.1305,-7.799999999999999,211.6
2025-02-21 14:30:00,43495.00004154448,20846.282881253064,22648.71716029141,11151.34462962963,0.1305,-7.71111111111111,183.0
2025-02-21 14:45:00,42757.95953622394,20688.896491019168,22069.06304520477,11223.343703703702,0.1305,-7.722222222222222,152.0
2025-02-21 15:00:00,43617.13577477893,22196.26169223052,21420.8740825484,11191.161666666669,0.1305,-7.544444444444445,141.6
2025-02-21 15:15:00,49761.66811521097,28641.15972160076,21120.508393610213,11113.914629629631,0.1305,-7.666666666666667,121.8
2025-02-21 15:30:00,52583.89583502716,31408.47682617742,21175.41900884973,10965.745555555555,0.1305,-7.577777777777778,114.4
2025-02-21 15:45:00,44351.05435202224,23129.859190803847,21221.19516121839,10915.618518518517,0.1305,-7.544444444444445,122.8
2025-02-21 16:00:00,43250.67254123937,22143.027461275487,21107.645079963888,10911.287592592593,0.1305,-7.644444444444442,101.2
2025-02-21 16:15:00,49130.09834450536,28395.03472350383,20735.063621001533,10938.827962962963,0.1305,-7.477777777777779,97.4
2025-02-21 16:30:00,42784.36827150489,22318.80209800001,20465.56617350488,10608.969259259262,0.1305,-7.388888888888889,82.2
2025-02-21 16:45:00,43393.90939439486,23466.98643295453,19926.922961440323,10707.422222222222,0.1305,-7.255555555555556,57.6
2025-02-21 17:00:00,44538.19953522527,24720.187893076,19818.011642149275,10815.178148148148,0.1305,-7.399999999999999,42.6
2025-02-21 17:15:00,51410.5931445567,30968.764752975032,20441.828391581672,10670.348703703705,0.1305,-7.344444444444444,19.4
2025-02-21 17:30:00,96949.81735604696,76708.5244514955,20241.292904551447,10640.28055555556,0.1305,-7.455555555555555,9.0
2025-02-21 17:45:00,75872.58871237408,55600.60020525327,20271.988507120823,10504.15037037037,0.1305,-7.466666666666665,0.0
2025-02-21 18:00:00,76243.15431507028,56061.87941165923,20181.27490341105,10749.391296296297,0.1305,-7.622222222222222,0.0
2025-02-21 18:15:00,84543.50159202868,63806.68645007137,20736.81514195732,10918.452407407409,0.1305,-7.611111111111111,0.0
2025-02-21 18:30:00,89033.12248135426,68134.45597448866,20898.66650686557,10788.373333333337,0.1305,-7.533333333333335,0.0
2025-02-21 18:45:00,85470.8422272402,64288.13824085305,21182.70398638713,11289.23703703704,0.1305,-7.455555555555555,0.0
2025-02-21 19:00:00,80629.57336377654,59502.90772427802,21126.66563949853,11016.05555555556,0.1305,-7.255555555555556,0.0
2025-02-21 19:15:00,79167.45496372432,58375.913977543685,20791.54098618064,11000.807777777778,0.1305,-7.211111111111112,0.0
2025-02-21 19:30:00,73473.89697043739,52602.4375736331,20871.459396804286,11163.005555555554,0.1305,-7.200000000000001,0.0
2025-02-21 19:45:00,85538.52749658341,64782.40086518871,20756.126631394727,12085.609814814814,0.1305,-7.111111111111111,0.0
2025-02-21 20:00:00,86721.6350381015,66175.8032844344,20545.831753667106,13655.917592592594,0.1305,-7.022222222222222,0.0
2025-02-21 20:15:00,86705.34949593362,65651.91542268169,21053.43407325195,14187.40796296296,0.1305,-7.033333333333333,0.0
2025-02-21 20:30:00,77200.99613526561,56131.249072078055,21069.747063187555,14655.067777777776,0.1305,-6.877777777777779,0.0
2025-02-21 20:45:00,77537.73750349294,56443.45187376832,21094.28562972462,14754.361296296294,0.1305,-6.833333333333333,0.0
2025-02-21 21:00:00,90171.9106374667,69382.92218939058,20788.988448076136,14863.929074074074,0.1305,-6.800000000000001,0.0
2025-02-21 21:15:00,84309.45471748573,63001.57605349024,21307.878663995485,14868.937777777775,0.1305,-6.844444444444445,0.0
2025-02-21 21:30:00,84403.49763443839,63452.57738442934,20950.920250009058,14830.664074074077,0.1305,-6.777777777777778,0.0
2025-02-21 21:45:00,81706.5552890912,61098.80513116925,20607.750157921942,14831.15648148148,0.1305,-6.777777777777778,0.0
2025-02-21 22:00:00,79841.254919194,59251.24826934424,20590.006649849765,14790.991666666669,0.1305,-6.700000000000001,0.0
2025-02-21 22:15:00,88317.93866222206,67566.14535699543,20751.793305226613,14785.553148148148,0.1305,-6.722222222222223,0.0
2025-02-21 22:30:00,80401.96279099445,59781.01182703509,20620.95096395936,14820.039259259256,0.1305,-6.611111111111111,0.0
2025-02-21 22:45:00,88213.79276810786,67814.61011530962,20399.18265279824,14788.644999999997,0.1305,-6.700000000000001,0.0
2025-02-21 23:00:00,77154.58916187749,56188.6627612523,20965.92640062519,14714.835555555555,0.1305,-6.700000000000001,0.0
2025-02-21 23:15:00,78969.18040432823,57158.30993291588,21810.870471412363,14687.574629629627,0.1305,-6.666666666666667,0.0
2025-02-21 23:30:00,81523.30088052743,60211.30910257104,21311.991777956384,14638.622407407409,0.1305,-6.666666666666667,0.0
2025-02-21 23:45:00,82745.61155135083,61156.35623137246,21589.25531997837,14562.371296296296,0.1305,-6.688888888888888,0.0
2025-02-22 00:00:00,83489.90118868004,62478.90571231231,21010.99547636773,14666.07111111111,0.0249,-6.7444444444444445,0.0
2025-02-22 00:15:00,80976.19967673572,60574.83216234671,20401.367514389007,14795.064629629627,0.0249,-6.677777777777777,0.0
2025-02-22 00:30:00,77278.71790716556,57104.94301688248,20173.774890283064,14833.671296296294,0.0249,-6.666666666666667,0.0
2025-02-22 00:45:00,76059.83709315419,55959.54282737183,20100.29426578236,14858.429814814814,0.0249,-6.566666666666666,0.0
2025-02-22 01:00:00,77539.95155194258,57273.58960976411,20266.361942178464,14927.396111111111,0.0249,-6.566666666666666,0.0
2025-02-22 01:15:00,81151.76609711612,60883.99344171061,20267.77265540552,14646.494074074071,0.0249,-6.477777777777778,0.0
2025-02-22 01:30:00,79475.45401105002,58651.25143181574,20824.202579234287,14650.904814814814,0.0249,-6.355555555555554,0.0
2025-02-22 01:45:00,74667.11507555592,54614.56866514214,20052.546410413783,14491.90444444444,0.0249,-6.333333333333332,0.0
2025-02-22 02:00:00,76002.73192712928,55933.89533619826,20068.83659093101,14422.602407407408,0.0249,-6.311111111111111,0.0
2025-02-22 02:15:00,75770.2370545883,56019.74559087055,19750.49146371776,14419.751296296294,0.0249,-6.177777777777779,0.0
2025-02-22 02:30:00,80996.53402207232,60901.661860095264,20094.87216197705,14330.83537037037,0.0249,-5.977777777777777,0.0
2025-02-22 02:45:00,80499.66263564934,60440.89793026689,20058.76470538247,14257.837407407407,0.0249,-5.855555555555555,0.0
2025-02-22 03:00:00,73713.29898368902,53781.76119903552,19931.53778465349,14392.00462962963,0.0249,-5.822222222222223,0.0
2025-02-22 03:15:00,76031.56746622329,55992.13974659144,20039.427719631865,14373.30388888889,0.0249,-5.666666666666667,0.0
2025-02-22 03:30:00,77117.88561988222,56538.890638698256,20578.994981183936,14355.757592592592,0.0249,-5.633333333333334,0.0
2025-02-22 03:45:00,81354.28974664744,60823.95700482853,20530.332741818907,14376.883703703705,0.0249,-5.444444444444445,0.0
2025-02-22 04:00:00,80114.97887777757,59610.30362898496,20504.67524879262,14434.89111111111,0.0249,-5.455555555555556,0.0
2025-02-22 04:15:00,74277.40173075629,54041.14591310528,20236.25581765101,14435.350185185183,0.0249,-5.555555555555555,0.0
2025-02-22 04:30:00,75789.70684343038,56156.39490194499,19633.3119414854,14604.413333333336,0.0249,-5.455555555555556,0.0
2025-02-22 04:45:00,69975.5623661524,50354.551845522845,19621.010520629563,14733.697962962964,0.0249,-5.333333333333334,0.0
2025-02-22 05:00:00,79378.94360205779,58826.85976663245,20552.08383542534,14743.605370370367,0.0249,-5.277777777777778,0.0
2025-02-22 05:15:00,82730.90656001355,62677.03821760382,20053.86834240974,15037.849444444442,0.0249,-5.3,0.0
2025-02-22 05:30:00,79028.71870769144,58133.29842927577,20895.42027841567,14039.479629629632,0.0249,-5.488888888888888,0.0
2025-02-22 05:45:00,73130.44287671,53108.25081895138,20022.192057758624,13492.954629629628,0.0249,-5.744444444444443,0.0
2025-02-22 06:00:00,72861.53972939687,53320.4505396891,19541.08918970776,13146.644814814814,0.0249,-5.722222222222222,0.0
2025-02-22 06:15:00,74545.8410766634,54428.127755089605,20117.7133215738,12885.55574074074,0.0249,-5.777777777777777,0.0
2025-02-22 06:30:00,76014.68872198513,56670.7620936674,19343.92662831773,12919.449259259258,0.0249,-5.755555555555556,0.0
2025-02-22 06:45:00,76542.35855134034,56912.67208909609,19629.686462244248,12715.12037037037,0.0249,-5.58888888888889,0.0
2025-02-22 07:00:00,78441.49530410786,58088.73956401726,20352.755740090583,12644.885555555553,0.0249,-5.444444444444445,7.0
2025-02-22 07:15:00,81709.83525654074,60976.62005637703,20733.215200163704,12899.39074074074,0.0249,-5.544444444444445,16.4
2025-02-22 07:30:00,75430.15377374848,54118.88909173784,21311.26468201064,13120.883333333331,0.0249,-5.5777777777777775,56.0
2025-02-22 07:45:00,70711.82705455976,49044.41024626501,21667.41680829475,13155.702592592594,0.0249,-5.144444444444443,86.4
2025-02-22 08:00:00,44663.66555978712,22564.078292712504,22099.587267074603,13755.401851851851,0.1305,-4.977777777777778,103.6
2025-02-22 08:15:00,50368.44644677304,26992.01891473348,23376.427532039543,14099.511296296296,0.1305,-4.199999999999999,157.6
2025-02-22 08:30:00,45150.51372495162,20385.84132908836,24764.672395863257,13100.54277777778,0.1305,-3.611111111111111,217.2
2025-02-22 08:45:00,45262.33196849559,19271.323007451603,25991.00896104397,13823.060185185182,0.1305,-2.866666666666669,243.6
2025-02-22 09:00:00,37526.83352751733,11133.889789136085,26392.94373838124,14400.826296296296,0.1305,-2.466666666666665,312.4
2025-02-22 09:15:00,58006.11000867408,3028.586886230946,54977.523122443126,14780.228148148146,0.1305,-2.244444444444444,343.6
2025-02-22 09:30:00,53905.79443777736,4708.345346205442,49197.44909157192,15385.968333333332,0.1305,-2.144444444444446,376.8
2025-02-22 09:45:00,38365.32390047871,650.3391207117171,37714.98477976699,15406.429444444444,0.1305,-1.466666666666665,416.6
2025-02-22 10:00:00,35070.00521051485,229.26248180819312,34840.74272870666,15307.230925925924,0.1305,-0.944444444444444,445.6
2025-02-22 10:15:00,33542.83942285705,295.6909072853726,33247.148515571665,15110.499259259255,0.1305,-0.9222222222222244,479.0
2025-02-22 10:30:00,37480.83969951058,62.10983511483474,37418.72986439576,14776.281296296294,0.1305,-0.9777777777777786,508.4
2025-02-22 10:45:00,38675.9112193253,1808.6178135183136,36867.29340580698,15426.148148148146,0.1305,-0.7222222222222227,532.4
2025-02-22 11:00:00,40704.6881535418,2529.3296960940784,38175.35845744772,15181.912592592593,0.1305,-0.4999999999999992,560.2
2025-02-22 11:15:00,49162.704603764,1529.4041533128325,47633.30045045117,14689.922407407408,0.1305,-0.0444444444444454,570.0
2025-02-22 11:30:00,69181.22602168584,2801.350984903819,66379.87503678202,14703.394814814814,0.1305,-0.3666666666666687,583.8
2025-02-22 11:45:00,69414.3352813188,2164.6553961713767,67249.67988514742,15168.991851851852,0.1305,0.1888888888888868,598.6
2025-02-22 12:00:00,71113.11983252222,2049.8585869515564,69063.26124557067,15009.523148148148,0.1305,0.5222222222222209,601.4
2025-02-22 12:15:00,71969.58530856899,2453.577560238364,69516.00774833062,14924.362777777778,0.1305,0.9111111111111114,612.4
2025-02-22 12:30:00,71704.06334858351,700.0599247863993,71004.00342379713,15025.36111111111,0.1305,0.9777777777777806,610.2
2025-02-22 12:45:00,71597.41008448557,3332.883453876196,68264.52663060937,14501.73685185185,0.1305,1.5222222222222197,612.0
2025-02-22 13:00:00,67469.29591697815,2222.1939497224766,65247.10196725567,14526.13222222222,0.1305,1.7777777777777797,600.8
2025-02-22 13:15:00,68755.99124447042,2232.377310620662,66523.61393384976,14651.429814814814,0.1305,1.71111111111111,591.0
2025-02-22 13:30:00,70800.91477420692,2190.484885810953,68610.42988839596,14833.195185185185,0.1305,2.2888888888888874,579.0
2025-02-22 13:45:00,70890.422753514,2475.2351571002714,68415.18759641371,14840.27759259259,0.1305,1.811111111111114,557.4
2025-02-22 14:00:00,68795.9999163199,1174.8002825724925,67621.1996337474,14951.641481481483,0.1305,2.3555555555555525,541.0
2025-02-22 14:15:00,68048.64604808687,833.2520431246984,67215.39400496217,14995.189814814818,0.1305,2.7111111111111086,516.2
2025-02-22 14:30:00,67914.66748051613,2821.2874261825696,65093.380054333546,15304.550925925923,0.1305,2.9111111111111083,489.2
2025-02-22 14:45:00,68118.31475867378,2164.324430773049,65953.99032790074,14772.791666666666,0.1305,2.833333333333334,461.0
2025-02-22 15:00:00,66759.88800258169,621.8537868957688,66138.03421568591,14653.50962962963,0.1305,3.177777777777777,420.2
2025-02-22 15:15:00,64805.44994130212,991.6126518065056,63813.83728949562,14866.376296296294,0.1305,2.966666666666665,386.6
2025-02-22 15:30:00,63927.57622305482,643.295656752465,63284.280566302354,15179.48462962963,0.1305,3.211111111111108,325.8
2025-02-22 15:45:00,63497.94982557213,1985.9449769015464,61512.00484867057,15165.672407407406,0.1305,3.455555555555559,295.8
2025-02-22 16:00:00,64739.670474963634,1027.0356330277382,63712.63484193592,15604.322037037038,0.1305,3.4777777777777805,254.4
2025-02-22 16:15:00,57504.081737879744,125.88980309722906,57378.19193478252,15640.354074074072,0.1305,3.533333333333333,222.8
2025-02-22 16:30:00,38436.78791264081,300.42444289821054,38136.3634697426,15708.791666666666,0.1305,3.722222222222224,142.4
2025-02-22 16:45:00,34244.990284221145,336.92151657553467,33908.06876764561,15477.54351851852,0.1305,3.544444444444442,82.4
2025-02-22 17:00:00,34022.915744856815,421.739532240124,33601.176212616694,14912.017222222225,0.1305,3.2888888888888896,70.4
2025-02-22 17:15:00,38667.19273279815,4365.475172128881,34301.71756066926,14374.621851851853,0.1305,3.099999999999999,29.6
2025-02-22 17:30:00,36706.609297104136,2048.663620795224,34657.94567630891,14416.640925925927,0.1305,2.833333333333334,13.6
2025-02-22 17:45:00,35591.68509710384,1737.0405738321786,33854.64452327165,13495.842037037037,0.1305,2.7111111111111086,0.0
2025-02-22 18:00:00,34115.585653657545,1732.3922498181323,32383.19340383941,13304.497962962962,0.1305,2.555555555555556,0.0
2025-02-22 18:15:00,32666.861785307985,1449.044461290273,31217.81732401771,13282.829444444444,0.1305,2.3888888888888875,0.0
2025-02-22 18:30:00,35254.020788512906,5751.656528315623,29502.36426019728,12561.21074074074,0.1305,2.1111111111111094,0.0
2025-02-22 18:45:00,33244.02021241965,5917.00400352687,27327.01620889279,12296.667407407404,0.1305,2.0444444444444443,0.0
2025-02-22 19:00:00,30506.88398381265,4220.8471255076665,26286.03685830499,11899.13,0.1305,1.8555555555555532,0.0
2025-02-22 19:15:00,30234.21068647469,4113.793430534097,26120.417255940585,11373.23148148148,0.1305,1.7888888888888923,0.0
2025-02-22 19:30:00,29402.220520829243,3538.26957188522,25863.950948944028,11302.51148148148,0.1305,1.555555555555554,0.0
2025-02-22 19:45:00,28143.25642217876,3374.4167407346617,24768.839681444097,12476.687037037038,0.1305,1.5666666666666669,0.0
2025-02-22 20:00:00,33667.63558671236,9490.479640584712,24177.15594612765,14506.217777777778,0.1305,1.533333333333336,0.0
2025-02-22 20:15:00,46299.61067110768,21905.7907231627,24393.81994794497,14803.557222222224,0.1305,1.533333333333336,0.0
2025-02-22 20:30:00,30723.38918318988,5915.190341118469,24808.198842071404,15522.79,0.1305,1.4555555555555582,0.0
2025-02-22 20:45:00,29509.07297225773,6592.60525006707,22916.46772219067,15543.314814814818,0.1305,1.2555555555555584,0.0
2025-02-22 21:00:00,35856.643311715154,13469.841141177229,22386.80217053792,15330.020925925928,0.1305,1.311111111111111,0.0
2025-02-22 21:15:00,30460.529910527523,8263.015190872356,22197.514719655173,15242.638333333334,0.1305,1.4444444444444453,0.0
2025-02-22 21:30:00,36779.27164769456,14740.7315628388,22038.54008485577,15290.053333333335,0.1305,1.5000000000000016,0.0
2025-02-22 21:45:00,37804.13365227761,15888.990370004014,21915.143282273595,15225.962407407407,0.1305,1.47777777777778,0.0
2025-02-22 22:00:00,32075.153805939164,10106.043385840843,21969.11042009832,15114.087592592592,0.1305,1.4222222222222234,0.0
2025-02-22 22:15:00,32634.827180765307,10965.312746265863,21669.514434499448,15148.422222222223,0.1305,1.5444444444444412,0.0
2025-02-22 22:30:00,34376.862726345586,12879.448100985428,21497.41462536016,15212.817592592592,0.1305,1.5111111111111144,0.0
2025-02-22 22:45:00,33766.81418393849,12498.96363964934,21267.85054428915,14946.684814814816,0.1305,1.5000000000000016,0.0
2025-02-22 23:00:00,44413.39112844277,22656.47847434095,21756.912654101816,14944.025370370371,0.1305,1.4444444444444453,0.0
2025-02-22 23:15:00,34260.01197445872,12103.997293728047,22156.01468073067,14908.92814814815,0.1305,1.288888888888889,0.0
2025-02-22 23:30:00,33519.574194199944,11543.107219537053,21976.46697466289,14822.882037037036,0.1305,1.1000000000000023,0.0
2025-02-22 23:45:00,33463.94138980037,11854.262813749108,21609.678576051272,15030.7662962963,0.1305,0.5666666666666644,0.0
2025-02-23 00:00:00,36715.80461505561,14774.329957812935,21941.47465724268,15082.478333333333,0.0249,0.2111111111111085,0.0
