,TOU Price,Baseline,Baseline_mpc,Baseline_mpc_tes,Baseline_mpc_tes_pv_bat
0,0.0192,0.5158077808737531,0.3737907951648801,0.3737907951648801,0.0
1,0.0192,0.49051893122974355,0.37341249299758106,0.37341249299758106,0.0
2,0.0192,0.37022773280974125,0.3698088221233984,0.3698088221233984,0.0
3,0.0192,0.4908937135609525,0.36273479150213545,0.36273479150213545,0.0
4,0.0192,0.4977928536874876,0.3627566414180043,0.3627566414180043,0.0
5,0.0192,0.37914854482621835,0.34901645280652754,0.34901645280652754,0.0
6,0.0192,0.45747556924328026,0.3563838237271122,0.3563838237271122,0.0
7,0.0192,0.44893009485644636,0.3475595174992585,0.3475595174992585,0.0
8,0.0192,0.4223012853688169,0.3444259622172329,0.3444259622172329,0.0
9,0.0192,0.48819854168085675,0.3322362340301349,0.3322362340301349,0.0
10,0.0192,0.43719952761210334,0.32337239525164413,0.32337239525164413,0.0
11,0.0192,0.37744628520780193,0.32765294898454156,0.32765294898454156,0.0
12,0.0192,0.46161986131066063,0.337278264243421,0.337278264243421,0.0
13,0.0192,0.5451462876710155,0.3471242866236431,0.3471242866236431,0.0
14,0.0192,0.5509175773062287,0.3576320747351489,0.3576320747351489,0.0
15,0.0192,0.5225921933258281,0.33380709754115945,0.33380709754115945,0.0
16,0.0192,0.4953078577880502,0.31663349162243526,0.31663349162243526,0.0
17,0.0192,0.468293197456856,0.2959829046797403,0.39190274857704666,0.0
18,0.0192,0.4419377771601659,0.27802795557307003,0.5108604403613477,0.0
19,0.0192,0.4277209139517649,0.26816495940871815,0.5007375220482617,0.0
20,0.0192,0.41362200419607476,0.26067899125233607,0.49302099868728033,0.0
21,0.0192,0.39936927049260995,0.2528411804104518,0.48472344605477535,0.0
22,0.0192,0.3856281218721791,0.2457713124474099,0.4775102816724748,0.0
23,0.0192,0.3828863510533356,0.24679758444589564,0.4783076474166328,0.0
24,0.0192,0.3805486615662714,0.24771596302674648,0.47925461454563995,0.0
25,0.0192,0.37840215740273864,0.24767155668171384,0.4793818878730139,0.0
26,0.0192,0.3761476862992908,0.24719838359643445,0.4789946501312349,0.0
27,0.0192,0.37565496610938154,0.24553826318845398,0.24553826318845398,0.0
28,0.0192,0.3723175295915542,0.24336869735625433,0.24336869735625433,0.0
29,0.0192,0.3752091276982593,0.24380397060339734,0.24380397060339734,0.0
30,0.0192,0.38065864700536556,0.2547416250775882,0.2547416250775882,0.0
31,0.0192,0.3856677438261048,0.26056698678661006,0.26056698678661006,0.0
32,0.5246,0.39301294574155354,0.26512592882894787,0.26512592882894787,0.0
33,0.5246,0.3999088477904652,0.27117188531888103,0.27117188531888103,0.0
34,0.5246,0.4071994033911077,0.2826221592738868,0.2826221592738868,0.0
35,0.5246,0.42215015386427945,0.3088635720916161,0.3088635720916161,0.0
36,0.5246,0.43914509980474536,0.3296120841016994,0.3296120841016994,0.0
37,0.5246,0.45666143876096665,0.34984168337707267,0.34984168337707267,0.0
38,0.5246,0.4728088899037418,0.3743833189711174,0.3743833189711174,0.0
39,0.5246,0.49299626245735645,0.40348322703278305,0.40348322703278305,0.0
40,0.5246,0.5081751066834059,0.4267771881478085,0.4267771881478085,0.0
41,0.5246,0.504099791794872,0.43197383016570456,0.43197383016570456,0.0
42,0.5246,0.5051909596611219,0.4403391677849071,0.4403391677849071,0.0
43,0.5246,0.5009720620229349,0.4470452723292613,0.4470452723292613,0.0
44,0.5246,0.4905881224891936,0.4494219943987067,0.4494219943987067,0.0
45,0.5246,0.4966077677857569,0.46035575890786357,0.46035575890786357,0.0
46,0.5246,0.49243156110473296,0.4654873713229317,0.4654873713229317,0.0
47,0.5246,0.3151626673976311,0.4751046149303173,0.4751046149303173,0.0
48,0.5246,0.49629433122716415,0.4839060395977022,0.4839060395977022,0.0
49,0.5246,0.47395634847500173,0.4931171928850409,0.4931171928850409,0.0
50,0.5246,0.3208567297433552,0.5039411253491785,0.5039411253491785,0.0
51,0.5246,0.4870709519027553,0.5109348905916776,0.266242306,0.0
52,0.5246,0.4805430305569536,0.5209691645608525,0.5209691645608525,0.0
53,0.5246,0.3260009778082545,0.5237171000129698,0.5237171000129698,0.0
54,0.5246,0.5075871000043586,0.5319264089871283,0.268381231,0.0
55,0.5246,0.4928468937067647,0.5363107865684129,0.268440355,0.0
56,0.5246,0.32688585454363583,0.5394387403931366,0.268499479,0.0
57,0.5246,0.5540275012183237,0.5468350509440449,0.275763777270487,0.0
58,0.5246,0.5003339234512806,0.5328702292805092,0.31082511794548,0.0
59,0.5246,0.35083412373271355,0.568105225849473,0.2957345111487176,0.0
60,0.5246,0.5750283645911682,0.5745540825985883,0.30324746995208274,0.0
61,0.5246,0.5287220276420436,0.5831161793759558,0.5831161793759558,0.0
62,0.5246,0.4294313450766733,0.5916633717680723,0.5916633717680723,0.0
63,0.5246,0.6514672118291245,0.5978209092553213,0.5978209092553213,0.0
64,0.5246,0.5650564687390898,0.606105734899723,0.33526939227369384,0.0
65,0.5246,0.41366723927862425,0.5951782543004417,0.339718859,0.0
66,0.5246,0.6581512475360514,0.625252759474566,0.3536710677016807,0.0
67,0.5246,0.5939282778474414,0.6316079266825794,0.6316079266825794,0.0
68,0.5246,0.4740089056982148,0.6408075093794712,0.36997116675344205,0.0
69,0.5246,0.7144167792592737,0.6470455918072202,0.37620924918119103,0.0
70,0.5246,0.6229367754797716,0.6507800534297374,0.6507800534297374,0.0
71,0.5246,0.47530547954909935,0.657987222084681,0.390267524,0.0
72,0.5246,0.6864595846235826,0.6599419340994985,0.6599419340994985,0.0
73,0.5246,0.6439667561061193,0.6586241268838965,0.6586241268838965,0.0
74,0.5246,0.535587957063468,0.6560264346319378,0.6560264346319378,0.0
75,0.5246,0.7343358446837258,0.6534866976890042,0.6534866976890042,0.0
76,0.5246,0.6507440653047952,0.6502333367323561,0.6502333367323561,0.0
77,0.5246,0.472374453269687,0.628783172397612,0.628783172397612,0.0
78,0.5246,0.6418657552836734,0.6065287803996671,0.6065287803996671,0.0
79,0.5246,0.6058152130512162,0.6017647224937077,0.6017647224937077,0.0
80,0.5246,0.45480419163516767,0.5969844325755151,0.5969844325755151,0.0
81,0.5246,0.6269801188530952,0.5915458173510167,0.5915458173510167,0.0
82,0.5246,0.6000571921063695,0.582113140246469,0.582113140246469,0.0
83,0.5246,0.37960380142465755,0.5097132897071096,0.5097132897071096,0.0
84,0.5246,0.5412836179607597,0.5019637977930312,0.5019637977930312,0.0
85,0.5246,0.5194960385458273,0.4940044156251978,0.4940044156251978,0.0
86,0.5246,0.37891505559776995,0.48660682264404187,0.48660682264404187,0.0
87,0.5246,0.5240522200922699,0.4797229453973143,0.4797229453973143,0.0
88,0.0192,0.5156035262089906,0.4720103950391277,0.4720103950391277,0.0
89,0.0192,0.3784407727676056,0.46480246847951046,0.46480246847951046,0.0
90,0.0192,0.543425239575204,0.45927190180596666,0.45927190180596666,0.0
91,0.0192,0.5155832182151507,0.4535971273529151,0.4535971273529151,0.0
92,0.0192,0.377943166579884,0.44855686873649764,0.44855686873649764,0.0
93,0.0192,0.3816985103481211,0.3321731687779209,0.3321731687779209,0.0
94,0.0192,0.4857106814765428,0.4180586402996984,0.4180586402996984,0.0
95,0.0192,0.36840320030478757,0.42848402307144084,0.42848402307144084,0.0
96,0.0192,0.5437124269845849,0.44213620656906905,0.44213620656906905,0.0
97,0.0192,0.5406228327459609,0.45369439596756167,0.45369439596756167,0.0
98,0.0192,0.42341323784486234,0.46275921374452345,0.46275921374452345,0.0
99,0.0192,0.5418766122576765,0.4739617995555744,0.4739617995555744,0.0
100,0.0192,0.5838461244453349,0.483045806090453,0.483045806090453,0.0
101,0.0192,0.4641488627479936,0.4927088491190188,0.4927088491190188,0.0
102,0.0192,0.5894026957513527,0.4983487080649241,0.4983487080649241,0.0
103,0.0192,0.6149106036859279,0.49745816957998923,0.49745816957998923,0.0
104,0.0192,0.47730967594807283,0.4984423001437517,0.4984423001437517,0.0
105,0.0192,0.6303956490511344,0.4965506375845708,0.4965506375845708,0.0
106,0.0192,0.6079140232780558,0.4962167563110903,0.4962167563110903,0.0
107,0.0192,0.4498690285381526,0.46786590719886956,0.46786590719886956,0.0
108,0.0192,0.5736714681458495,0.4446217984794601,0.4446217984794601,0.0
109,0.0192,0.5294912469585109,0.42507704323885037,0.42507704323885037,0.0
110,0.0192,0.3689365827735094,0.40338211215198155,0.40338211215198155,0.0
111,0.0192,0.4925232408022341,0.3989562520399812,0.648789696410401,0.0
112,0.0192,0.5075926470043011,0.4031041558566626,0.6531041558566626,0.0
113,0.0192,0.38196050739807513,0.4058277292115005,0.4058277292115005,0.0
114,0.0192,0.4485568865268508,0.4089125436192912,0.4089125436192912,0.0
115,0.0192,0.4849142068790788,0.40190538972972056,0.40190538972972056,0.0
116,0.0192,0.4247091564352438,0.3947994074763568,0.3947994074763568,0.0
117,0.0192,0.4438267232809606,0.39083637963732243,0.39083637963732243,0.0
118,0.0192,0.43395500028968836,0.3799020754530275,0.6296024350215452,0.0
119,0.0192,0.40910160800525047,0.38093257704377215,0.6304335750477641,0.0
120,0.0192,0.49023082864818845,0.3823413623780586,0.6318091644004109,0.0
121,0.0192,0.4380579064797594,0.38237789186097204,0.6315142192593244,0.0
122,0.0192,0.38226136112223874,0.3864593897025562,0.6359935925239562,0.0
123,0.0192,0.472915039820301,0.39000502404734944,0.639971695157868,0.0
124,0.0192,0.45880535941219813,0.39516737613890035,0.6448344866582079,0.0
125,0.0192,0.4174484560699028,0.40007309486370224,0.5030554642820587,0.0
126,0.0192,0.538249431818287,0.40496922101089056,0.40496922101089056,0.0
127,0.0192,0.4656795664502832,0.40673940141743115,0.40673940141743115,0.0
128,0.5246,0.4088825446187656,0.41459998039413104,0.41459998039413104,0.0
129,0.5246,0.5332712021829129,0.4194717978697596,0.4194717978697596,0.0
130,0.5246,0.47924748143320733,0.4267576922574802,0.4267576922574802,0.0
131,0.5246,0.421544469818813,0.43128656411141786,0.43128656411141786,0.0
132,0.5246,0.5590892264957185,0.43647022025841625,0.43647022025841625,0.0
133,0.5246,0.473988123018103,0.4370906016133593,0.4370906016133593,0.0
134,0.5246,0.44703239564479275,0.4475775770133772,0.4475775770133772,0.0
135,0.5246,0.39333561069680467,0.33838965727942816,0.33838965727942816,0.0
136,0.5246,0.3378171130584564,0.3485340713247795,0.3485340713247795,0.0
137,0.5246,0.3122287222626778,0.3556232138771869,0.3556232138771869,0.0
138,0.5246,0.49182784909621885,0.36636055254017913,0.36636055254017913,0.0
139,0.5246,0.3774618030985124,0.3751466950925856,0.3751466950925856,0.0
140,0.5246,0.3262022197073126,0.38545247597120214,0.38545247597120214,0.0
141,0.5246,0.41985134489664144,0.39385021833449985,0.39385021833449985,0.0
142,0.5246,0.3430488616161902,0.4029387791774965,0.4029387791774965,0.0
143,0.5246,0.32948300396983193,0.4131719504895967,0.4131719504895967,0.0
144,0.5246,0.4294735177848553,0.421481063615681,0.421481063615681,0.0
145,0.5246,0.39612699389367423,0.43087393154490194,0.43087393154490194,0.0
146,0.5246,0.3803627416162835,0.4396688859640723,0.4396688859640723,0.0
147,0.5246,0.45693197154105025,0.44901995678479234,0.44901995678479234,0.0
148,0.5246,0.3497050234457727,0.4574514141682079,0.204180752,0.0
149,0.5246,0.37072142268933717,0.46209296723495796,0.46209296723495796,0.0
150,0.5246,0.5183095376682405,0.4697952782432927,0.204255345,0.0
151,0.5246,0.34956546257412474,0.43524394672265065,0.43524394672265065,0.0
152,0.5246,0.3529621761160885,0.46918627604130814,0.46918627604130814,0.0
153,0.5246,0.5314408377840383,0.48815768981339425,0.29318240989448274,0.0
154,0.5246,0.4004309987007303,0.49288059015773067,0.21604610027141732,0.0
155,0.5246,0.355903866822164,0.4934956956540437,0.21816529917827276,0.0
156,0.5246,0.5076974723447164,0.49872281809591223,0.2214379911216443,0.0
157,0.5246,0.4162150514440689,0.49965177537105343,0.223429029348661,0.0
158,0.5246,0.40115081638311223,0.5029927002805308,0.22533832444756766,0.0
159,0.5246,0.503837901037584,0.500855134186732,0.22540339333172982,0.0
160,0.5246,0.3783944404923464,0.5039652868342152,0.2270899176670563,0.0
161,0.5246,0.4037154828772356,0.5027522522497385,0.22657019303630496,0.0
162,0.5246,0.49738696517142256,0.5009444798148582,0.22484375827163927,0.0
163,0.5246,0.37656529787073556,0.49777129874167947,0.22219810650182054,0.0
164,0.5246,0.4020918141383246,0.4941596879983431,0.21959533011285465,0.0
165,0.5246,0.4890234190658088,0.48965146405043175,0.48965146405043175,0.0
166,0.5246,0.35408254473039946,0.4844007620612387,0.4844007620612387,0.0
167,0.5246,0.3981543281727885,0.4752065642954303,0.4752065642954303,0.0
168,0.5246,0.5119939507257486,0.464814792656459,0.464814792656459,0.0
169,0.5246,0.3347893799448726,0.4421525083163541,0.4421525083163541,0.0
170,0.5246,0.3226307547563511,0.4168642182401249,0.4168642182401249,0.0
171,0.5246,0.40311075130871643,0.3948307841006915,0.3948307841006915,0.0
172,0.5246,0.31363534123301023,0.373884922428866,0.373884922428866,0.0
173,0.5246,0.29457338959522816,0.3559141693775971,0.3559141693775971,0.0
174,0.5246,0.3647511538133825,0.3341931903591026,0.3341931903591026,0.0
175,0.5246,0.3019709856119907,0.3169577141926069,0.3169577141926069,0.0
176,0.5246,0.2763857881922178,0.3035631323378739,0.3035631323378739,0.0
177,0.5246,0.3579405090842107,0.29045504389141447,0.29045504389141447,0.0
178,0.5246,0.3011188967778076,0.2816733328977945,0.2816733328977945,0.0
179,0.5246,0.2849883707507363,0.27110569953291097,0.27110569953291097,0.0
180,0.5246,0.3631678239349072,0.26955670302523976,0.26955670302523976,0.0
181,0.5246,0.3135742673578123,0.2667987089939231,0.2667987089939231,0.0
182,0.5246,0.2781313153379614,0.2630774969323399,0.2630774969323399,0.0
183,0.5246,0.4020122918794691,0.26821357015852126,0.26821357015852126,0.0
184,0.0192,0.33556049722533066,0.27153569414272793,0.27153569414272793,0.0
185,0.0192,0.2700231012554068,0.2758576061885041,0.2758576061885041,0.0
186,0.0192,0.41241366419295844,0.2850203921908791,0.2850203921908791,0.0
187,0.0192,0.4220305006713056,0.29566612344376964,0.29566612344376964,0.0
188,0.0192,0.3134919099146859,0.30528648136571085,0.30528648136571085,0.0
189,0.0192,0.47154874311848405,0.3093117763945809,0.3093117763945809,0.0
190,0.0192,0.4245613872019194,0.29375143923642,0.29375143923642,0.0
191,0.0192,0.2780302380566426,0.2724833900121582,0.2724833900121582,0.0
192,0.0192,0.33780557082654183,0.2557553614409858,0.2557553614409858,0.0
193,0.0192,0.3931265925815454,0.25852783298800225,0.25852783298800225,0.0
194,0.0192,0.3219639775616607,0.2627564581740421,0.2627564581740421,0.0
195,0.0192,0.3655022874364666,0.2752893205852171,0.2752893205852171,0.0
196,0.0192,0.3667875974408502,0.28657613877141963,0.28657613877141963,0.0
197,0.0192,0.29237773283003493,0.2788166481367502,0.2788166481367502,0.0
198,0.0192,0.37243576521103644,0.281821416434053,0.281821416434053,0.0
199,0.0192,0.42207598291766774,0.2767535283031326,0.2767535283031326,0.0
200,0.0192,0.3422265552174054,0.2763912584037512,0.2763912584037512,0.0
201,0.0192,0.3855445297971857,0.2847543977987621,0.2847543977987621,0.0
202,0.0192,0.36749027187991373,0.27284458126183736,0.27284458126183736,0.0
203,0.0192,0.3252018396006754,0.2834389317248608,0.2834389317248608,0.0
204,0.0192,0.40477583346247,0.2813437265370249,0.2813437265370249,0.0
205,0.0192,0.36206392574858554,0.2795461353630269,0.2795461353630269,0.0
206,0.0192,0.2822900087823567,0.27702426033608263,0.27702426033608263,0.0
207,0.0192,0.35606380142406446,0.2544114552582407,0.2544114552582407,0.0
208,0.0192,0.39578754102764324,0.2538582156238101,0.2538582156238101,0.0
209,0.0192,0.31156069513545226,0.25733102900810656,0.25733102900810656,0.0
210,0.0192,0.326971717576082,0.23862850437441865,0.4792290433196259,0.0
211,0.0192,0.33081567173445875,0.25128897575394515,0.25128897575394515,0.0
212,0.0192,0.282453269418596,0.23515780940503864,0.47554242478965403,0.0
213,0.0192,0.32345070522386093,0.24855753560789318,0.4886651037984425,0.0
214,0.0192,0.3331621231278564,0.23756629985750172,0.4777969212540424,0.0
215,0.0192,0.3014272440384659,0.25488278079540716,0.4951134021919479,0.0
216,0.0192,0.34356195187375654,0.25719906579795593,0.49684630506175964,0.0
217,0.0192,0.3692325407059657,0.25927382209069005,0.4983100281080281,0.0
218,0.0192,0.3370104769682766,0.26533165143854415,0.5044898147038503,0.0
219,0.0192,0.4313111606596639,0.3178120971654297,0.55742871058396,0.0
220,0.0192,0.5628497289311956,0.36870196817221906,0.46778549275248327,0.0
221,0.0192,0.6164258842062389,0.4179312082838915,0.4179312082838915,0.0
222,0.0192,0.6746931528168505,0.47078513537890265,0.47078513537890265,0.0
223,0.0192,0.7411285589109308,0.5325995613941007,0.5325995613941007,0.0
224,0.5246,0.8066113384935851,0.594522126542205,0.594522126542205,0.0
225,0.5246,0.8696426210559793,0.660737286562564,0.660737286562564,0.0
226,0.5246,0.9449367362704015,0.7313825407108098,0.7313825407108098,0.0
227,0.5246,1.0239374434901671,0.8090753794394072,0.8090753794394072,0.0
228,0.5246,1.0966181473761516,0.8866275227052809,0.8866275227052809,0.0
229,0.5246,1.1777969411532292,0.9602862340047272,0.9602862340047272,0.0
230,0.5246,1.2591892357818169,1.036734861079642,1.036734861079642,0.0
231,0.5246,1.3200517856392189,1.0885515338296656,1.0885515338296656,0.0
232,0.5246,1.371783501946348,1.1378365732268674,1.1378365732268674,0.0
233,0.5246,1.4287119385813565,1.1903775502081038,1.1903775502081038,0.0
234,0.5246,1.5015489649946772,1.2512390201024373,1.005993309,0.0
235,0.5246,1.5226430534711417,1.2820314190458166,1.2820314190458166,0.0
236,0.5246,1.5467067363547025,1.3134569496773927,1.3134569496773927,0.0
237,0.5246,1.5773230089663488,1.3436560642443223,1.1668317446934156,0.0
238,0.5246,1.5804212445782257,1.357187700174848,1.357187700174848,0.0
239,0.5246,1.5907135309460863,1.3712694897591722,1.1064763814411382,0.0
240,0.5246,1.5827628842958454,1.3679695687671436,1.1015207979841395,0.0
241,0.5246,1.5661463253137056,1.3619937683384817,1.094442398475468,0.0
242,0.5246,1.5290617161154354,1.3355384101961174,1.06863449560537,0.0
243,0.5246,1.5086257544063888,1.3158272347625577,1.046198244253498,0.0
244,0.5246,1.485611111681805,1.2967314429939285,1.0258951003678993,0.0
245,0.5246,1.4704353710321434,1.2775765925704434,1.0067402499444142,0.0
246,0.5246,1.477381611555658,1.2759891178013523,1.0047609968697742,0.0
247,0.5246,1.4857497448904544,1.2760749018387858,1.0039413749882777,0.0
248,0.5246,1.5057113367943558,1.2791974177821168,1.0056744418521386,0.0
249,0.5246,1.495760841568508,1.276117931553557,1.0044968972206583,0.0
250,0.5246,1.4691124901799162,1.2561857133248766,0.9873685090238014,0.0
251,0.5246,1.4048081281847038,1.2179680309073766,1.2179680309073766,0.0
252,0.5246,1.3466507278928028,1.179304442731211,1.179304442731211,0.0
253,0.5246,1.2821971137960264,1.1582044919270973,1.1582044919270973,0.0
254,0.5246,1.215720519143307,1.120992224597941,1.120992224597941,0.0
255,0.5246,1.161625651854317,1.0820867898590607,1.0820867898590607,0.0
256,0.5246,1.1084459017188548,1.0416097817574552,1.0416097817574552,0.0
257,0.5246,1.0779656627055776,1.0051403623829818,1.0051403623829818,0.0
258,0.5246,0.9712506120670054,0.9120315205559748,0.9120315205559748,0.0
259,0.5246,0.8651586260773209,0.8198218088304696,0.8198218088304696,0.0
260,0.5246,0.7550465875970334,0.7257724652935598,0.7257724652935598,0.0
261,0.5246,0.7007602802043551,0.6753495013028614,0.6753495013028614,0.0
262,0.5246,0.6470895919017234,0.6247535638682202,0.6247535638682202,0.0
263,0.5246,0.5978199441679535,0.5766901480086468,0.5766901480086468,0.0
264,0.5246,0.550588162077266,0.5287902277818405,0.5287902277818405,0.0
265,0.5246,0.5583171659467556,0.5248606475724108,0.5248606475724108,0.0
266,0.5246,0.5637607930625181,0.5223468611872821,0.5223468611872821,0.0
267,0.5246,0.5664540314997133,0.5205970443862838,0.5205970443862838,0.0
268,0.5246,0.5687948469273789,0.5218453017096985,0.5218453017096985,0.0
269,0.5246,0.5593243183302415,0.515998854664422,0.515998854664422,0.0
270,0.5246,0.5540343412483374,0.5088429109230321,0.5088429109230321,0.0
271,0.5246,0.548939678741733,0.5009035629737147,0.5009035629737147,0.0
272,0.5246,0.5459278630819299,0.4910386161910088,0.4910386161910088,0.0
273,0.5246,0.5154473159456437,0.49483426582356316,0.49483426582356316,0.0
274,0.5246,0.5513049935400521,0.49811055495041723,0.49811055495041723,0.0
275,0.5246,0.4142242488973747,0.500090772304376,0.500090772304376,0.0
276,0.5246,0.6763565243404099,0.5035179775826933,0.5035179775826933,0.0
277,0.5246,0.5951667224046266,0.49813125948084336,0.49813125948084336,0.0
278,0.5246,0.4345403705251544,0.49245142004351505,0.49245142004351505,0.0
279,0.5246,0.5910271911900974,0.48859709429235093,0.48859709429235093,0.0
280,0.0192,0.571239767645978,0.481425697077675,0.481425697077675,0.0
281,0.0192,0.4177636299803922,0.4568867764016522,0.4568867764016522,0.0
282,0.0192,0.5860656209356667,0.4331387168660886,0.4331387168660886,0.0
283,0.0192,0.533355041804719,0.4060562803408104,0.4060562803408104,0.0
284,0.0192,0.3520049875307001,0.38530887491873383,0.38530887491873383,0.0
285,0.0192,0.4903005388048085,0.3571920335095275,0.3571920335095275,0.0
286,0.0192,0.43142609676392296,0.3308221608084531,0.3308221608084531,0.0
287,0.0192,0.2786646805326371,0.3064534086028348,0.3064534086028348,0.0
288,0.0192,0.34406767306581315,0.2826567180271682,0.5280434475128376,0.0
289,0.0192,0.39474322461013256,0.2862942784534114,0.5314243608171191,0.0
290,0.0192,0.32368918353265796,0.29376541229843384,0.5387993903433894,0.0
291,0.0192,0.3923908323395587,0.30085674492636233,0.5456667723450854,0.0
292,0.0192,0.3692348317297614,0.3066850005155406,0.5513991743604897,0.0
293,0.0192,0.34695026441873905,0.30555967871832507,0.5499230307318791,0.0
294,0.0192,0.42460254348416426,0.3027715268765259,0.5472304577761348,0.0
295,0.0192,0.3707798484082718,0.30336955001858934,0.5487241692282203,0.0
296,0.0192,0.29375109834273716,0.3030624296375563,0.3030624296375563,0.0
297,0.0192,0.40463155920906646,0.30287319301931803,0.30287319301931803,0.0
298,0.0192,0.42671306942176107,0.30464634885293557,0.30464634885293557,0.0
299,0.0192,0.29167935618037977,0.3021034252053662,0.3021034252053662,0.0
300,0.0192,0.3955400984942248,0.3011574436904456,0.3011574436904456,0.0
301,0.0192,0.41963621150321717,0.2996472068928442,0.2996472068928442,0.0
302,0.0192,0.33373480726869487,0.29774782937271516,0.29774782937271516,0.0
303,0.0192,0.37803251159412476,0.2923433125829185,0.2923433125829185,0.0
304,0.0192,0.3463620958133934,0.2867971762772116,0.2867971762772116,0.0
305,0.0192,0.2646977806006826,0.2823874140424915,0.2823874140424915,0.0
306,0.0192,0.33990136260619913,0.2776185071782526,0.2776185071782526,0.0
307,0.0192,0.39326424409287614,0.27683401697903093,0.27683401697903093,0.0
308,0.0192,0.30726127440006856,0.2786427953783942,0.2786427953783942,0.0
309,0.0192,0.3554477318284013,0.27680337596179144,0.5225438739958675,0.0
310,0.0192,0.331790749703756,0.27073031822807314,0.371930845627394,0.0
311,0.0192,0.2655672701457787,0.27447019306881737,0.27447019306881737,0.0
312,0.0192,0.3995083059159284,0.29084813473455867,0.29084813473455867,0.0
313,0.0192,0.4135797074835533,0.29477686144025594,0.29477686144025594,0.0
314,0.0192,0.2918971519873217,0.3049242957202796,0.3049242957202796,0.0
315,0.0192,0.4752316768747538,0.3568940460765341,0.3568940460765341,0.0
316,0.0192,0.5748219257348856,0.40891825512679136,0.40891825512679136,0.0
317,0.0192,0.6270993574283457,0.46131545054773415,0.46131545054773415,0.0
318,0.0192,0.6842181562527838,0.5150362289882346,0.5150362289882346,0.0
319,0.0192,0.7469941976500767,0.5731697683788894,0.5731697683788894,0.0
320,0.5246,0.8114822272283493,0.6337059937519783,0.6337059937519783,0.0
321,0.5246,0.8751949780668531,0.698456921282791,0.698456921282791,0.0
322,0.5246,0.9411185127158377,0.7650180183674451,0.7650180183674451,0.0
323,0.5246,1.0165525474679502,0.8404862857522751,0.8404862857522751,0.0
324,0.5246,1.093117926669599,0.913045345489197,0.913045345489197,0.0
325,0.5246,1.1690413453168174,0.9848356573476698,0.9848356573476698,0.0
326,0.5246,1.2462437190653164,1.0564259781843428,1.0564259781843428,0.0
327,0.5246,1.289692354036495,1.1005676981788577,1.1005676981788577,0.0
328,0.5246,1.3373192650306747,1.1433297026116978,1.1433297026116978,0.0
329,0.5246,1.3939468022125596,1.1907828192092722,1.1907828192092722,0.0
330,0.5246,1.4446190060934907,1.2364700104495734,1.2364700104495734,0.0
331,0.5246,1.469603131712488,1.260122116404482,1.260122116404482,0.0
332,0.5246,1.4951636105274742,1.28196665854914,1.28196665854914,0.0
333,0.5246,1.5199524897766274,1.3042503335225453,1.3042503335225453,0.0
334,0.5246,1.5219701305582887,1.3115028731961265,1.3115028731961265,0.0
335,0.5246,1.5284089006749721,1.3214470429834595,1.0658581662113766,0.0
336,0.5246,1.5118530640792582,1.310699256448408,1.0549360590674228,0.0
337,0.5246,1.4921293334630235,1.2970081630783452,1.1438427444262007,0.0
338,0.5246,1.4553896503376134,1.2648068173689688,1.2648068173689688,0.0
339,0.5246,1.4248076552086246,1.2375513730220593,1.2375513730220593,0.0
340,0.5246,1.399044459692862,1.2148009720308086,0.9572106436890035,0.0
341,0.5246,1.3629458965289571,1.1888805398092066,0.9330126358790757,0.0
342,0.5246,1.348110413319757,1.1822625577791135,0.9268477641542667,0.0
343,0.5246,1.338759716247191,1.1769237713470622,0.9206011466033848,0.0
344,0.5246,1.3398896264269506,1.1781416492527175,0.9202679042382766,0.0
345,0.5246,1.3375949602711736,1.17656333679404,0.9186895917795991,0.0
346,0.5246,1.3220072956645639,1.1648361170800867,0.9080571524128722,0.0
347,0.5246,1.312340138723207,1.1560344749464933,0.8970565743940072,0.0
348,0.5246,1.2902834527226563,1.1407105148782153,0.8838260101515405,0.0
349,0.5246,1.268245803214912,1.1268726714617396,0.8707251304781332,0.0
350,0.5246,1.2317826403279226,1.100089121371745,0.8442910313308173,0.0
351,0.5246,1.1919379266012085,1.0705631660964343,1.0705631660964343,0.0
352,0.5246,1.154495314398221,1.041446144577239,1.041446144577239,0.0
353,0.5246,1.1173136826360628,1.0123824521147977,1.0123824521147977,0.0
354,0.5246,1.0004168293551268,0.9207396253705629,0.9207396253705629,0.0
355,0.5246,0.8895430842948013,0.8315969396596438,0.8315969396596438,0.0
356,0.5246,0.7744430449409181,0.7390881918999745,0.7390881918999745,0.0
357,0.5246,0.7191051885762079,0.6902667962812056,0.6902667962812056,0.0
358,0.5246,0.663088154461174,0.6404792165824185,0.6404792165824185,0.0
359,0.5246,0.6046502759911185,0.5884802399463648,0.5884802399463648,0.0
360,0.5246,0.5455804735130794,0.5380214461253569,0.5380214461253569,0.0
361,0.5246,0.5447651894913593,0.5310843334498685,0.5310843334498685,0.0
362,0.5246,0.5450343866169463,0.5254038760103882,0.5254038760103882,0.0
363,0.5246,0.5477036493045675,0.521269516655497,0.521269516655497,0.0
364,0.5246,0.5500661257119341,0.5183060984939676,0.5183060984939676,0.0
365,0.5246,0.5459864693011668,0.5109775521418782,0.5109775521418782,0.0
366,0.5246,0.5430649240896533,0.5000312892431819,0.5000312892431819,0.0
367,0.5246,0.5407982022457658,0.49215138235115397,0.49215138235115397,0.0
368,0.5246,0.5398201142198349,0.48392857171332776,0.48392857171332776,0.0
369,0.5246,0.4983846644584843,0.4862751792707428,0.4862751792707428,0.0
370,0.5246,0.5467282500293434,0.4903656348205647,0.4903656348205647,0.0
371,0.5246,0.4140515710450998,0.49313617051527514,0.49313617051527514,0.0
372,0.5246,0.6599897403054305,0.4989590523426832,0.4989590523426832,0.0
373,0.5246,0.595117613202681,0.49229394665711423,0.49229394665711423,0.0
374,0.5246,0.4346250270468175,0.4872428438433517,0.4872428438433517,0.0
375,0.5246,0.5891844393667355,0.4814812761486461,0.4814812761486461,0.0
376,0.0192,0.5705647499716415,0.47403739114145815,0.47403739114145815,0.0
377,0.0192,0.4326873160781074,0.45090703756922496,0.45090703756922496,0.0
378,0.0192,0.5806446505426113,0.4248541353346805,0.4248541353346805,0.0
379,0.0192,0.5009039028624259,0.3998163943423666,0.3998163943423666,0.0
380,0.0192,0.35155077263528195,0.37518861504058937,0.37518861504058937,0.0
381,0.0192,0.4398702694607128,0.35081502084548394,0.35081502084548394,0.0
382,0.0192,0.4279281944110791,0.3239926609258936,0.3239926609258936,0.0
383,0.0192,0.27807662818041234,0.30055149035574535,0.30055149035574535,0.0
384,0.0192,0.33872562875354645,0.2728886098722899,0.2728886098722899,0.0
385,0.0192,0.3899574875332844,0.2750058725022064,0.2750058725022064,0.0
386,0.0192,0.3199330161211422,0.2797558542228737,0.2797558542228737,0.0
387,0.0192,0.38633273347070385,0.285038205512109,0.285038205512109,0.0
388,0.0192,0.3641800895262635,0.29606432679763306,0.29606432679763306,0.0
389,0.0192,0.3430637049668953,0.27904338898903325,0.27904338898903325,0.0
390,0.0192,0.4148434716739424,0.2895626574097816,0.2895626574097816,0.0
391,0.0192,0.3643204993679917,0.2777747684115281,0.2777747684115281,0.0
392,0.0192,0.2920745088853705,0.28242422959779573,0.28242422959779573,0.0
393,0.0192,0.3680549642532678,0.28111197663417065,0.28111197663417065,0.0
394,0.0192,0.41607430868172823,0.2748981936804519,0.2748981936804519,0.0
395,0.0192,0.33502280272929374,0.2576579657918886,0.2576579657918886,0.0
396,0.0192,0.3792838558406064,0.26665188267753204,0.26665188267753204,0.0
397,0.0192,0.3544792844974176,0.2614130390060078,0.2614130390060078,0.0
398,0.0192,0.2812770802270495,0.2571187056232009,0.2571187056232009,0.0
399,0.0192,0.35083832020275035,0.23699134375284328,0.4726329172101764,0.0
400,0.0192,0.3392902253834182,0.2420061685652021,0.4770569395317309,0.0
401,0.0192,0.26264961215011257,0.24039272251507351,0.47494363569996223,0.0
402,0.0192,0.3208405634593173,0.23382727909098094,0.46837819227586963,0.0
403,0.0192,0.32878046373020964,0.2303452951076312,0.46501363052690525,0.0
404,0.0192,0.2558436450992854,0.23267319313131932,0.4677239640978481,0.0
405,0.0192,0.3046790579399573,0.23267267596709543,0.46813669706467176,0.0
406,0.0192,0.34931180473585133,0.220815277393457,0.45651609448962294,0.0
407,0.0192,0.311637195985614,0.22896351979017143,0.22896351979017143,0.0
408,0.0192,0.30936408406936355,0.23421409821303485,0.23421409821303485,0.0
409,0.0192,0.3623355474963841,0.2391530857815836,0.2391530857815836,0.0
410,0.0192,0.35807773967727863,0.2485838298780206,0.2485838298780206,0.0
411,0.0192,0.4379566694841889,0.2956202016442064,0.39271009393915335,0.0
412,0.0192,0.562060741262317,0.3475489008040869,0.3475489008040869,0.0
413,0.0192,0.6060807004822278,0.390061810199402,0.6256441697923156,0.0
414,0.0192,0.66348621821204,0.44643992697043083,0.44643992697043083,0.0
415,0.0192,0.7265347184544542,0.5028222643958731,0.5028222643958731,0.0
416,0.5246,0.7894387171454764,0.5563223165220889,0.5563223165220889,0.0
417,0.5246,0.8548176151266617,0.6149510113325052,0.6149510113325052,0.0
418,0.5246,0.9203834223511642,0.684366818063,0.684366818063,0.0
419,0.5246,0.9962214920679678,0.7597169852986732,0.7597169852986732,0.0
420,0.5246,1.0699071081383715,0.8336214964161456,0.8336214964161456,0.0
421,0.5246,1.146518269995321,0.9006042666474932,0.9006042666474932,0.0
422,0.5246,1.2201283184031062,0.9777659019775164,0.9777659019775164,0.0
423,0.5246,1.266088724052121,1.0226133408489821,1.0226133408489821,0.0
424,0.5246,1.3136562592263823,1.0658095775017773,1.0658095775017773,0.0
425,0.5246,1.3644578308125561,1.115942630124451,1.115942630124451,0.0
426,0.5246,1.4137190021938808,1.1665312497072664,1.1665312497072664,0.0
427,0.5246,1.4353420616374242,1.1897643533593507,1.1897643533593507,0.0
428,0.5246,1.4567395192498862,1.21263182571008,1.21263182571008,0.0
429,0.5246,1.4789503701506448,1.2376752391017387,1.2376752391017387,0.0
430,0.5246,1.4827320789519196,1.2457981068288075,1.1810549949950482,0.0
431,0.5246,1.4832793696483122,1.250445328894632,1.056111204,0.0
432,0.5246,1.4659889044473648,1.2399208267375186,1.2399208267375186,0.0
433,0.5246,1.4504577190291792,1.2270834962650687,1.031779166,0.0
434,0.5246,1.4200906585746633,1.1970097440386311,1.002976853,0.0
435,0.5246,1.3859250368714011,1.1688711542475037,0.97417454,0.0
436,0.5246,1.3534856987549297,1.1440435748971147,0.945372227,0.0
437,0.5246,1.3234161827942894,1.1208982799781135,0.916569914,0.0
438,0.5246,1.3137474737712687,1.1171559463575667,0.903635552,0.0
439,0.5246,1.3015304975635127,1.1125345278702015,0.890701191,0.0
440,0.5246,1.2897006105728446,1.1101823244873061,0.884156422,0.0
441,0.5246,1.281123611466939,1.1083433695522098,0.877611653,0.0
442,0.5246,1.2650092217967375,1.0991849683315604,0.862417387,0.0
443,0.5246,1.247608121656036,1.0868587977910298,0.847223122,0.0
444,0.5246,1.2249187110983726,1.0740040729225901,1.0740040729225901,0.0
445,0.5246,1.204420911047282,1.0609232171372383,1.0609232171372383,0.0
446,0.5246,1.1683498580267564,1.0345631688617465,1.0345631688617465,0.0
447,0.5246,1.1354670597082563,1.0108493780905996,0.7657192957268919,0.0
448,0.5246,1.0957612565831907,0.983367418991776,0.983367418991776,0.0
449,0.5246,1.0645809043851215,0.9573660238990784,0.9573660238990784,0.0
450,0.5246,0.9563764106343344,0.8715130817406171,0.626615273,0.0
451,0.5246,0.8447940841830196,0.7830998593831093,0.7830998593831093,0.0
452,0.5246,0.7351112015851731,0.6927048841586955,0.454777721,0.0
453,0.5246,0.6763108065429615,0.6433812997808557,0.6433812997808557,0.0
454,0.5246,0.6235240618371614,0.595308091462872,0.595308091462872,0.0
455,0.5246,0.5677269834851937,0.5434584771584361,0.5434584771584361,0.0
456,0.5246,0.5119753585001792,0.49149563679619596,0.49149563679619596,0.0
457,0.5246,0.5168003144967177,0.4863338174136265,0.4863338174136265,0.0
458,0.5246,0.5189100549172269,0.4794891058919387,0.4794891058919387,0.0
459,0.5246,0.5207513318369673,0.47386750865565597,0.47386750865565597,0.0
460,0.5246,0.5249958917517958,0.4653088084059768,0.4653088084059768,0.0
461,0.5246,0.524083627023582,0.4564327938607079,0.4564327938607079,0.0
462,0.5246,0.5226469201427598,0.44539135753496173,0.44539135753496173,0.0
463,0.5246,0.5215090971187233,0.43342471833457075,0.43342471833457075,0.0
464,0.5246,0.5201833005066685,0.42893266635672056,0.42893266635672056,0.0
465,0.5246,0.43789813733181715,0.4251663927094411,0.4251663927094411,0.0
466,0.5246,0.5061817019619443,0.4243390935910121,0.4243390935910121,0.0
467,0.5246,0.4584649001463899,0.43136946547773347,0.43136946547773347,0.0
468,0.5246,0.5133095557549208,0.4341849770941294,0.4341849770941294,0.0
469,0.5246,0.5032428593680649,0.4223161041468298,0.4223161041468298,0.0
470,0.5246,0.48168469885198006,0.4320451470544294,0.4320451470544294,0.0
471,0.5246,0.5690926322769708,0.415532319216419,0.415532319216419,0.0
472,0.0192,0.5090201727577317,0.4160074605669771,0.4160074605669771,0.0
473,0.0192,0.44840349780619393,0.39573234215672204,0.39573234215672204,0.0
474,0.0192,0.5416782616265104,0.3710587264955356,0.3710587264955356,0.0
475,0.0192,0.44031338397472664,0.3508831108374875,0.3508831108374875,0.0
476,0.0192,0.34907715414699336,0.3240499308288388,0.3240499308288388,0.0
477,0.0192,0.3975754184668133,0.29291259055489416,0.29291259055489416,0.0
478,0.0192,0.3920817284702458,0.27678356900083,0.27678356900083,0.0
479,0.0192,0.32153385257603734,0.24257754839794138,0.24257754839794138,0.0
480,0.0192,0.3217065903063619,0.22228090984590887,0.212565294,0.0
481,0.0192,0.328570879813703,0.220592978,0.220592978,0.0
482,0.0192,0.2707239146703499,0.228620662,0.228620662,0.0
483,0.0192,0.35328351778873957,0.236648345,0.236648345,0.0
484,0.0192,0.358055632427278,0.244676029,0.244676029,0.0
485,0.0192,0.289830362907455,0.244867539,0.244867539,0.0
486,0.0192,0.3511681131117941,0.245059049,0.245059049,0.0
487,0.0192,0.3589619619669347,0.245250559,0.245250559,0.0
488,0.0192,0.29039483007326006,0.24544207,0.24544207,0.0
489,0.0192,0.33393376088812576,0.24563358,0.24563358,0.0
490,0.0192,0.361492169543391,0.24582509,0.24582509,0.0
491,0.0192,0.28803405982815355,0.243515658,0.243515658,0.0
492,0.0192,0.28530242819378426,0.241206226,0.241206226,0.0
493,0.0192,0.28250170894280846,0.238896794,0.238896794,0.0
494,0.0192,0.35668276518231756,0.236587363,0.236587363,0.0
495,0.0192,0.33846575620818037,0.230969076,0.230969076,0.0
496,0.0192,0.2663733840849515,0.225350789,0.225350789,0.0
497,0.0192,0.26137169158292917,0.221152412,0.221152412,0.0
498,0.0192,0.25631434495791,0.216954034,0.216954034,0.0
499,0.0192,0.3166748834353653,0.216151637,0.216151637,0.0
500,0.0192,0.31772792939940303,0.215349241,0.215349241,0.0
501,0.0192,0.2532970265406382,0.214546844,0.214546844,0.0
502,0.0192,0.25230327688574866,0.213744447,0.213744447,0.0
503,0.0192,0.2618895194381753,0.221926724,0.221926724,0.0
504,0.0192,0.34757079891390763,0.230109,0.230109,0.0
505,0.0192,0.34279105357148754,0.236871367,0.236871367,0.0
506,0.0192,0.28767453913376717,0.243633734,0.243633734,0.0
507,0.0192,0.34517556160204454,0.291348413,0.291348413,0.0
508,0.0192,0.5539467437922065,0.339063091,0.339063091,0.0
509,0.0192,0.5930822134361412,0.38677777,0.38677777,0.0
510,0.0192,0.6501218420847924,0.434492449,0.434492449,0.0
511,0.0192,0.7145045586729628,0.485708256,0.485708256,0.0
512,0.5246,0.7806620248744454,0.536924064,0.536924064,0.0
513,0.5246,0.8452929512615679,0.588139871,0.588139871,0.0
514,0.5246,0.9113121939521314,0.639355678,0.639355678,0.0
515,0.5246,0.9826597402056232,0.696215618,0.696215618,0.0
516,0.5246,1.060433386655375,0.753075558,0.753075558,0.0
517,0.5246,1.1338891697228488,0.809935497,0.809935497,0.0
518,0.5246,1.2106457748222215,0.866795437,0.866795437,0.0
519,0.5246,1.2511021579769772,0.897943709,0.897943709,0.0
520,0.5246,1.298422615949741,0.929091982,0.929091982,0.0
521,0.5246,1.3482732021766815,0.967542645,0.967542645,0.0
522,0.5246,1.4096571250419745,1.005993309,1.005993309,0.0
523,0.5246,1.4252954295117715,1.021681965,1.021681965,0.0
524,0.5246,1.4463640751449172,1.037370621,1.037370621,0.0
525,0.5246,1.4746497905352023,1.053059277,1.053059277,0.0
526,0.5246,1.47129244664945,1.054585241,1.054585241,0.0
527,0.5246,1.4770909304970137,1.056111204,1.056111204,0.0
528,0.5246,1.4622426040298313,1.043945185,1.043945185,0.0
529,0.5246,1.4524047550407908,1.031779166,1.031779166,0.0
530,0.5246,1.4288223122550034,1.002976853,1.002976853,0.0
531,0.5246,1.4052774283034963,0.97417454,0.97417454,0.0
532,0.5246,1.3728229995460448,0.945372227,0.945372227,0.0
533,0.5246,1.3385368675866727,0.916569914,0.916569914,0.0
534,0.5246,1.332971597680452,0.903635552,0.903635552,0.0
535,0.5246,1.3230472009213512,0.890701191,0.890701191,0.0
536,0.5246,1.309900060551072,0.884156422,0.884156422,0.0
537,0.5246,1.314734748519247,0.877611653,0.877611653,0.0
538,0.5246,1.304011731389633,0.862417387,0.862417387,0.0
539,0.5246,1.278822529984568,0.847223122,0.847223122,0.0
540,0.5246,1.255139149511651,0.832028856,0.832028856,0.0
541,0.5246,1.2304596242856318,0.816834591,0.816834591,0.0
542,0.5246,1.197108457300485,0.790759455,0.790759455,0.0
543,0.5246,1.165433340528162,0.76468432,0.76468432,0.0
544,0.5246,1.1327609074865137,0.738609184,0.738609184,0.0
545,0.5246,1.0956876359740864,0.712534049,0.712534049,0.0
546,0.5246,0.9807532202642262,0.626615273,0.626615273,0.0
547,0.5246,0.870840139854856,0.540696497,0.540696497,0.0
548,0.5246,0.7544789299052502,0.454777721,0.454777721,0.0
549,0.5246,0.6994082375977435,0.413079271,0.413079271,0.0
550,0.5246,0.645474242775897,0.371380821,0.371380821,0.0
551,0.5246,0.5857777719440787,0.329682371,0.329682371,0.0
552,0.5246,0.5264004430035097,0.287983921,0.287983921,0.0
553,0.5246,0.5306996741052988,0.292252291,0.292252291,0.0
554,0.5246,0.5326137706949117,0.296520662,0.296520662,0.0
555,0.5246,0.5348996822874786,0.300789032,0.300789032,0.0
556,0.5246,0.5384584914444306,0.305057403,0.305057403,0.0
557,0.5246,0.5382119569074837,0.305448022,0.305448022,0.0
558,0.5246,0.5350005696898067,0.305838641,0.305838641,0.0
559,0.5246,0.5338219630407203,0.30622926,0.30622926,0.0
560,0.5246,0.5321421679719589,0.306619879,0.306619879,0.0
561,0.5246,0.4776753243659174,0.319582437,0.319582437,0.0
562,0.5246,0.5405381934354195,0.332544994,0.332544994,0.0
563,0.5246,0.4126572446664939,0.345507552,0.345507552,0.0
564,0.5246,0.5724247310271504,0.35847011,0.35847011,0.0
565,0.5246,0.5547550987254339,0.360742563,0.360742563,0.0
566,0.5246,0.4328972701067762,0.363015016,0.363015016,0.0
567,0.5246,0.5726141300360026,0.36528747,0.36528747,0.0
568,0.0192,0.5598114938598494,0.367559923,0.367559923,0.0
569,0.0192,0.41603577619418963,0.349277789,0.349277789,0.0
570,0.0192,0.5479581258592097,0.330995655,0.330995655,0.0
571,0.0192,0.4918976346515084,0.312713522,0.312713522,0.0
572,0.0192,0.34986594078021843,0.294431388,0.294431388,0.0
573,0.0192,0.4034773685063936,0.273964865,0.273964865,0.0
574,0.0192,0.4205416089637596,0.253498341,0.253498341,0.0
575,0.0192,0.3214164329455508,0.233031818,0.233031818,0.0
576,0.0192,0.3429400868991002,0.212565294,0.212565294,0.0
577,0.0192,0.3293267957204029,0.220592978,0.220592978,0.0
578,0.0192,0.2709421470055535,0.228620662,0.228620662,0.0
579,0.0192,0.36991364841476226,0.236648345,0.236648345,0.0
580,0.0192,0.4034559646254804,0.244676029,0.244676029,0.0
581,0.0192,0.28983586766062686,0.244867539,0.244867539,0.0
582,0.0192,0.35000947005305255,0.245059049,0.245059049,0.0
583,0.0192,0.3587086240602298,0.245250559,0.245250559,0.0
584,0.0192,0.2903509630226885,0.24544207,0.24544207,0.0
585,0.0192,0.3300132394180128,0.24563358,0.24563358,0.0
586,0.0192,0.3596779985110621,0.24582509,0.24582509,0.0
587,0.0192,0.287898827744836,0.243515658,0.243515658,0.0
588,0.0192,0.28515245932928457,0.241206226,0.241206226,0.0
589,0.0192,0.2823641873770014,0.238896794,0.238896794,0.0
590,0.0192,0.31625712933878547,0.236587363,0.236587363,0.0
591,0.0192,0.30482046235761917,0.230969076,0.230969076,0.0
592,0.0192,0.2662344589927431,0.225350789,0.225350789,0.0
593,0.0192,0.2611920762124321,0.221152412,0.221152412,0.0
594,0.0192,0.2562573010289855,0.216954034,0.216954034,0.0
595,0.0192,0.25534267477348,0.216151637,0.216151637,0.0
596,0.0192,0.2544562460242131,0.215349241,0.215349241,0.0
597,0.0192,0.2535364570361037,0.214546844,0.214546844,0.0
598,0.0192,0.2525835348861296,0.213744447,0.213744447,0.0
599,0.0192,0.26218432298415767,0.221926724,0.221926724,0.0
600,0.0192,0.27179541304347826,0.230109,0.230109,0.0
601,0.0192,0.3304986034579161,0.236871367,0.236871367,0.0
602,0.0192,0.35309231135635494,0.243633734,0.243633734,0.0
603,0.0192,0.34426953427633805,0.291348413,0.291348413,0.0
604,0.0192,0.5501775304808013,0.339063091,0.339063091,0.0
605,0.0192,0.5963920617153037,0.38677777,0.38677777,0.0
606,0.0192,0.6546316355753411,0.434492449,0.434492449,0.0
607,0.0192,0.7197808810501574,0.485708256,0.485708256,0.0
608,0.5246,0.7847428566900688,0.536924064,0.536924064,0.0
609,0.5246,0.8491249342048337,0.588139871,0.588139871,0.0
610,0.5246,0.919513430022175,0.639355678,0.639355678,0.0
611,0.5246,0.9993571721647451,0.696215618,0.696215618,0.0
612,0.5246,1.069182156731904,0.753075558,0.753075558,0.0
613,0.5246,1.1485314496856307,0.809935497,0.809935497,0.0
614,0.5246,1.2212450209262635,0.866795437,0.866795437,0.0
615,0.5246,1.2760458373790151,0.897943709,0.897943709,0.0
616,0.5246,1.3233229378071794,0.929091982,0.929091982,0.0
617,0.5246,1.3695980521678122,0.967542645,0.967542645,0.0
618,0.5246,1.4217151263489831,1.005993309,1.005993309,0.0
619,0.5246,1.4473090966273021,1.021681965,1.021681965,0.0
620,0.5246,1.4699428321117276,1.037370621,1.037370621,0.0
621,0.5246,1.4885453234621948,1.053059277,1.053059277,0.0
622,0.5246,1.4874809108923885,1.054585241,1.054585241,0.0
623,0.5246,1.4855745556752475,1.056111204,1.056111204,0.0
624,0.5246,1.4679636843300172,1.043945185,1.043945185,0.0
625,0.5246,1.4570426088377058,1.031779166,1.031779166,0.0
626,0.5246,1.4223065068005332,1.002976853,1.002976853,0.0
627,0.5246,1.3932796800061145,0.97417454,0.97417454,0.0
628,0.5246,1.3718045567310266,0.945372227,0.945372227,0.0
629,0.5246,1.3414948720756175,0.916569914,0.916569914,0.0
630,0.5246,1.332254427820733,0.903635552,0.903635552,0.0
631,0.5246,1.3143433754005653,0.890701191,0.890701191,0.0
632,0.5246,1.3094964521739203,0.884156422,0.884156422,0.0
633,0.5246,1.3038766040183205,0.877611653,0.877611653,0.0
634,0.5246,1.2788917904669939,0.862417387,0.862417387,0.0
635,0.5246,1.2669979372392306,0.847223122,0.847223122,0.0
636,0.5246,1.2455793805954873,0.832028856,0.832028856,0.0
637,0.5246,1.2273841960675764,0.816834591,0.816834591,0.0
638,0.5246,1.200024922416791,0.790759455,0.790759455,0.0
639,0.5246,1.1646725226574277,0.76468432,0.76468432,0.0
640,0.5246,1.1326993672883945,0.738609184,0.738609184,0.0
641,0.5246,1.0944120218797635,0.712534049,0.712534049,0.0
642,0.5246,0.9787380560308723,0.626615273,0.626615273,0.0
643,0.5246,0.8643682900094138,0.540696497,0.540696497,0.0
644,0.5246,0.753914248589143,0.454777721,0.454777721,0.0
645,0.5246,0.6979002943676949,0.413079271,0.413079271,0.0
646,0.5246,0.6419295606618322,0.371380821,0.371380821,0.0
647,0.5246,0.5858438478969377,0.329682371,0.329682371,0.0
648,0.5246,0.5305703147890339,0.287983921,0.287983921,0.0
649,0.5246,0.5338289948382373,0.292252291,0.292252291,0.0
650,0.5246,0.5385318052223023,0.296520662,0.296520662,0.0
651,0.5246,0.5430609942883927,0.300789032,0.300789032,0.0
652,0.5246,0.5445670497506501,0.305057403,0.305057403,0.0
653,0.5246,0.5426113445549916,0.305448022,0.305448022,0.0
654,0.5246,0.5414654645356554,0.305838641,0.305838641,0.0
655,0.5246,0.5399349073922088,0.30622926,0.30622926,0.0
656,0.5246,0.5377183729008689,0.306619879,0.306619879,0.0
657,0.5246,0.4437489737518615,0.319582437,0.319582437,0.0
658,0.5246,0.5489660864709338,0.332544994,0.332544994,0.0
659,0.5246,0.46674078625058113,0.345507552,0.345507552,0.0
660,0.5246,0.5291555710361313,0.35847011,0.35847011,0.0
661,0.5246,0.5645002755162205,0.360742563,0.360742563,0.0
662,0.5246,0.4843525307652197,0.363015016,0.363015016,0.0
663,0.5246,0.5250384946741291,0.36528747,0.36528747,0.0
664,0.0192,0.5535147598592853,0.367559923,0.367559923,0.0
665,0.0192,0.4669682234939889,0.349277789,0.349277789,0.0
666,0.0192,0.4718206519716824,0.330995655,0.330995655,0.0
667,0.0192,0.4472897450289221,0.312713522,0.312713522,0.0
668,0.0192,0.39981865160967966,0.294431388,0.294431388,0.0
669,0.0192,0.4972628527912996,0.312145941,0.312145941,0.0
670,0.0192,0.44233912427243804,0.311926375,0.311926375,0.0
671,0.0192,0.3706380169740358,0.311706808,0.311706808,0.0
