,PV2Blgd,G2Blgd,Bat2Blgd,EV2Blgd,GridPurchase,PVcurt,PV2Bat,PV2EV,G2Bat,G2EV,Bat2EV,EV2Bat,TOU,Load,SoC_Bat,SoC_EV
0,0.0,209.8268721523973,0.0,0.0,209.8268721523973,0.0,0.0,0.0,0.0,0.0,0.0,0.0,0.0192,209.8268721523973,0.5,0.0
1,0.0,209.9343165006348,0.0,0.0,209.9343165006348,0.0,0.0,0.0,0.0,0.0,0.0,0.0,0.0192,209.9343165006348,0.5,0.0
2,0.0,210.5259766820976,0.0,0.0,210.5259766820976,0.0,0.0,0.0,0.0,0.0,0.0,0.0,0.0192,210.5259766820976,0.5,0.0
3,0.0,210.25634288337636,0.0,0.0,210.25634288337636,0.0,0.0,0.0,0.0,0.0,0.0,0.0,0.0192,210.25634288337636,0.5,0.0
4,0.0,211.17552800096954,0.0,0.0,211.17552800096954,0.0,0.0,0.0,0.0,0.0,0.0,0.0,0.0192,211.17552800096954,0.5,0.0
5,0.0,212.92838464897767,0.0,0.0,212.92838464897767,0.0,0.0,0.0,0.0,0.0,0.0,0.0,0.0192,212.92838464897767,0.5,0.0
6,0.0,214.54393461210137,0.0,0.0,214.54393461210137,0.0,0.0,0.0,0.0,0.0,0.0,0.0,0.0192,214.54393461210137,0.5,0.0
7,0.0,215.61352737262538,0.0,0.0,280.6135273726254,0.0,0.0,0.0,65.0,0.0,0.0,0.0,0.0192,215.61352737262538,0.559375,0.0
8,0.0,112.29286114989863,0.0,0.0,177.2928611498986,0.0,0.0,0.0,65.0,0.0,0.0,0.0,0.0192,112.29286114989863,0.6187499999999999,0.0
9,0.0,155.11312304555452,0.0,0.0,220.11312304555452,0.0,0.0,0.0,65.0,0.0,0.0,0.0,0.0192,155.11312304555452,0.6781249999999999,0.0
10,0.0,112.23337603016924,0.0,0.0,177.23337603016924,0.0,0.0,0.0,65.0,0.0,0.0,0.0,0.0192,112.23337603016924,0.7374999999999998,0.0
11,0.0,112.23393163081987,0.0,0.0,177.23393163081988,0.0,0.0,0.0,65.0,0.0,0.0,0.0,0.0192,112.23393163081987,0.7968749999999998,0.0
12,0.0,112.70480127657954,0.0,0.0,177.70480127657953,0.0,0.0,0.0,65.0,0.0,0.0,0.0,0.0192,112.70480127657954,0.8562499999999997,0.0
13,0.0,112.6173292236986,0.0,0.0,155.63264193408992,0.0,0.0,0.0,43.01531271039133,0.0,0.0,0.0,0.0192,112.6173292236986,0.895542833725838,0.0
14,0.0,112.43909748429849,0.0,0.0,112.43909748429849,0.0,0.0,0.0,0.0,0.0,0.0,0.0,0.0192,112.43909748429849,0.895542833725838,0.0
15,0.0,216.38254076776107,0.0,0.0,216.38254076776107,0.0,0.0,0.0,0.0,0.0,0.0,0.0,0.0192,216.38254076776107,0.895542833725838,0.0
16,0.0,112.7353522519261,0.0,0.0,112.7353522519261,0.0,0.0,0.0,0.0,0.0,0.0,0.0,0.0192,112.7353522519261,0.895542833725838,0.0
17,0.0,114.17510353920646,0.0,0.0,114.17510353920646,0.0,0.0,0.0,0.0,0.0,0.0,0.0,0.0192,114.17510353920646,0.895542833725838,0.0
18,0.0,114.81662810214571,0.0,0.0,114.81662810214571,0.0,0.0,0.0,0.0,0.0,0.0,0.0,0.0192,114.81662810214571,0.895542833725838,0.0
19,0.0,115.06398447457593,0.0,0.0,115.06398447457593,0.0,0.0,0.0,0.0,0.0,0.0,0.0,0.0192,115.06398447457593,0.895542833725838,0.0
20,0.0,115.43495721340557,0.0,0.0,115.43495721340557,0.0,0.0,0.0,0.0,0.0,0.0,0.0,0.0192,115.43495721340557,0.895542833725838,0.0
21,0.0,115.52254770881817,0.0,0.0,115.52254770881817,0.0,0.0,0.0,0.0,0.0,0.0,0.0,0.0192,115.52254770881817,0.895542833725838,0.0
22,0.0,115.43501649977041,0.0,0.0,115.43501649977041,0.0,0.0,0.0,0.0,0.0,0.0,0.0,0.0192,115.43501649977041,0.895542833725838,0.0
23,0.0,115.28293667648377,0.0,0.0,115.28293667648377,0.0,0.0,0.0,0.0,0.0,0.0,0.0,0.0192,115.28293667648377,0.895542833725838,0.0
24,0.0,115.15597333695342,0.0,0.0,115.15597333695342,0.0,0.0,0.0,0.0,0.0,0.0,0.0,0.0192,115.15597333695342,0.895542833725838,0.0
25,0.0,116.09227846019319,0.0,0.0,116.09227846019319,0.0,0.0,0.0,0.0,0.0,0.0,0.0,0.0192,116.09227846019319,0.895542833725838,0.0
26,0.0,116.0925776608874,0.0,0.0,116.0925776608874,0.0,0.0,0.0,0.0,0.0,0.0,0.0,0.0192,116.0925776608874,0.895542833725838,0.0
27,0.0,115.84175353902181,0.0,0.0,115.84175353902181,0.0,0.0,0.0,0.0,0.0,0.0,0.0,0.0192,115.84175353902181,0.895542833725838,0.0
28,0.0,116.3748677254966,0.0,0.0,116.3748677254966,0.0,0.0,0.0,0.0,0.0,0.0,0.0,0.0192,116.3748677254966,0.895542833725838,0.0
29,0.0,116.4391693150221,0.0,0.0,116.4391693150221,0.0,0.764277361952,0.0,0.0,0.0,0.0,0.0,0.0192,116.4391693150221,0.8962409717006979,0.0
30,0.0,116.50221556012833,0.0,0.0,116.50221556012833,0.0,1.2539330205644035,0.0,0.0,0.0,0.0,0.0,0.0192,116.50221556012833,0.8973863912867904,0.0
31,0.0,116.06058707912533,0.0,0.0,116.06058707912533,0.0,2.861213749197857,0.0,0.0,0.0,0.0,0.0,0.0192,116.06058707912533,0.9,0.0
32,3.737003501691668,47.92363663509375,65.0,0.0,47.92363663509375,0.0,0.0,0.0,0.0,0.0,0.0,0.0,0.2583,116.66064013678542,0.8342105263157895,0.0
33,6.131687323292195,45.212101662746576,65.0,0.0,45.212101662746576,0.0,0.0,0.0,0.0,0.0,0.0,0.0,0.2583,116.34378898603877,0.768421052631579,0.0
34,7.0077268594745235,43.770087242457784,65.0,0.0,43.770087242457784,0.0,0.0,0.0,0.0,0.0,0.0,0.0,0.2583,115.77781410193231,0.7026315789473685,0.0
35,6.4939868737740545,43.90973521130292,65.0,0.0,43.90973521130292,0.0,0.0,0.0,0.0,0.0,0.0,0.0,0.2583,115.40372208507698,0.636842105263158,0.0
36,7.479227903783645,42.1533270521772,65.0,0.0,42.1533270521772,0.0,0.0,0.0,0.0,0.0,0.0,0.0,0.2583,114.63255495596084,0.5710526315789475,0.0
37,9.834775534137021,41.00502809847889,65.0,0.0,41.00502809847889,0.0,0.0,0.0,0.0,0.0,0.0,0.0,0.2583,115.83980363261591,0.505263157894737,0.0
38,12.702789925136559,103.48245242064712,0.0,0.0,103.48245242064712,0.0,0.0,0.0,0.0,0.0,0.0,0.0,0.2583,116.18524234578368,0.505263157894737,0.0
39,9.48773429676444,105.57482118584176,0.0,0.0,105.57482118584176,0.0,0.0,0.0,0.0,0.0,0.0,0.0,0.2583,115.0625554826062,0.505263157894737,0.0
40,18.79163384253152,96.58049815319474,0.0,0.0,96.58049815319474,0.0,0.0,0.0,0.0,0.0,0.0,0.0,0.2583,115.37213199572626,0.505263157894737,0.0
41,1.9826434696725368,0.0,0.0,0.0,0.0,0.0,21.826815226768765,0.0,0.0,0.0,0.0,0.0,0.2583,1.9826434696725368,0.525201114111497,0.0
42,1.9826420036466756,0.0,0.0,0.0,0.0,0.0,11.8264498041362,0.0,0.0,0.0,0.0,0.0,0.2583,1.9826420036466756,0.5360041211441213,0.0
43,1.9826414863787345,0.0,0.0,0.0,0.0,0.0,19.268220715655612,0.0,0.0,0.0,0.0,0.0,0.2583,1.9826414863787345,0.5536048996824606,0.0
44,1.9826423467453242,0.0,0.0,0.0,0.0,0.0,22.15361004163438,0.0,0.0,0.0,0.0,0.0,0.2583,1.9826423467453242,0.573841370393569,0.0
45,1.9826423310513617,0.0,0.0,0.0,0.0,0.0,16.13292534260815,0.0,0.0,0.0,0.0,0.0,0.2583,1.9826423310513617,0.588578177196913,0.0
46,1.9826425780932393,0.0,0.0,0.0,0.0,0.0,24.238294163447527,0.0,0.0,0.0,0.0,0.0,0.2583,1.9826425780932393,0.6107189266731391,0.0
47,1.9826441398248242,0.0,0.0,0.0,0.0,0.0,1.8058068335270203,0.0,0.0,0.0,0.0,0.0,0.2583,1.9826441398248242,0.6123684617614571,0.0
48,8.066587668212787,110.36656585015749,0.0,0.0,110.36656585015749,0.0,0.0,0.0,0.0,0.0,0.0,0.0,0.2583,118.43315351837028,0.6123684617614571,0.0
49,22.381788699978433,95.62726858059092,0.0,0.0,95.62726858059092,0.0,0.0,0.0,0.0,0.0,0.0,0.0,0.2583,118.00905728056935,0.6123684617614571,0.0
50,8.348928068992429,0.0,0.0,0.0,0.0,0.0,8.784994994468086,0.0,0.0,0.0,0.0,0.0,0.2583,8.348928068992429,0.6203932168044808,0.0
51,21.516945785712,30.914413971116556,0.0,0.0,30.914413971116556,0.0,0.0,0.0,0.0,0.0,0.0,0.0,0.2583,52.431359756828556,0.6203932168044808,0.0
52,8.341879814781862,0.0,0.0,0.0,0.0,0.0,7.705936654086756,0.0,0.0,0.0,0.0,0.0,0.2583,8.341879814781862,0.62743229355581,0.0
53,28.299417841263814,88.17098144591245,0.0,0.0,88.17098144591245,0.0,0.0,0.0,0.0,0.0,0.0,0.0,0.2583,116.47039928717626,0.62743229355581,0.0
54,20.577975494489618,95.41976590658896,0.0,0.0,95.41976590658896,0.0,0.0,0.0,0.0,0.0,0.0,0.0,0.2583,115.99774140107858,0.62743229355581,0.0
55,18.23059067975249,97.32056753118573,0.0,0.0,97.32056753118573,0.0,0.0,0.0,0.0,0.0,0.0,0.0,0.2583,115.55115821093821,0.62743229355581,0.0
56,25.233447134104313,88.53935371231042,0.0,0.0,88.53935371231042,0.0,0.0,0.0,0.0,0.0,0.0,0.0,0.2583,113.77280084641473,0.62743229355581,0.0
57,42.42857441641355,70.45446982405957,0.0,0.0,70.45446982405957,0.0,0.0,0.0,0.0,0.0,0.0,0.0,0.2583,112.88304424047313,0.62743229355581,0.0
58,9.640737248611421,104.09362010042852,0.0,0.0,104.09362010042852,0.0,0.0,0.0,0.0,0.0,0.0,0.0,0.2583,113.73435734903994,0.62743229355581,0.0
59,12.029382784071752,103.09647022740451,0.0,0.0,103.09647022740451,0.0,0.0,0.0,0.0,0.0,0.0,0.0,0.2583,115.12585301147627,0.62743229355581,0.0
60,17.926804537658143,96.9514928714238,0.0,0.0,96.9514928714238,0.0,0.0,0.0,0.0,0.0,0.0,0.0,0.2583,114.87829740908194,0.62743229355581,0.0
61,12.690948748972994,36.82027464030471,65.0,0.0,36.82027464030471,0.0,0.0,0.0,0.0,0.0,0.0,0.0,0.2583,114.5112233892777,0.5616428198715995,0.0
62,12.792991224596069,36.99373940330801,65.0,0.0,36.99373940330801,0.0,0.0,0.0,0.0,0.0,0.0,0.0,0.2583,114.78673062790408,0.495853346187389,0.0
63,24.593576766137083,24.43064726004294,65.0,0.0,24.43064726004294,0.0,0.0,0.0,0.0,0.0,0.0,0.0,0.2583,114.02422402618002,0.4300638725031785,0.0
64,8.41820920290449,40.48460508159876,65.0,0.0,40.48460508159876,0.0,0.0,0.0,0.0,0.0,0.0,0.0,0.2583,113.90281428450325,0.364274398818968,0.0
65,4.815886636282614,45.588496285391415,65.0,0.0,45.588496285391415,0.0,0.0,0.0,0.0,0.0,0.0,0.0,0.2583,115.40438292167403,0.2984849251347575,0.0
66,8.36615568596457,0.0,0.0,0.0,0.0,0.0,5.540388529279429,0.0,0.0,0.0,0.0,0.0,0.2583,8.36615568596457,0.3035458569643878,0.0
67,4.817033485912901,48.323382536221445,65.0,0.0,48.323382536221445,0.0,0.0,0.0,0.0,0.0,0.0,0.0,0.2583,118.14041602213435,0.23775638328017726,0.0
68,2.3908404465448907,49.653377923370165,65.0,0.0,49.653377923370165,0.0,0.0,0.0,0.0,0.0,0.0,0.0,0.2583,117.04421836991506,0.17196690959596675,0.0
69,2.3771838948000004,49.92244203678986,65.0,0.0,49.92244203678986,0.0,0.0,0.0,0.0,0.0,0.0,0.0,0.2583,117.29962593158986,0.10617743591175621,0.0
70,0.303699444048,118.16435745539007,0.0,0.0,118.16435745539007,0.0,0.0,0.0,0.0,0.0,0.0,0.0,0.2583,118.46805689943807,0.10617743591175621,0.0
71,0.0,118.01098613030148,0.0,0.0,118.01098613030148,0.0,0.0,0.0,0.0,0.0,0.0,0.0,0.2583,118.01098613030148,0.10617743591175621,0.0
72,0.0,117.52488824891277,0.0,0.0,117.52488824891277,0.0,0.0,0.0,0.0,0.0,0.0,0.0,0.2583,117.52488824891277,0.10617743591175621,0.0
73,0.0,117.39657523297834,0.0,0.0,117.39657523297834,0.0,0.0,0.0,0.0,0.0,0.0,0.0,0.2583,117.39657523297834,0.10617743591175621,0.0
74,0.0,117.38880865800986,0.0,0.0,117.38880865800986,0.0,0.0,0.0,0.0,0.0,0.0,0.0,0.2583,117.38880865800986,0.10617743591175621,0.0
75,0.0,117.69360436173382,0.0,0.0,117.69360436173382,0.0,0.0,0.0,0.0,0.0,0.0,0.0,0.2583,117.69360436173382,0.10617743591175621,0.0
76,0.0,118.17403327778747,0.0,0.0,118.17403327778747,0.0,0.0,0.0,0.0,0.0,0.0,0.0,0.2583,118.17403327778747,0.10617743591175621,0.0
77,0.0,118.20618624203703,0.0,0.0,118.20618624203703,0.0,0.0,0.0,0.0,0.0,0.0,0.0,0.2583,118.20618624203703,0.10617743591175621,0.0
78,0.0,8.364989608425471,0.0,0.0,8.364989608425471,0.0,0.0,0.0,0.0,0.0,0.0,0.0,0.2583,8.364989608425471,0.10617743591175621,0.0
79,0.0,8.395358963895472,0.0,0.0,8.395358963895472,0.0,0.0,0.0,0.0,0.0,0.0,0.0,0.2583,8.395358963895472,0.10617743591175621,0.0
80,0.0,8.435826862688586,0.0,0.0,8.435826862688586,0.0,0.0,0.0,0.0,0.0,0.0,0.0,0.2583,8.435826862688586,0.10617743591175621,0.0
81,0.0,8.468295854762687,0.0,0.0,8.468295854762687,0.0,0.0,0.0,0.0,0.0,0.0,0.0,0.2583,8.468295854762687,0.10617743591175621,0.0
82,0.0,8.455933794980826,0.0,0.0,8.455933794980826,0.0,0.0,0.0,0.0,0.0,0.0,0.0,0.2583,8.455933794980826,0.10617743591175621,0.0
83,0.0,2.355812988274878,6.103306680815119,0.0,2.355812988274878,0.0,0.0,0.0,0.0,0.0,0.0,0.0,0.2583,8.459119669089997,0.10000000000000002,0.0
84,0.0,8.459172431058338,0.0,0.0,8.459172431058338,0.0,0.0,0.0,0.0,0.0,0.0,0.0,0.2583,8.459172431058338,0.10000000000000002,0.0
85,0.0,8.478079380429293,0.0,0.0,8.478079380429293,0.0,0.0,0.0,0.0,0.0,0.0,0.0,0.2583,8.478079380429293,0.10000000000000002,0.0
86,0.0,8.499297473782129,0.0,0.0,8.499297473782129,0.0,0.0,0.0,0.0,0.0,0.0,0.0,0.2583,8.499297473782129,0.10000000000000002,0.0
87,0.0,8.505400402641996,0.0,0.0,8.505400402641996,0.0,0.0,0.0,0.0,0.0,0.0,0.0,0.2583,8.505400402641996,0.1,0.0
88,0.0,121.32085869503936,0.0,0.0,121.32085869503936,0.0,0.0,0.0,0.0,0.0,0.0,0.0,0.0192,121.32085869503936,0.10000000000000002,0.0
89,0.0,121.48073629127033,0.0,0.0,121.48073629127033,0.0,0.0,0.0,0.0,0.0,0.0,0.0,0.0192,121.48073629127033,0.10000000000000002,0.0
90,0.0,121.70127288370033,0.0,0.0,121.70127288370033,0.0,0.0,0.0,0.0,0.0,0.0,0.0,0.0192,121.70127288370033,0.10000000000000002,0.0
91,0.0,121.83997625102073,0.0,0.0,121.83997625102073,0.0,0.0,0.0,0.0,0.0,0.0,0.0,0.0192,121.83997625102073,0.10000000000000002,0.0
92,0.0,120.60338866910948,0.0,0.0,120.60338866910948,0.0,0.0,0.0,0.0,0.0,0.0,0.0,0.0192,120.60338866910948,0.10000000000000002,0.0
93,0.0,119.79330096839296,0.0,0.0,119.79330096839296,0.0,0.0,0.0,0.0,0.0,0.0,0.0,0.0192,119.79330096839296,0.10000000000000002,0.0
94,0.0,119.6259289458543,0.0,0.0,119.6259289458543,0.0,0.0,0.0,0.0,0.0,0.0,0.0,0.0192,119.6259289458543,0.10000000000000002,0.0
95,0.0,119.82722720640692,0.0,0.0,119.82722720640692,0.0,0.0,0.0,0.0,0.0,0.0,0.0,0.0192,119.82722720640692,0.1,0.0
96,0.0,119.29300497676971,0.0,0.0,119.29300497676971,0.0,0.0,0.0,0.0,0.0,0.0,0.0,0.0192,119.29300497676971,0.5,0.0
97,0.0,118.99440992856267,0.0,0.0,118.99440992856267,0.0,0.0,0.0,0.0,0.0,0.0,0.0,0.0192,118.99440992856267,0.5,0.0
98,0.0,119.25941320103414,0.0,0.0,119.25941320103414,0.0,0.0,0.0,0.0,0.0,0.0,0.0,0.0192,119.25941320103414,0.5,0.0
99,0.0,120.53554332429628,0.0,0.0,120.53554332429628,0.0,0.0,0.0,0.0,0.0,0.0,0.0,0.0192,120.53554332429628,0.5,0.0
100,0.0,120.33128555016101,0.0,0.0,120.33128555016101,0.0,0.0,0.0,0.0,0.0,0.0,0.0,0.0192,120.33128555016101,0.5,0.0
101,0.0,120.87530179264851,0.0,0.0,120.87530179264851,0.0,0.0,0.0,0.0,0.0,0.0,0.0,0.0192,120.87530179264851,0.5,0.0
102,0.0,121.04704503343456,0.0,0.0,121.04704503343456,0.0,0.0,0.0,0.0,0.0,0.0,0.0,0.0192,121.04704503343456,0.5,0.0
103,0.0,121.32063536915538,0.0,0.0,186.32063536915538,0.0,0.0,0.0,65.0,0.0,0.0,0.0,0.0192,121.32063536915538,0.559375,0.0
104,0.0,121.70096700032768,0.0,0.0,186.7009670003277,0.0,0.0,0.0,65.0,0.0,0.0,0.0,0.0192,121.70096700032768,0.6187499999999999,0.0
105,0.0,121.63167242615657,0.0,0.0,186.63167242615657,0.0,0.0,0.0,65.0,0.0,0.0,0.0,0.0192,121.63167242615657,0.6781249999999999,0.0
106,0.0,121.11509705617891,0.0,0.0,186.1150970561789,0.0,0.0,0.0,65.0,0.0,0.0,0.0,0.0192,121.11509705617891,0.7374999999999998,0.0
107,0.0,119.7930359269483,0.0,0.0,184.7930359269483,0.0,0.0,0.0,65.0,0.0,0.0,0.0,0.0192,119.7930359269483,0.7968749999999998,0.0
108,0.0,118.89512257469256,0.0,0.0,183.89512257469255,0.0,0.0,0.0,65.0,0.0,0.0,0.0,0.0192,118.89512257469256,0.8562499999999997,0.0
109,0.0,118.07610853927567,0.0,0.0,118.07610853927567,0.0,0.0,0.0,0.0,0.0,0.0,0.0,0.0192,118.07610853927567,0.8562499999999997,0.0
110,0.0,227.01114968301272,0.0,0.0,227.01114968301272,0.0,0.0,0.0,0.0,0.0,0.0,0.0,0.0192,227.01114968301272,0.8562499999999997,0.0
111,0.0,226.69694141988973,0.0,0.0,226.69694141988973,0.0,0.0,0.0,0.0,0.0,0.0,0.0,0.0192,226.69694141988973,0.8562499999999997,0.0
112,0.0,225.8855810873408,0.0,0.0,225.8855810873408,0.0,0.0,0.0,0.0,0.0,0.0,0.0,0.0192,225.8855810873408,0.8562499999999997,0.0
113,0.0,162.86384532448182,0.0,0.0,162.86384532448182,0.0,0.0,0.0,0.0,0.0,0.0,0.0,0.0192,162.86384532448182,0.8562499999999997,0.0
114,0.0,118.46802398064315,0.0,0.0,118.46802398064315,0.0,0.0,0.0,0.0,0.0,0.0,0.0,0.0192,118.46802398064315,0.8562499999999997,0.0
115,0.0,119.06085331229522,0.0,0.0,119.06085331229522,0.0,0.0,0.0,0.0,0.0,0.0,0.0,0.0192,119.06085331229522,0.8562499999999997,0.0
116,0.0,119.3916975719348,0.0,0.0,119.3916975719348,0.0,0.0,0.0,0.0,0.0,0.0,0.0,0.0192,119.3916975719348,0.8562499999999997,0.0
117,0.0,118.50031866903498,0.0,0.0,118.50031866903498,0.0,0.0,0.0,0.0,0.0,0.0,0.0,0.0192,118.50031866903498,0.8562499999999997,0.0
118,0.0,226.07297061614753,0.0,0.0,226.07297061614753,0.0,0.0,0.0,0.0,0.0,0.0,0.0,0.0192,226.07297061614753,0.8562499999999997,0.0
119,0.0,225.20365602939637,0.0,0.0,225.20365602939637,0.0,0.0,0.0,0.0,0.0,0.0,0.0,0.0192,225.20365602939637,0.8562499999999997,0.0
120,0.0,225.20332916190887,0.0,0.0,225.20332916190887,0.0,0.0,0.0,0.0,0.0,0.0,0.0,0.0192,225.20332916190887,0.8562499999999997,0.0
121,0.0,226.57298213341244,0.0,0.0,226.57298213341244,0.0,0.0,0.0,0.0,0.0,0.0,0.0,0.0192,226.57298213341244,0.8562499999999997,0.0
122,0.0,117.94543379880412,0.0,0.0,117.94543379880412,0.0,0.0,0.0,0.0,0.0,0.0,0.0,0.0192,117.94543379880412,0.8562499999999997,0.0
123,0.0,118.1407823927361,0.0,0.0,118.1407823927361,0.0,0.0,0.0,0.0,0.0,0.0,0.0,0.0192,118.1407823927361,0.8562499999999997,0.0
124,0.0,118.10707998554409,0.0,0.0,158.44057527475752,0.0,0.2024081262437052,0.0,40.333495289213424,0.0,0.0,0.0,0.0192,118.10707998554409,0.8932779886968115,0.0
125,0.0,118.14064534119143,0.0,0.0,118.14064534119143,0.0,1.2130455714351158,0.0,0.0,0.0,0.0,0.0,0.0192,118.14064534119143,0.8943860591707186,0.0
126,0.0,226.38471070593192,0.0,0.0,226.38471070593192,0.0,2.40600524241333,0.0,0.0,0.0,0.0,0.0,0.0192,226.38471070593192,0.8965838524209999,0.0
127,0.0,226.3220857922523,0.0,0.0,226.3220857922523,0.0,3.7397826127999996,0.0,0.0,0.0,0.0,0.0,0.0192,226.3220857922523,0.9,0.0
128,4.324547907199492,3.930418831365901,0.0,0.0,3.930418831365901,0.0,0.0,0.0,0.0,0.0,0.0,0.0,0.2583,8.254966738565393,0.8999999999999999,0.0
129,6.615903192562865,1.6156488751933722,0.0,0.0,1.6156488751933722,0.0,0.0,0.0,0.0,0.0,0.0,0.0,0.2583,8.231552067756237,0.8999999999999999,0.0
130,5.790026327034414,2.432583134530872,0.0,0.0,2.432583134530872,0.0,0.0,0.0,0.0,0.0,0.0,0.0,0.2583,8.222609461565286,0.8999999999999999,0.0
131,5.915227236785348,0.29720955163031126,1.9879183554387079,0.0,0.29720955163031126,0.0,0.0,0.0,0.0,0.0,0.0,0.0,0.2583,8.200355143854367,0.8979879368872077,0.0
132,5.266822447264551,0.0,2.988065236847903,0.0,0.0,0.0,0.0,0.0,0.0,0.0,0.0,0.0,0.2583,8.254887684112454,0.8949635793600337,0.0
133,7.538839340370218,0.0,0.6956752287052579,0.0,0.0,0.0,0.0,0.0,0.0,0.0,0.0,0.0,0.2583,8.234514569075476,0.8942594546346235,0.0
134,8.218857861046232,0.0,0.0,0.0,0.0,0.0,0.7038004722770808,0.0,0.0,0.0,0.0,0.0,0.2583,8.218857861046232,0.8949023492967997,0.0
135,8.218733398667379,0.0,0.0,0.0,0.0,0.0,0.05377648977133731,0.0,0.0,0.0,0.0,0.0,0.2583,8.218733398667379,0.8949514720518793,0.0
136,8.189765926394017,0.0,0.0,0.0,0.0,0.0,0.6566415390149505,0.0,0.0,0.0,0.0,0.0,0.2583,8.189765926394017,0.8955512888423256,0.0
137,8.174087241352762,0.0,0.0,0.0,0.0,0.0,1.1911041961051936,0.0,0.0,0.0,0.0,0.0,0.2583,8.174087241352762,0.8966393167137678,0.0
138,8.127015669886559,0.0,0.0,0.0,0.0,0.0,1.5379345942838878,0.0,0.0,0.0,0.0,0.0,0.2583,8.127015669886559,0.8980441608143156,0.0
139,8.128627228490334,0.0,0.0,0.0,0.0,0.0,2.141129213801788,0.0,0.0,0.0,0.0,0.0,0.2583,8.128627228490334,0.9,0.0
140,12.652051974335533,37.723457170338705,0.0,0.0,37.723457170338705,0.0,0.0,0.0,0.0,0.0,0.0,0.0,0.2583,50.37550914467424,0.9,0.0
141,11.924286441341282,97.67657757261158,4.08879922913671,0.0,97.67657757261158,0.0,0.0,0.0,0.0,0.0,0.0,0.0,0.2583,113.68966324308957,0.8958615392417644,0.0
142,8.09696263670644,0.0,0.0,0.0,0.0,0.0,4.530525461647274,0.0,0.0,0.0,0.0,0.0,0.2583,8.09696263670644,0.9,0.0
143,12.000864294071754,101.21165607102469,0.0,0.0,101.21165607102469,0.0,0.0,0.0,0.0,0.0,0.0,0.0,0.2583,113.21252036509645,0.9,0.0
144,13.800025161895002,98.75653663948323,0.0,0.0,98.75653663948323,0.0,0.0,0.0,0.0,0.0,0.0,0.0,0.2583,112.55656180137824,0.9,0.0
145,14.708626438872075,97.49498878510116,0.0,0.0,97.49498878510116,0.0,0.0,0.0,0.0,0.0,0.0,0.0,0.2583,112.20361522397323,0.9,0.0
146,13.575767197433656,98.07355563367616,0.0,0.0,98.07355563367616,0.0,0.0,0.0,0.0,0.0,0.0,0.0,0.2583,111.64932283110981,0.9,0.0
147,11.73153338585336,99.36851233718141,0.0,0.0,99.36851233718141,0.0,0.0,0.0,0.0,0.0,0.0,0.0,0.2583,111.10004572303477,0.9,0.0
148,10.346536354462947,100.50354073924757,0.0,0.0,100.50354073924757,0.0,0.0,0.0,0.0,0.0,0.0,0.0,0.2583,110.85007709371051,0.9,0.0
149,10.677330108751521,99.86488864188142,0.0,0.0,99.86488864188142,0.0,0.0,0.0,0.0,0.0,0.0,0.0,0.2583,110.54221875063294,0.9,0.0
150,11.530753282312237,98.290709077558,0.0,0.0,98.290709077558,0.0,0.0,0.0,0.0,0.0,0.0,0.0,0.2583,109.82146235987024,0.9,0.0
151,9.488207907322542,99.87854252952098,0.0,0.0,99.87854252952098,0.0,0.0,0.0,0.0,0.0,0.0,0.0,0.2583,109.36675043684353,0.9,0.0
152,8.43836779190511,100.8802142171061,0.0,0.0,100.8802142171061,0.0,0.0,0.0,0.0,0.0,0.0,0.0,0.2583,109.31858200901121,0.9,0.0
153,9.147129867695709,99.75564647412136,0.0,0.0,99.75564647412136,0.0,0.0,0.0,0.0,0.0,0.0,0.0,0.2583,108.90277634181707,0.9,0.0
154,8.161266197077442,100.19189484214156,0.0,0.0,100.19189484214156,0.0,0.0,0.0,0.0,0.0,0.0,0.0,0.2583,108.353161039219,0.9,0.0
155,7.710613120322762,100.4248515465451,0.0,0.0,100.4248515465451,0.0,0.0,0.0,0.0,0.0,0.0,0.0,0.2583,108.13546466686786,0.9,0.0
156,5.740622035202165,36.988084516069165,65.0,0.0,36.988084516069165,0.0,0.0,0.0,0.0,0.0,0.0,0.0,0.2583,107.72870655127133,0.8342105263157894,0.0
157,3.522580726912,38.7495947189239,65.0,0.0,38.7495947189239,0.0,0.0,0.0,0.0,0.0,0.0,0.0,0.2583,107.2721754458359,0.7684210526315789,0.0
158,4.892307208531489,37.40651925068208,65.0,0.0,37.40651925068208,0.0,0.0,0.0,0.0,0.0,0.0,0.0,0.2583,107.29882645921357,0.7026315789473684,0.0
159,3.5918016066658156,38.386686647492546,65.0,0.0,38.386686647492546,0.0,0.0,0.0,0.0,0.0,0.0,0.0,0.2583,106.97848825415836,0.6368421052631579,0.0
160,2.700449836356571,39.32998742579073,65.0,0.0,39.32998742579073,0.0,0.0,0.0,0.0,0.0,0.0,0.0,0.2583,107.0304372621473,0.5710526315789474,0.0
161,2.1916324688043787,40.338160303997064,65.0,0.0,40.338160303997064,0.0,0.0,0.0,0.0,0.0,0.0,0.0,0.2583,107.52979277280144,0.5052631578947369,0.0
162,2.7178822167194725,40.14609616187238,65.0,0.0,40.14609616187238,0.0,0.0,0.0,0.0,0.0,0.0,0.0,0.2583,107.86397837859185,0.4394736842105264,0.0
163,1.9931003132429481,40.574375753338444,65.0,0.0,40.574375753338444,0.0,0.0,0.0,0.0,0.0,0.0,0.0,0.2583,107.56747606658139,0.3736842105263159,0.0
164,1.2392865705644034,41.086100277085905,65.0,0.0,41.086100277085905,0.0,0.0,0.0,0.0,0.0,0.0,0.0,0.2583,107.32538684765031,0.3078947368421054,0.0
165,0.584649456768,41.928755673776074,65.0,0.0,41.928755673776074,0.0,0.0,0.0,0.0,0.0,0.0,0.0,0.2583,107.51340513054407,0.24210526315789488,0.0
166,0.0,42.70254362499159,65.0,0.0,42.70254362499159,0.0,0.0,0.0,0.0,0.0,0.0,0.0,0.2583,107.70254362499159,0.17631578947368437,0.0
167,0.0,42.70201092234532,65.0,0.0,42.70201092234532,0.0,0.0,0.0,0.0,0.0,0.0,0.0,0.2583,107.70201092234532,0.1105263157894739,0.0
168,0.0,97.03309404474977,10.4000000000002,0.0,97.03309404474977,0.0,0.0,0.0,0.0,0.0,0.0,0.0,0.2583,107.43309404474998,0.10000000000000002,0.0
169,0.0,107.29827821079503,0.0,0.0,107.29827821079503,0.0,0.0,0.0,0.0,0.0,0.0,0.0,0.2583,107.29827821079503,0.10000000000000002,0.0
170,0.0,107.03110665141007,0.0,0.0,107.03110665141007,0.0,0.0,0.0,0.0,0.0,0.0,0.0,0.2583,107.03110665141007,0.10000000000000002,0.0
171,0.0,106.79184487742415,0.0,0.0,106.79184487742415,0.0,0.0,0.0,0.0,0.0,0.0,0.0,0.2583,106.79184487742415,0.10000000000000002,0.0
172,0.0,106.6066718494169,0.0,0.0,106.6066718494169,0.0,0.0,0.0,0.0,0.0,0.0,0.0,0.2583,106.6066718494169,0.10000000000000002,0.0
173,0.0,106.0806948339805,0.0,0.0,106.0806948339805,0.0,0.0,0.0,0.0,0.0,0.0,0.0,0.2583,106.0806948339805,0.1,0.0
174,0.0,105.8979224697459,0.0,0.0,105.8979224697459,0.0,0.0,0.0,0.0,0.0,0.0,0.0,0.2583,105.8979224697459,0.10000000000000002,0.0
175,0.0,105.8198740197678,0.0,0.0,105.8198740197678,0.0,0.0,0.0,0.0,0.0,0.0,0.0,0.2583,105.8198740197678,0.10000000000000002,0.0
176,0.0,105.6372583631862,0.0,0.0,105.6372583631862,0.0,0.0,0.0,0.0,0.0,0.0,0.0,0.2583,105.6372583631862,0.10000000000000002,0.0
177,0.0,105.43071980985356,0.0,0.0,105.43071980985356,0.0,0.0,0.0,0.0,0.0,0.0,0.0,0.2583,105.43071980985356,0.10000000000000002,0.0
178,0.0,105.43080834783491,0.0,0.0,105.43080834783491,0.0,0.0,0.0,0.0,0.0,0.0,0.0,0.2583,105.43080834783491,0.10000000000000002,0.0
179,0.0,105.2503018934337,0.0,0.0,105.2503018934337,0.0,0.0,0.0,0.0,0.0,0.0,0.0,0.2583,105.2503018934337,0.1,0.0
180,0.0,105.27602083478544,0.0,0.0,105.27602083478544,0.0,0.0,0.0,0.0,0.0,0.0,0.0,0.2583,105.27602083478544,0.1,0.0
181,0.0,105.40460205703278,0.0,0.0,105.40460205703278,0.0,0.0,0.0,0.0,0.0,0.0,0.0,0.2583,105.40460205703278,0.1,0.0
182,0.0,105.50841960120962,0.0,0.0,105.50841960120962,0.0,0.0,0.0,0.0,0.0,0.0,0.0,0.2583,105.50841960120962,0.1,0.0
183,0.0,105.37952385845955,0.0,0.0,105.37952385845955,0.0,0.0,0.0,0.0,0.0,0.0,0.0,0.2583,105.37952385845955,0.1,0.0
184,0.0,105.32739980863938,0.0,0.0,105.32739980863938,0.0,0.0,0.0,0.0,0.0,0.0,0.0,0.0192,105.32739980863938,0.10000000000000002,0.0
185,0.0,105.1473452594785,0.0,0.0,105.1473452594785,0.0,0.0,0.0,0.0,0.0,0.0,0.0,0.0192,105.1473452594785,0.10000000000000002,0.0
186,0.0,104.99332051629956,0.0,0.0,104.99332051629956,0.0,0.0,0.0,0.0,0.0,0.0,0.0,0.0192,104.99332051629956,0.10000000000000002,0.0
187,0.0,105.87188713710883,0.0,0.0,105.87188713710883,0.0,0.0,0.0,0.0,0.0,0.0,0.0,0.0192,105.87188713710883,0.10000000000000002,0.0
188,0.0,105.32694860020503,0.0,0.0,105.32694860020503,0.0,0.0,0.0,0.0,0.0,0.0,0.0,0.0192,105.32694860020503,0.10000000000000002,0.0
189,0.0,104.86523066354785,0.0,0.0,104.86523066354785,0.0,0.0,0.0,0.0,0.0,0.0,0.0,0.0192,104.86523066354785,0.10000000000000002,0.0
190,0.0,104.91714677785325,0.0,0.0,104.91714677785325,0.0,0.0,0.0,0.0,0.0,0.0,0.0,0.0192,104.91714677785325,0.10000000000000002,0.0
191,0.0,105.37948886358134,0.0,0.0,105.37948886358134,0.0,0.0,0.0,0.0,0.0,0.0,0.0,0.0192,105.37948886358134,0.1,0.0
192,0.0,202.18249506623687,0.0,0.0,202.18249506623687,0.0,0.0,0.0,0.0,0.0,0.0,0.0,0.0192,202.18249506623687,0.5,0.0
193,0.0,202.11771944254835,0.0,0.0,202.11771944254835,0.0,0.0,0.0,0.0,0.0,0.0,0.0,0.0192,202.11771944254835,0.5,0.0
194,0.0,205.05901509249227,0.0,0.0,205.05901509249227,0.0,0.0,0.0,0.0,0.0,0.0,0.0,0.0192,205.05901509249227,0.5,0.0
195,0.0,207.96670963564637,0.0,0.0,207.96670963564637,0.0,0.0,0.0,0.0,0.0,0.0,0.0,0.0192,207.96670963564637,0.5,0.0
196,0.0,208.9216556746397,0.0,0.0,208.9216556746397,0.0,0.0,0.0,0.0,0.0,0.0,0.0,0.0192,208.9216556746397,0.5,0.0
197,0.0,209.34780225587826,0.0,0.0,209.34780225587826,0.0,0.0,0.0,0.0,0.0,0.0,0.0,0.0192,209.34780225587826,0.5,0.0
198,0.0,209.72227676738711,0.0,0.0,209.72227676738711,0.0,0.0,0.0,0.0,0.0,0.0,0.0,0.0192,209.72227676738711,0.5,0.0
199,0.0,209.82974180302625,0.0,0.0,274.82974180302625,0.0,0.0,0.0,65.0,0.0,0.0,0.0,0.0192,209.82974180302625,0.559375,0.0
200,0.0,208.81539085619002,0.0,0.0,273.81539085619,0.0,0.0,0.0,65.0,0.0,0.0,0.0,0.0192,208.81539085619002,0.6187499999999999,0.0
201,0.0,150.63168052642627,0.0,0.0,215.63168052642627,0.0,0.0,0.0,65.0,0.0,0.0,0.0,0.0192,150.63168052642627,0.6781249999999999,0.0
202,0.0,110.38936887921133,0.0,0.0,175.38936887921133,0.0,0.0,0.0,65.0,0.0,0.0,0.0,0.0192,110.38936887921133,0.7374999999999998,0.0
203,0.0,111.56521615405669,0.0,0.0,176.56521615405669,0.0,0.0,0.0,65.0,0.0,0.0,0.0,0.0192,111.56521615405669,0.7968749999999998,0.0
204,0.0,112.29501897522698,0.0,0.0,177.29501897522698,0.0,0.0,0.0,65.0,0.0,0.0,0.0,0.0192,112.29501897522698,0.8562499999999997,0.0
205,0.0,112.64763750272775,0.0,0.0,112.64763750272775,0.0,0.0,0.0,0.0,0.0,0.0,0.0,0.0192,112.64763750272775,0.8562499999999997,0.0
206,0.0,112.94397354317657,0.0,0.0,112.94397354317657,0.0,0.0,0.0,0.0,0.0,0.0,0.0,0.0192,112.94397354317657,0.8562499999999997,0.0
207,0.0,113.69407541484017,0.0,0.0,113.69407541484017,0.0,0.0,0.0,0.0,0.0,0.0,0.0,0.0192,113.69407541484017,0.8562499999999997,0.0
208,0.0,114.57196983971282,0.0,0.0,114.57196983971282,0.0,0.0,0.0,0.0,0.0,0.0,0.0,0.0192,114.57196983971282,0.8562499999999997,0.0
209,0.0,114.85042078099016,0.0,0.0,114.85042078099016,0.0,0.0,0.0,0.0,0.0,0.0,0.0,0.0192,114.85042078099016,0.8562499999999997,0.0
210,0.0,116.18648036466777,0.0,0.0,116.18648036466777,0.0,0.0,0.0,0.0,0.0,0.0,0.0,0.0192,116.18648036466777,0.8562499999999997,0.0
211,0.0,117.36663073954044,0.0,0.0,117.36663073954044,0.0,0.0,0.0,0.0,0.0,0.0,0.0,0.0192,117.36663073954044,0.8562499999999997,0.0
212,0.0,118.27089487116336,0.0,0.0,118.27089487116336,0.0,0.0,0.0,0.0,0.0,0.0,0.0,0.0192,118.27089487116336,0.8562499999999997,0.0
213,0.0,118.73203077620853,0.0,0.0,118.73203077620853,0.0,0.0,0.0,0.0,0.0,0.0,0.0,0.0192,118.73203077620853,0.8562499999999997,0.0
214,0.0,119.32644776090054,0.0,0.0,119.32644776090054,0.0,0.0,0.0,0.0,0.0,0.0,0.0,0.0192,119.32644776090054,0.8562499999999997,0.0
215,0.0,119.82737885301917,0.0,0.0,119.82737885301917,0.0,0.0,0.0,0.0,0.0,0.0,0.0,0.0192,119.82737885301917,0.8562499999999997,0.0
216,0.0,120.48116587919111,0.0,0.0,120.48116587919111,0.0,0.0,0.0,0.0,0.0,0.0,0.0,0.0192,120.48116587919111,0.8562499999999997,0.0
217,0.0,120.83224245169714,0.0,0.0,120.83224245169714,0.0,0.0,0.0,0.0,0.0,0.0,0.0,0.0192,120.83224245169714,0.8562499999999997,0.0
218,0.0,121.46177133989868,0.0,0.0,121.46177133989868,0.0,0.0,0.0,0.0,0.0,0.0,0.0,0.0192,121.46177133989868,0.8562499999999997,0.0
219,0.0,122.1317929558789,0.0,0.0,122.1317929558789,0.0,0.0,0.0,0.0,0.0,0.0,0.0,0.0192,122.1317929558789,0.8562499999999997,0.0
220,0.0,123.44785033035146,0.0,0.0,164.85269516431143,0.0,0.20346311957658958,0.0,41.40484483395996,0.0,0.0,0.0,0.0192,123.44785033035146,0.8942575889960187,0.0
221,0.0,123.96238388889822,0.0,0.0,123.96238388889822,0.0,0.8713050874653839,0.0,0.0,0.0,0.0,0.0,0.0192,123.96238388889822,0.8950534926816842,0.0
222,0.0,124.4759133583151,0.0,0.0,124.4759133583151,0.0,1.4511900577756398,0.0,0.0,0.0,0.0,0.0,0.0192,124.4759133583151,0.89637909898446,0.0
223,0.0,124.84839075684818,0.0,0.0,124.84839075684818,0.0,3.9639337433279995,0.0,0.0,0.0,0.0,0.0,0.0192,124.84839075684818,0.9,0.0
224,6.830169552120401,1.8610293820709614,2.2530519345278806,0.0,1.8610293820709614,0.0,0.0,0.0,0.0,0.0,0.0,0.0,0.2583,10.944250868719243,0.8977195830622188,0.0
225,10.079434895592687,0.0,1.106863410427323,0.0,0.0,0.0,0.0,0.0,0.0,0.0,0.0,0.0,0.2583,11.18629830602001,0.8965992759666446,0.0
226,13.673862148646684,0.0,1.623807716209491,0.0,0.0,0.0,0.0,0.0,0.0,0.0,0.0,0.0,0.2583,15.297669864856175,0.8949557458895094,0.0
227,15.595575358288219,0.0,0.0,0.0,0.0,0.0,1.3495567871609673,0.0,0.0,0.0,0.0,0.0,0.2583,15.595575358288219,0.8961885141085507,0.0
228,15.639755073680778,0.0,0.0,0.0,0.0,0.0,4.172574028533965,0.0,0.0,0.0,0.0,0.0,0.2583,15.639755073680778,0.9,0.0
229,22.490294156982753,38.822996734485955,65.0,0.0,38.822996734485955,0.0,0.0,0.0,0.0,0.0,0.0,0.0,0.2583,126.31329089146871,0.8342105263157895,0.0
230,25.076900847260667,35.6670963763463,65.0,0.0,35.6670963763463,0.0,0.0,0.0,0.0,0.0,0.0,0.0,0.2583,125.74399722360697,0.768421052631579,0.0
231,27.403054418101906,33.33139105447994,65.0,0.0,33.33139105447994,0.0,0.0,0.0,0.0,0.0,0.0,0.0,0.2583,125.73444547258184,0.7026315789473685,0.0
232,29.645881419590037,30.95807198616605,65.0,0.0,30.95807198616605,0.0,0.0,0.0,0.0,0.0,0.0,0.0,0.2583,125.60395340575609,0.636842105263158,0.0
233,31.614825868901043,28.695421341623266,65.0,0.0,28.695421341623266,0.0,0.0,0.0,0.0,0.0,0.0,0.0,0.2583,125.31024721052431,0.5710526315789475,0.0
234,33.49362788041825,91.23602214062541,0.0,0.0,91.23602214062541,0.0,0.0,0.0,0.0,0.0,0.0,0.0,0.2583,124.72965002104365,0.5710526315789475,0.0
235,34.98303488810946,89.61836621464224,0.0,0.0,89.61836621464224,0.0,0.0,0.0,0.0,0.0,0.0,0.0,0.2583,124.6014011027517,0.5710526315789475,0.0
236,37.083066474271995,86.81807740562607,0.0,0.0,86.81807740562607,0.0,0.0,0.0,0.0,0.0,0.0,0.0,0.2583,123.90114387989806,0.5710526315789475,0.0
237,39.0571071799543,18.253504727216892,65.0,0.0,18.253504727216892,0.0,0.0,0.0,0.0,0.0,0.0,0.0,0.2583,122.3106119071712,0.5052631578947371,0.0
238,18.892945691568002,104.1608119719456,0.0,0.0,104.1608119719456,0.0,0.0,0.0,0.0,0.0,0.0,0.0,0.2583,123.05375766351361,0.5052631578947371,0.0
239,19.82343869687301,38.63690611513003,65.0,0.0,38.63690611513003,0.0,0.0,0.0,0.0,0.0,0.0,0.0,0.2583,123.46034481200304,0.4394736842105265,0.0
240,17.042668557407996,106.57491604815444,0.0,0.0,106.57491604815444,0.0,0.0,0.0,0.0,0.0,0.0,0.0,0.2583,123.61758460556243,0.4394736842105265,0.0
241,9.446090091667001,0.0,0.0,0.0,0.0,0.0,7.72236827512001,0.0,0.0,0.0,0.0,0.0,0.2583,9.446090091667001,0.4465277706156842,0.0
242,53.20486731123199,69.03716721356012,0.0,0.0,69.03716721356012,0.0,0.0,0.0,0.0,0.0,0.0,0.0,0.2583,122.24203452479212,0.4465277706156842,0.0
243,41.425052083775796,80.89667836857011,0.0,0.0,80.89667836857011,0.0,0.0,0.0,0.0,0.0,0.0,0.0,0.2583,122.3217304523459,0.4465277706156842,0.0
244,11.841209375525336,112.27777653596553,0.0,0.0,112.27777653596553,0.0,0.0,0.0,0.0,0.0,0.0,0.0,0.2583,124.11898591149087,0.4465277706156842,0.0
245,45.42886064619226,77.24847677309353,0.0,0.0,77.24847677309353,0.0,0.0,0.0,0.0,0.0,0.0,0.0,0.2583,122.67733741928579,0.4465277706156842,0.0
246,13.447045795068174,110.4084751605439,0.0,0.0,110.4084751605439,0.0,0.0,0.0,0.0,0.0,0.0,0.0,0.2583,123.85552095561208,0.4465277706156842,0.0
247,42.556162578542015,80.57139736197261,0.0,0.0,80.57139736197261,0.0,0.0,0.0,0.0,0.0,0.0,0.0,0.2583,123.12755994051463,0.4465277706156842,0.0
248,43.028710316799994,78.62491082942859,0.0,0.0,78.62491082942859,0.0,0.0,0.0,0.0,0.0,0.0,0.0,0.2583,121.65362114622857,0.4465277706156842,0.0
249,33.134746621422835,88.34316003875422,0.0,0.0,88.34316003875422,0.0,0.0,0.0,0.0,0.0,0.0,0.0,0.2583,121.47790666017706,0.4465277706156842,0.0
250,37.41781002951956,84.95187929795821,0.0,0.0,84.95187929795821,0.0,0.0,0.0,0.0,0.0,0.0,0.0,0.2583,122.36968932747777,0.4465277706156842,0.0
251,31.78459434220993,89.37220916421032,0.0,0.0,89.37220916421032,0.0,0.0,0.0,0.0,0.0,0.0,0.0,0.2583,121.15680350642025,0.4465277706156842,0.0
252,34.62498703878554,86.29085937795534,0.0,0.0,86.29085937795534,0.0,0.0,0.0,0.0,0.0,0.0,0.0,0.2583,120.91584641674088,0.4465277706156842,0.0
253,17.302281475436857,104.22380753280301,0.0,0.0,104.22380753280301,0.0,0.0,0.0,0.0,0.0,0.0,0.0,0.2583,121.52608900823986,0.4465277706156842,0.0
254,9.188804807863221,113.0616018281167,0.0,0.0,113.0616018281167,0.0,0.0,0.0,0.0,0.0,0.0,0.0,0.2583,122.25040663597991,0.4465277706156842,0.0
255,21.05822922308537,101.90558211388318,0.0,0.0,101.90558211388318,0.0,0.0,0.0,0.0,0.0,0.0,0.0,0.2583,122.96381133696855,0.4465277706156842,0.0
256,17.177622155199998,103.77915680362482,0.0,0.0,103.77915680362482,0.0,0.0,0.0,0.0,0.0,0.0,0.0,0.2583,120.95677895882481,0.4465277706156842,0.0
257,14.17907584823475,41.85549662216745,65.0,0.0,41.85549662216745,0.0,0.0,0.0,0.0,0.0,0.0,0.0,0.2583,121.0345724704022,0.3807382969314737,0.0
258,10.922809480486997,45.678421291576136,65.0,0.0,45.678421291576136,0.0,0.0,0.0,0.0,0.0,0.0,0.0,0.2583,121.60123077206313,0.3149488232472632,0.0
259,7.228407208663871,48.71805607961616,65.0,0.0,48.71805607961616,0.0,0.0,0.0,0.0,0.0,0.0,0.0,0.2583,120.94646328828003,0.24915934956305263,0.0
260,4.281418941378837,52.26899103816407,65.0,0.0,52.26899103816407,0.0,0.0,0.0,0.0,0.0,0.0,0.0,0.2583,121.5504099795429,0.18336987587884213,0.0
261,1.5238854033658216,55.57322697753703,65.0,0.0,55.57322697753703,0.0,0.0,0.0,0.0,0.0,0.0,0.0,0.2583,122.09711238090286,0.11758040219463162,0.0
262,0.5908725278799876,105.25291762208312,17.36943736829602,0.0,105.25291762208312,0.0,0.0,0.0,0.0,0.0,0.0,0.0,0.2583,123.21322751825912,0.10000000000000002,0.0
263,0.0,123.83971147515358,0.0,0.0,123.83971147515358,0.0,0.0,0.0,0.0,0.0,0.0,0.0,0.2583,123.83971147515358,0.1,0.0
264,0.0,124.47123522684666,0.0,0.0,124.47123522684666,0.0,0.0,0.0,0.0,0.0,0.0,0.0,0.2583,124.47123522684666,0.1,0.0
265,0.0,124.77881531437238,0.0,0.0,124.77881531437238,0.0,0.0,0.0,0.0,0.0,0.0,0.0,0.2583,124.77881531437238,0.1,0.0
266,0.0,125.24055551206204,0.0,0.0,125.24055551206204,0.0,0.0,0.0,0.0,0.0,0.0,0.0,0.2583,125.24055551206204,0.1,0.0
267,0.0,125.64451780897055,0.0,0.0,125.64451780897055,0.0,0.0,0.0,0.0,0.0,0.0,0.0,0.2583,125.64451780897055,0.1,0.0
268,0.0,126.11661052515544,0.0,0.0,126.11661052515544,0.0,0.0,0.0,0.0,0.0,0.0,0.0,0.2583,126.11661052515544,0.10000000000000002,0.0
269,0.0,14.95694460874526,0.0,0.0,14.95694460874526,0.0,0.0,0.0,0.0,0.0,0.0,0.0,0.2583,14.95694460874526,0.1,0.0
270,0.0,121.7928744784183,0.0,0.0,121.7928744784183,0.0,0.0,0.0,0.0,0.0,0.0,0.0,0.2583,121.7928744784183,0.10000000000000002,0.0
271,0.0,54.9827583138221,0.0,0.0,54.9827583138221,0.0,0.0,0.0,0.0,0.0,0.0,0.0,0.2583,54.9827583138221,0.1,0.0
272,0.0,121.00410634410402,0.0,0.0,121.00410634410402,0.0,0.0,0.0,0.0,0.0,0.0,0.0,0.2583,121.00410634410402,0.10000000000000002,0.0
273,0.0,9.520585263372146,0.0,0.0,9.520585263372146,0.0,0.0,0.0,0.0,0.0,0.0,0.0,0.2583,9.520585263372146,0.10000000000000002,0.0
274,0.0,9.065942689508583,0.0,0.0,9.065942689508583,0.0,0.0,0.0,0.0,0.0,0.0,0.0,0.2583,9.065942689508583,0.10000000000000002,0.0
275,0.0,8.57225568667474,0.0,0.0,8.57225568667474,0.0,0.0,0.0,0.0,0.0,0.0,0.0,0.2583,8.57225568667474,0.10000000000000002,0.0
276,0.0,8.594742435732215,0.0,0.0,8.594742435732215,0.0,0.0,0.0,0.0,0.0,0.0,0.0,0.2583,8.594742435732215,0.10000000000000002,0.0
277,0.0,8.669290705125313,0.0,0.0,8.669290705125313,0.0,0.0,0.0,0.0,0.0,0.0,0.0,0.2583,8.669290705125313,0.10000000000000002,0.0
278,0.0,8.650004030765242,0.0,0.0,8.650004030765242,0.0,0.0,0.0,0.0,0.0,0.0,0.0,0.2583,8.650004030765242,0.10000000000000002,0.0
279,0.0,8.674756035753811,0.0,0.0,8.674756035753811,0.0,0.0,0.0,0.0,0.0,0.0,0.0,0.2583,8.674756035753811,0.1,0.0
280,0.0,124.65284290396514,0.0,0.0,124.65284290396514,0.0,0.0,0.0,0.0,0.0,0.0,0.0,0.0192,124.65284290396514,0.10000000000000002,0.0
281,0.0,125.37509391799689,0.0,0.0,125.37509391799689,0.0,0.0,0.0,0.0,0.0,0.0,0.0,0.0192,125.37509391799689,0.10000000000000002,0.0
282,0.0,125.81810005510626,0.0,0.0,125.81810005510626,0.0,0.0,0.0,0.0,0.0,0.0,0.0,0.0192,125.81810005510626,0.10000000000000002,0.0
283,0.0,126.52518384911322,0.0,0.0,126.52518384911322,0.0,0.0,0.0,0.0,0.0,0.0,0.0,0.0192,126.52518384911322,0.10000000000000002,0.0
284,0.0,127.39304331632871,0.0,0.0,127.39304331632871,0.0,0.0,0.0,0.0,0.0,0.0,0.0,0.0192,127.39304331632871,0.10000000000000002,0.0
285,0.0,127.96625315146791,0.0,0.0,127.96625315146791,0.0,0.0,0.0,0.0,0.0,0.0,0.0,0.0192,127.96625315146791,0.10000000000000002,0.0
286,0.0,128.0420326531469,0.0,0.0,128.0420326531469,0.0,0.0,0.0,0.0,0.0,0.0,0.0,0.0192,128.0420326531469,0.10000000000000002,0.0
287,0.0,128.34984191801306,0.0,0.0,128.34984191801306,0.0,0.0,0.0,0.0,0.0,0.0,0.0,0.0192,128.34984191801306,0.1,0.0
288,0.0,249.3284786047446,0.0,0.0,249.3284786047446,0.0,0.0,0.0,0.0,0.0,0.0,0.0,0.0192,249.3284786047446,0.5,0.0
289,0.0,129.75383208529033,0.0,0.0,129.75383208529033,0.0,0.0,0.0,0.0,0.0,0.0,0.0,0.0192,129.75383208529033,0.5,0.0
290,0.0,129.40117666905795,0.0,0.0,129.40117666905795,0.0,0.0,0.0,0.0,0.0,0.0,0.0,0.0192,129.40117666905795,0.5,0.0
291,0.0,248.04449944948993,0.0,0.0,248.04449944948993,0.0,0.0,0.0,0.0,0.0,0.0,0.0,0.0192,248.04449944948993,0.5,0.0
292,0.0,247.74648155505756,0.0,0.0,247.74648155505756,0.0,0.0,0.0,0.0,0.0,0.0,0.0,0.0192,247.74648155505756,0.5,0.0
293,0.0,249.48361923487573,0.0,0.0,249.48361923487573,0.0,0.0,0.0,0.0,0.0,0.0,0.0,0.0192,249.48361923487573,0.5,0.0
294,0.0,129.4028802362207,0.0,0.0,129.4028802362207,0.0,0.0,0.0,0.0,0.0,0.0,0.0,0.0192,129.4028802362207,0.5,0.0
295,0.0,129.48116947331172,0.0,0.0,129.48116947331172,0.0,0.0,0.0,0.0,0.0,0.0,0.0,0.0192,129.48116947331172,0.5,0.0
296,0.0,129.36389602587985,0.0,0.0,129.36389602587985,0.0,0.0,0.0,0.0,0.0,0.0,0.0,0.0192,129.36389602587985,0.5,0.0
297,0.0,248.49863322792092,0.0,0.0,248.49863322792092,0.0,0.0,0.0,0.0,0.0,0.0,0.0,0.0192,248.49863322792092,0.5,0.0
298,0.0,247.7469379890397,0.0,0.0,247.7469379890397,0.0,0.0,0.0,0.0,0.0,0.0,0.0,0.0192,247.7469379890397,0.5,0.0
299,0.0,247.67228458551693,0.0,0.0,247.67228458551693,0.0,0.0,0.0,0.0,0.0,0.0,0.0,0.0192,247.67228458551693,0.5,0.0
300,0.0,249.10346514121153,0.0,0.0,314.10346514121153,0.0,0.0,0.0,65.0,0.0,0.0,0.0,0.0192,249.10346514121153,0.559375,0.0
301,0.0,129.7171594990046,0.0,0.0,189.0527271373768,0.0,0.0,0.0,59.33556763837219,0.0,0.0,0.0,0.0192,129.7171594990046,0.6135757589004361,0.0
302,0.0,129.28407638113094,0.0,0.0,129.28407638113094,0.0,0.0,0.0,0.0,0.0,0.0,0.0,0.0192,129.28407638113094,0.6135757589004361,0.0
303,0.0,178.787853625857,0.0,0.0,178.787853625857,0.0,0.0,0.0,0.0,0.0,0.0,0.0,0.0192,178.787853625857,0.6135757589004361,0.0
304,0.0,129.40269800594876,0.0,0.0,129.40269800594876,0.0,0.0,0.0,0.0,0.0,0.0,0.0,0.0192,129.40269800594876,0.6135757589004361,0.0
305,0.0,129.83194830802262,0.0,0.0,129.83194830802262,0.0,0.0,0.0,0.0,0.0,0.0,0.0,0.0192,129.83194830802262,0.6135757589004361,0.0
306,0.0,130.30916227183238,0.0,0.0,130.30916227183238,0.0,0.0,0.0,0.0,0.0,0.0,0.0,0.0192,130.30916227183238,0.6135757589004361,0.0
307,0.0,130.38733629289948,0.0,0.0,130.38733629289948,0.0,0.0,0.0,0.0,0.0,0.0,0.0,0.0192,130.38733629289948,0.6135757589004361,0.0
308,0.0,130.3866284308929,0.0,0.0,130.3866284308929,0.0,0.0,0.0,0.0,0.0,0.0,0.0,0.0192,130.3866284308929,0.6135757589004361,0.0
309,0.0,130.30699474860782,0.0,0.0,130.30699474860782,0.0,0.0,0.0,0.0,0.0,0.0,0.0,0.0192,130.30699474860782,0.6135757589004361,0.0
310,0.0,129.36082158122497,0.0,0.0,129.36082158122497,0.0,0.0,0.0,0.0,0.0,0.0,0.0,0.0192,129.36082158122497,0.6135757589004361,0.0
311,0.0,248.49598891433288,0.0,0.0,248.49598891433288,0.0,0.0,0.0,0.0,0.0,0.0,0.0,0.0192,248.49598891433288,0.6135757589004361,0.0
312,0.0,130.31848812978046,0.0,0.0,130.31848812978046,0.0,0.0,0.0,0.0,0.0,0.0,0.0,0.0192,130.31848812978046,0.6135757589004361,0.0
313,0.0,131.69783807458546,0.0,0.0,131.69783807458546,0.0,0.0,0.0,0.0,0.0,0.0,0.0,0.0192,131.69783807458546,0.6135757589004361,0.0
314,0.0,131.87426601476187,0.0,0.0,131.87426601476187,0.0,0.0,0.0,0.0,0.0,0.0,0.0,0.0192,131.87426601476187,0.6135757589004361,0.0
315,0.0,131.60203289640577,0.0,0.0,131.60203289640577,0.0,0.0,0.0,0.0,0.0,0.0,0.0,0.0192,131.60203289640577,0.6135757589004361,0.0
316,0.0,132.43862583253096,0.0,0.0,132.43862583253096,0.0,0.43967408853365403,0.0,0.0,0.0,0.0,0.0,0.0192,132.43862583253096,0.6139773842697698,0.0
317,0.0,133.81193280886347,0.0,0.0,133.81193280886347,0.0,1.0845580834164934,0.0,0.0,0.0,0.0,0.0,0.0192,133.81193280886347,0.6149680863651983,0.0
318,0.0,133.46442663839795,0.0,0.0,133.46442663839795,0.0,1.6391881684776417,0.0,0.0,0.0,0.0,0.0,0.0192,133.46442663839795,0.6164654217114038,0.0
319,0.0,132.52657593136757,0.0,0.0,132.52657593136757,0.0,4.066492301250982,0.0,0.0,0.0,0.0,0.0,0.0192,132.52657593136757,0.6201800060250465,0.0
320,7.2428093768284425,0.0,4.123070889247631,0.0,0.0,0.0,0.0,0.0,0.0,0.0,0.0,0.0,0.2583,11.365880266076074,0.616006857351719,0.0
321,10.360187149504576,0.0,1.1016783973468325,0.0,0.0,0.0,0.0,0.0,0.0,0.0,0.0,0.0,0.2583,11.461865546851408,0.6148917982450927,0.0
322,13.677958130874027,0.0,1.6339609726575848,0.0,0.0,0.0,0.0,0.0,0.0,0.0,0.0,0.0,0.2583,15.311919103531611,0.6132379915926052,0.0
323,15.565667057801612,0.0,0.0,0.0,0.0,0.0,1.8698428665503855,0.0,0.0,0.0,0.0,0.0,0.2583,15.565667057801612,0.6149460211341656,0.0
324,15.613950958041151,0.0,0.0,0.0,0.0,0.0,3.7736993696325776,0.0,0.0,0.0,0.0,0.0,0.2583,15.613950958041151,0.6183931503660416,0.0
325,15.575583759882345,0.0,0.0,0.0,0.0,0.0,6.820785265606684,0.0,0.0,0.0,0.0,0.0,0.2583,15.575583759882345,0.6246236753682785,0.0
326,15.486163835865778,0.0,0.0,0.0,0.0,0.0,9.709706356456245,0.0,0.0,0.0,0.0,0.0,0.2583,15.486163835865778,0.6334931186746567,0.0
327,15.37853493480506,0.0,0.0,0.0,0.0,0.0,11.950756273354585,0.0,0.0,0.0,0.0,0.0,0.2583,15.37853493480506,0.6444096748858941,0.0
328,15.107977705786961,0.0,0.0,0.0,0.0,0.0,13.801885589115532,0.0,0.0,0.0,0.0,0.0,0.2583,15.107977705786961,0.6570171665297977,0.0
329,9.446074453503067,0.0,0.0,0.0,0.0,0.0,21.37133378677273,0.0,0.0,0.0,0.0,0.0,0.2583,9.446074453503067,0.6765390579696382,0.0
330,9.446073743248737,0.0,0.0,0.0,0.0,0.0,23.6547023914488,0.0,0.0,0.0,0.0,0.0,0.2583,9.446073743248737,0.6981467188079808,0.0
331,9.446073207082549,0.0,0.0,0.0,0.0,0.0,25.331530843717452,0.0,0.0,0.0,0.0,0.0,0.2583,9.446073207082549,0.721286097944069,0.0
332,9.446069409873752,0.0,0.0,0.0,0.0,0.0,25.672478405507576,0.0,0.0,0.0,0.0,0.0,0.2583,9.446069409873752,0.7447369195644845,0.0
333,9.44606852292411,0.0,0.0,0.0,0.0,0.0,25.31260474019055,0.0,0.0,0.0,0.0,0.0,0.2583,9.44606852292411,0.7678590104329278,0.0
334,9.446070772273252,0.0,0.0,0.0,0.0,0.0,27.33698114555252,0.0,0.0,0.0,0.0,0.0,0.2583,9.446070772273252,0.7928302912870383,0.0
335,9.446068963170363,0.0,0.0,0.0,0.0,0.0,28.923283874518525,0.0,0.0,0.0,0.0,0.0,0.2583,9.446068963170363,0.8192505986724158,0.0
336,9.446067325068375,0.0,0.0,0.0,0.0,0.0,29.298550244979623,0.0,0.0,0.0,0.0,0.0,0.2583,9.446067325068375,0.8460136974538875,0.0
337,9.446065578471934,0.0,0.0,0.0,0.0,0.0,29.499244839602735,0.0,0.0,0.0,0.0,0.0,0.2583,9.446065578471934,0.8729601230285247,0.0
338,9.44606609333224,0.0,0.0,0.0,0.0,0.0,29.60154952666776,0.0,0.0,0.0,0.0,0.0,0.2583,9.44606609333224,0.9,0.0
339,38.847926415399115,1.0786905603227979,65.0,0.0,1.0786905603227979,0.0,0.0,0.0,0.0,0.0,0.0,0.0,0.2583,104.92661697572191,0.8342105263157895,0.0
340,38.40735496325867,0.8143414877920065,65.0,0.0,0.8143414877920065,0.0,0.0,0.0,0.0,0.0,0.0,0.0,0.2583,104.22169645105068,0.768421052631579,0.0
341,37.78057614586666,2.091241389385644,65.0,0.0,2.091241389385644,0.0,0.0,0.0,0.0,0.0,0.0,0.0,0.2583,104.8718175352523,0.7026315789473685,0.0
342,36.93956940650311,2.2508068526980765,65.0,0.0,2.2508068526980765,0.0,0.0,0.0,0.0,0.0,0.0,0.0,0.2583,104.19037625920119,0.636842105263158,0.0
343,35.605038588288,3.169830831421095,65.0,0.0,3.169830831421095,0.0,0.0,0.0,0.0,0.0,0.0,0.0,0.2583,103.77486941970909,0.5710526315789475,0.0
344,34.17715660495644,69.58209254756898,0.0,0.0,69.58209254756898,0.0,0.0,0.0,0.0,0.0,0.0,0.0,0.2583,103.75924915252541,0.5710526315789475,0.0
345,32.76125238161244,71.0680253295006,0.0,0.0,71.0680253295006,0.0,0.0,0.0,0.0,0.0,0.0,0.0,0.2583,103.82927771111304,0.5710526315789475,0.0
346,30.951178187834667,70.9449481427821,0.0,0.0,70.9449481427821,0.0,0.0,0.0,0.0,0.0,0.0,0.0,0.2583,101.89612633061677,0.5710526315789475,0.0
347,29.306389969422224,72.86447031046309,0.0,0.0,72.86447031046309,0.0,0.0,0.0,0.0,0.0,0.0,0.0,0.2583,102.17086027988532,0.5710526315789475,0.0
348,27.108040306672,75.87972021228339,0.0,0.0,75.87972021228339,0.0,0.0,0.0,0.0,0.0,0.0,0.0,0.2583,102.98776051895538,0.5710526315789475,0.0
349,24.81348984252089,76.31051921989419,0.0,0.0,76.31051921989419,0.0,0.0,0.0,0.0,0.0,0.0,0.0,0.2583,101.12400906241508,0.5710526315789475,0.0
350,22.429780708608,78.67407727025432,0.0,0.0,78.67407727025432,0.0,0.0,0.0,0.0,0.0,0.0,0.0,0.2583,101.10385797886232,0.5710526315789475,0.0
351,19.848664248192,82.03253737056068,0.0,0.0,82.03253737056068,0.0,0.0,0.0,0.0,0.0,0.0,0.0,0.2583,101.88120161875268,0.5710526315789475,0.0
352,17.052196759866664,86.02262745443916,0.0,0.0,86.02262745443916,0.0,0.0,0.0,0.0,0.0,0.0,0.0,0.2583,103.07482421430582,0.5710526315789475,0.0
353,13.693588482912,87.96149484496787,0.0,0.0,87.96149484496787,0.0,0.0,0.0,0.0,0.0,0.0,0.0,0.2583,101.65508332787988,0.5710526315789475,0.0
354,10.221937252799998,92.55479642594389,0.0,0.0,92.55479642594389,0.0,0.0,0.0,0.0,0.0,0.0,0.0,0.2583,102.7767336787439,0.5710526315789475,0.0
355,7.056019519466667,94.37372225886605,0.0,0.0,94.37372225886605,0.0,0.0,0.0,0.0,0.0,0.0,0.0,0.2583,101.42974177833273,0.5710526315789475,0.0
356,4.141035763534223,97.64099859747606,0.0,0.0,97.64099859747606,0.0,0.0,0.0,0.0,0.0,0.0,0.0,0.2583,101.78203436101028,0.5710526315789475,0.0
357,1.7183989275786669,101.26968213038421,0.0,0.0,101.26968213038421,0.0,0.0,0.0,0.0,0.0,0.0,0.0,0.2583,102.98808105796287,0.5710526315789475,0.0
358,0.6855107842613334,102.34468902526577,0.0,0.0,102.34468902526577,0.0,0.0,0.0,0.0,0.0,0.0,0.0,0.2583,103.0301998095271,0.5710526315789475,0.0
359,0.0,105.0382617759385,0.0,0.0,105.0382617759385,0.0,0.0,0.0,0.0,0.0,0.0,0.0,0.2583,105.0382617759385,0.5710526315789475,0.0
360,0.0,106.33905295641603,0.0,0.0,106.33905295641603,0.0,0.0,0.0,0.0,0.0,0.0,0.0,0.2583,106.33905295641603,0.5710526315789475,0.0
361,0.0,106.7965078952532,0.0,0.0,106.7965078952532,0.0,0.0,0.0,0.0,0.0,0.0,0.0,0.2583,106.7965078952532,0.5710526315789475,0.0
362,0.0,107.21780884578523,0.0,0.0,107.21780884578523,0.0,0.0,0.0,0.0,0.0,0.0,0.0,0.2583,107.21780884578523,0.5710526315789475,0.0
363,0.0,42.687806594462614,65.0,0.0,42.687806594462614,0.0,0.0,0.0,0.0,0.0,0.0,0.0,0.2583,107.68780659446261,0.505263157894737,0.0
364,0.0,42.967980389262806,65.0,0.0,42.967980389262806,0.0,0.0,0.0,0.0,0.0,0.0,0.0,0.2583,107.9679803892628,0.43947368421052646,0.0
365,0.0,43.20789845805359,65.0,0.0,43.20789845805359,0.0,0.0,0.0,0.0,0.0,0.0,0.0,0.2583,108.20789845805359,0.37368421052631595,0.0
366,0.0,39.53772876270881,65.0,0.0,39.53772876270881,0.0,0.0,0.0,0.0,0.0,0.0,0.0,0.2583,104.53772876270881,0.30789473684210544,0.0
367,0.0,39.54245714593236,65.0,0.0,39.54245714593236,0.0,0.0,0.0,0.0,0.0,0.0,0.0,0.2583,104.54245714593236,0.2421052631578949,0.0
368,0.0,39.47107905490843,65.0,0.0,39.47107905490843,0.0,0.0,0.0,0.0,0.0,0.0,0.0,0.2583,104.47107905490843,0.1763157894736844,0.0
369,0.0,39.45368060154159,65.0,0.0,39.45368060154159,0.0,0.0,0.0,0.0,0.0,0.0,0.0,0.2583,104.45368060154159,0.11052631578947389,0.0
370,0.0,94.44194170279638,10.400000000000198,0.0,94.44194170279638,0.0,0.0,0.0,0.0,0.0,0.0,0.0,0.2583,104.84194170279659,0.1,0.0
371,0.0,46.649206425130195,0.0,0.0,46.649206425130195,0.0,0.0,0.0,0.0,0.0,0.0,0.0,0.2583,46.649206425130195,0.1,0.0
372,0.0,7.619064855886901,0.0,0.0,7.619064855886901,0.0,0.0,0.0,0.0,0.0,0.0,0.0,0.2583,7.619064855886901,0.1,0.0
373,0.0,7.667336449156834,0.0,0.0,7.667336449156834,0.0,0.0,0.0,0.0,0.0,0.0,0.0,0.2583,7.667336449156834,0.1,0.0
374,0.0,7.651334319510471,0.0,0.0,7.651334319510471,0.0,0.0,0.0,0.0,0.0,0.0,0.0,0.2583,7.651334319510471,0.1,0.0
375,0.0,7.666217927278098,0.0,0.0,7.666217927278098,0.0,0.0,0.0,0.0,0.0,0.0,0.0,0.2583,7.666217927278098,0.1,0.0
376,0.0,107.45977073661045,0.0,0.0,107.45977073661045,0.0,0.0,0.0,0.0,0.0,0.0,0.0,0.0192,107.45977073661045,0.1,0.0
377,0.0,107.51317150354059,0.0,0.0,107.51317150354059,0.0,0.0,0.0,0.0,0.0,0.0,0.0,0.0192,107.51317150354059,0.1,0.0
378,0.0,107.45974790896297,0.0,0.0,107.45974790896297,0.0,0.0,0.0,0.0,0.0,0.0,0.0,0.0192,107.45974790896297,0.1,0.0
379,0.0,108.62808561878659,0.0,0.0,108.62808561878659,0.0,0.0,0.0,0.0,0.0,0.0,0.0,0.0192,108.62808561878659,0.1,0.0
380,0.0,108.4361047981596,0.0,0.0,108.4361047981596,0.0,0.0,0.0,0.0,0.0,0.0,0.0,0.0192,108.4361047981596,0.1,0.0
381,0.0,108.4356727016281,0.0,0.0,108.4356727016281,0.0,0.0,0.0,0.0,0.0,0.0,0.0,0.0192,108.4356727016281,0.1,0.0
382,0.0,107.59397358503048,0.0,0.0,107.59397358503048,0.0,0.0,0.0,0.0,0.0,0.0,0.0,0.0192,107.59397358503048,0.1,0.0
383,0.0,106.42196900759076,0.0,0.0,106.42196900759076,0.0,0.0,0.0,0.0,0.0,0.0,0.0,0.0192,106.42196900759076,0.1,0.0
384,0.0,105.25044325233542,0.0,0.0,105.25044325233542,0.0,0.0,0.0,0.0,0.0,0.0,0.0,0.0192,105.25044325233542,0.5,0.0
385,0.0,105.61188635678408,0.0,0.0,105.61188635678408,0.0,0.0,0.0,0.0,0.0,0.0,0.0,0.0192,105.61188635678408,0.5,0.0
386,0.0,104.43193630359481,0.0,0.0,104.43193630359481,0.0,0.0,0.0,0.0,0.0,0.0,0.0,0.0192,104.43193630359481,0.5,0.0
387,0.0,198.80873062940594,0.0,0.0,198.80873062940594,0.0,0.0,0.0,0.0,0.0,0.0,0.0,0.0192,198.80873062940594,0.5,0.0
388,0.0,197.28257021923068,0.0,0.0,197.28257021923068,0.0,0.0,0.0,0.0,0.0,0.0,0.0,0.0192,197.28257021923068,0.5,0.0
389,0.0,198.47341098292276,0.0,0.0,198.47341098292276,0.0,0.0,0.0,0.0,0.0,0.0,0.0,0.0192,198.47341098292276,0.5,0.0
390,0.0,199.582100906018,0.0,0.0,199.582100906018,0.0,0.0,0.0,0.0,0.0,0.0,0.0,0.0192,199.582100906018,0.5,0.0
391,0.0,103.93086760086324,0.0,0.0,168.93086760086322,0.0,0.0,0.0,65.0,0.0,0.0,0.0,0.0192,103.93086760086324,0.559375,0.0
392,0.0,103.9808607337871,0.0,0.0,136.28728281874635,0.0,0.0,0.0,32.30642208495925,0.0,0.0,0.0,0.0192,103.9808607337871,0.5888856740199147,0.0
393,0.0,104.3246203708571,0.0,0.0,104.3246203708571,0.0,0.0,0.0,0.0,0.0,0.0,0.0,0.0192,104.3246203708571,0.5888856740199147,0.0
394,0.0,198.6653588596166,0.0,0.0,198.6653588596166,0.0,0.0,0.0,0.0,0.0,0.0,0.0,0.0192,198.6653588596166,0.5888856740199147,0.0
395,0.0,197.99493501726937,0.0,0.0,197.99493501726937,0.0,0.0,0.0,0.0,0.0,0.0,0.0,0.0192,197.99493501726937,0.5888856740199147,0.0
396,0.0,198.95264558524667,0.0,0.0,198.95264558524667,0.0,0.0,0.0,0.0,0.0,0.0,0.0,0.0192,198.95264558524667,0.5888856740199147,0.0
397,0.0,199.19535533603417,0.0,0.0,199.19535533603417,0.0,0.0,0.0,0.0,0.0,0.0,0.0,0.0192,199.19535533603417,0.5888856740199147,0.0
398,0.0,199.1944556886823,0.0,0.0,199.1944556886823,0.0,0.0,0.0,0.0,0.0,0.0,0.0,0.0192,199.1944556886823,0.5888856740199147,0.0
399,0.0,104.03100902498245,0.0,0.0,104.03100902498245,0.0,0.0,0.0,0.0,0.0,0.0,0.0,0.0192,104.03100902498245,0.5888856740199147,0.0
400,0.0,105.61210040844436,0.0,0.0,105.61210040844436,0.0,0.0,0.0,0.0,0.0,0.0,0.0,0.0192,105.61210040844436,0.5888856740199147,0.0
401,0.0,106.95254548432243,0.0,0.0,106.95254548432243,0.0,0.0,0.0,0.0,0.0,0.0,0.0,0.0192,106.95254548432243,0.5888856740199147,0.0
402,0.0,107.08673140787712,0.0,0.0,107.08673140787712,0.0,0.0,0.0,0.0,0.0,0.0,0.0,0.0192,107.08673140787712,0.5888856740199147,0.0
403,0.0,106.60663749739885,0.0,0.0,106.60663749739885,0.0,0.0,0.0,0.0,0.0,0.0,0.0,0.0192,106.60663749739885,0.5888856740199147,0.0
404,0.0,106.3167306454872,0.0,0.0,106.3167306454872,0.0,0.0,0.0,0.0,0.0,0.0,0.0,0.0192,106.3167306454872,0.5888856740199147,0.0
405,0.0,106.3692122753026,0.0,0.0,106.3692122753026,0.0,0.0,0.0,0.0,0.0,0.0,0.0,0.0192,106.3692122753026,0.5888856740199147,0.0
406,0.0,106.6615534472553,0.0,0.0,106.6615534472553,0.0,0.0,0.0,0.0,0.0,0.0,0.0,0.0192,106.6615534472553,0.5888856740199147,0.0
407,0.0,106.68825761710158,0.0,0.0,106.68825761710158,0.0,0.0,0.0,0.0,0.0,0.0,0.0,0.0192,106.68825761710158,0.5888856740199147,0.0
408,0.0,105.49400332830527,0.0,0.0,105.49400332830527,0.0,0.0,0.0,0.0,0.0,0.0,0.0,0.0192,105.49400332830527,0.5888856740199147,0.0
409,0.0,105.42875447535013,0.0,0.0,105.42875447535013,0.0,0.0,0.0,0.0,0.0,0.0,0.0,0.0192,105.42875447535013,0.5888856740199147,0.0
410,0.0,105.80479560462766,0.0,0.0,105.80479560462766,0.0,0.0,0.0,0.0,0.0,0.0,0.0,0.0192,105.80479560462766,0.5888856740199147,0.0
411,0.0,104.71017083175451,0.0,0.0,104.71017083175451,0.0,0.0,0.0,0.0,0.0,0.0,0.0,0.0192,104.71017083175451,0.5888856740199147,0.0
412,0.0,104.91883579102279,0.0,0.0,104.91883579102279,0.0,0.5819980778799876,0.0,0.0,0.0,0.0,0.0,0.0192,104.91883579102279,0.5894173068795165,0.0
413,0.0,105.27896943359845,0.0,0.0,105.27896943359845,0.0,1.134581103644872,0.0,0.0,0.0,0.0,0.0,0.0192,105.27896943359845,0.5904537030799614,0.0
414,0.0,105.61511980759241,0.0,0.0,105.61511980759241,0.0,1.9970535130339129,0.0,0.0,0.0,0.0,0.0,0.0192,105.61511980759241,0.5922779346543674,0.0
415,0.0,145.36632148910434,0.0,0.0,145.36632148910434,0.0,4.361425049834666,0.0,0.0,0.0,0.0,0.0,0.0192,145.36632148910434,0.5962619286902741,0.0
416,7.0171915168391115,0.0,2.9006154842441605,0.0,0.0,0.0,0.0,0.0,0.0,0.0,0.0,0.0,0.2583,9.917807001083272,0.593326083058448,0.0
417,10.17417999812006,0.0,0.0,0.0,0.0,0.0,0.01059709778360407,0.0,0.0,0.0,0.0,0.0,0.2583,10.17417999812006,0.5933357630996927,0.0
418,13.337991606414223,0.0,0.9264435130766326,0.0,0.0,0.0,0.0,0.0,0.0,0.0,0.0,0.0,0.2583,14.264435119490855,0.5923980672362549,0.0
419,14.534913680036052,0.0,0.0,0.0,0.0,0.0,2.209384953398615,0.0,0.0,0.0,0.0,0.0,0.2583,14.534913680036052,0.5944162554148401,0.0
420,14.578123808054949,0.0,0.0,0.0,0.0,0.0,3.3595584928730506,0.0,0.0,0.0,0.0,0.0,0.2583,14.578123808054949,0.5974850828842915,0.0
421,14.630982692250537,0.0,0.0,0.0,0.0,0.0,7.388092728949463,0.0,0.0,0.0,0.0,0.0,0.2583,14.630982692250537,0.6042338214347741,0.0
422,14.691703026783694,0.0,0.0,0.0,0.0,0.0,9.590883882483864,0.0,0.0,0.0,0.0,0.0,0.2583,14.691703026783694,0.6129947249812738,0.0
423,14.746434643668461,0.0,0.0,0.0,0.0,0.0,11.618266104541313,0.0,0.0,0.0,0.0,0.0,0.2583,14.746434643668461,0.6236075642113836,0.0
424,14.715538087370987,0.0,0.0,0.0,0.0,0.0,13.651075561532124,0.0,0.0,0.0,0.0,0.0,0.2583,14.715538087370987,0.6360772966954755,0.0
425,9.44593722,0.0,0.0,0.0,0.0,0.0,20.786413864832,0.0,0.0,0.0,0.0,0.0,0.2583,9.44593722,0.6550648862835432,0.0
426,9.44593722,0.0,0.0,0.0,0.0,0.0,22.4621122832,0.0,0.0,0.0,0.0,0.0,0.2583,9.44593722,0.6755831619268509,0.0
427,9.44593722,0.0,0.0,0.0,0.0,0.0,23.942579743498676,0.0,0.0,0.0,0.0,0.0,0.2583,9.44593722,0.6974537876540853,0.0
428,9.44593722,0.0,0.0,0.0,0.0,0.0,25.13281559813334,0.0,0.0,0.0,0.0,0.0,0.2583,9.44593722,0.7204116480562263,0.0
429,9.44593722,0.0,0.0,0.0,0.0,0.0,26.27868215186134,0.0,0.0,0.0,0.0,0.0,0.2583,9.44593722,0.7444162134834073,0.0
430,9.44593722,0.0,0.0,0.0,0.0,0.0,27.357463567688896,0.0,0.0,0.0,0.0,0.0,0.2583,9.44593722,0.7694062042423538,0.0
431,9.44593722,0.0,0.0,0.0,0.0,0.0,28.577224557212702,0.0,0.0,0.0,0.0,0.0,0.2583,9.44593722,0.7955103997513462,0.0
432,9.446058837750718,0.0,0.0,0.0,0.0,0.0,28.551091525161276,0.0,0.0,0.0,0.0,0.0,0.2583,9.446058837750718,0.8215907237406762,0.0
433,9.446058017502589,0.0,0.0,0.0,0.0,0.0,28.765915873416525,0.0,0.0,0.0,0.0,0.0,0.2583,9.446058017502589,0.8478672815096625,0.0
434,9.44605744510175,0.0,0.0,0.0,0.0,0.0,28.64452162484136,0.0,0.0,0.0,0.0,0.0,0.2583,9.44605744510175,0.8740329503015849,0.0
435,9.44605631992205,0.0,0.0,0.0,0.0,0.0,28.427085985633504,0.0,0.0,0.0,0.0,0.0,0.2583,9.44605631992205,0.9,0.0
436,37.583540242352,0.0,60.70024557315328,0.0,0.0,0.0,0.0,0.0,0.0,0.0,0.0,0.0,0.2583,98.28378581550528,0.8385625044806142,0.0
437,36.891451966927995,0.0,61.15886737333124,0.0,0.0,0.0,0.0,0.0,0.0,0.0,0.0,0.0,0.2583,98.05031934025924,0.776660816855785,0.0
438,37.424164996608,0.0,60.26199424494102,0.0,0.0,0.0,0.0,0.0,0.0,0.0,0.0,0.0,0.2583,97.68615924154902,0.7156668955552374,0.0
439,35.45578311831112,0.0,60.85543501708649,0.0,0.0,0.0,0.0,0.0,0.0,0.0,0.0,0.0,0.2583,96.31121813539761,0.6540723256998867,0.0
440,33.77326907409654,0.0,62.488971814288966,0.0,0.0,0.0,0.0,0.0,0.0,0.0,0.0,0.0,0.2583,96.2622408883855,0.5908243785194323,0.0
441,31.985814008858664,0.0,64.64789993964258,0.0,0.0,0.0,0.0,0.0,0.0,0.0,0.0,0.0,0.2583,96.63371394850125,0.5253912814145307,0.0
442,30.348154730954665,66.05317716086951,0.0,0.0,66.05317716086951,0.0,0.0,0.0,0.0,0.0,0.0,0.0,0.2583,96.40133189182417,0.5253912814145307,0.0
443,28.44680443947911,67.68717939324412,0.0,0.0,67.68717939324412,0.0,0.0,0.0,0.0,0.0,0.0,0.0,0.2583,96.13398383272323,0.5253912814145307,0.0
444,26.45882828102222,69.82043982300965,0.0,0.0,69.82043982300965,0.0,0.0,0.0,0.0,0.0,0.0,0.0,0.2583,96.27926810403187,0.5253912814145307,0.0
445,24.14319819382756,71.73040009807012,0.0,0.0,71.73040009807012,0.0,0.0,0.0,0.0,0.0,0.0,0.0,0.2583,95.87359829189768,0.5253912814145307,0.0
446,22.102274480000002,73.6164564959533,0.0,0.0,73.6164564959533,0.0,0.0,0.0,0.0,0.0,0.0,0.0,0.2583,95.7187309759533,0.5253912814145307,0.0
447,15.615739442830224,79.81601641218793,0.0,0.0,79.81601641218793,0.0,0.0,0.0,0.0,0.0,0.0,0.0,0.2583,95.43175585501815,0.5253912814145307,0.0
448,9.975164898538669,85.94163705670469,0.0,0.0,85.94163705670469,0.0,0.0,0.0,0.0,0.0,0.0,0.0,0.2583,95.91680195524336,0.5253912814145307,0.0
449,4.780594942376806,91.66192118450711,0.0,0.0,91.66192118450711,0.0,0.0,0.0,0.0,0.0,0.0,0.0,0.2583,96.44251612688392,0.5253912814145307,0.0
450,12.394736609932444,84.28635114259112,0.0,0.0,84.28635114259112,0.0,0.0,0.0,0.0,0.0,0.0,0.0,0.2583,96.68108775252355,0.5253912814145307,0.0
451,6.631369461923555,89.72098308034734,0.0,0.0,89.72098308034734,0.0,0.0,0.0,0.0,0.0,0.0,0.0,0.2583,96.35235254227089,0.5253912814145307,0.0
452,4.194912163866666,92.44935667429327,0.0,0.0,92.44935667429327,0.0,0.0,0.0,0.0,0.0,0.0,0.0,0.2583,96.64426883815993,0.5253912814145307,0.0
453,2.1543202046054986,95.15636037616558,0.0,0.0,95.15636037616558,0.0,0.0,0.0,0.0,0.0,0.0,0.0,0.2583,97.31068058077108,0.5253912814145307,0.0
454,0.7618152383111112,97.13154292255581,0.0,0.0,97.13154292255581,0.0,0.0,0.0,0.0,0.0,0.0,0.0,0.2583,97.89335816086692,0.5253912814145307,0.0
455,0.0,98.2142626294577,0.0,0.0,98.2142626294577,0.0,0.0,0.0,0.0,0.0,0.0,0.0,0.2583,98.2142626294577,0.5253912814145307,0.0
456,0.0,98.73947248122099,0.0,0.0,98.73947248122099,0.0,0.0,0.0,0.0,0.0,0.0,0.0,0.2583,98.73947248122099,0.5253912814145307,0.0
457,0.0,98.80419326956611,0.0,0.0,98.80419326956611,0.0,0.0,0.0,0.0,0.0,0.0,0.0,0.2583,98.80419326956611,0.5253912814145307,0.0
458,0.0,98.8274256768307,0.0,0.0,98.8274256768307,0.0,0.0,0.0,0.0,0.0,0.0,0.0,0.2583,98.8274256768307,0.5253912814145307,0.0
459,0.0,33.900873895639435,65.0,0.0,33.900873895639435,0.0,0.0,0.0,0.0,0.0,0.0,0.0,0.2583,98.90087389563944,0.45960180773032017,0.0
460,0.0,33.84694025365802,65.0,0.0,33.84694025365802,0.0,0.0,0.0,0.0,0.0,0.0,0.0,0.2583,98.84694025365802,0.39381233404610966,0.0
461,0.0,33.816597904745436,65.0,0.0,33.816597904745436,0.0,0.0,0.0,0.0,0.0,0.0,0.0,0.2583,98.81659790474544,0.32802286036189915,0.0
462,0.0,29.92891124983427,65.0,0.0,29.92891124983427,0.0,0.0,0.0,0.0,0.0,0.0,0.0,0.2583,94.92891124983427,0.26223338667768875,0.0
463,0.0,29.960267819778466,65.0,0.0,29.960267819778466,0.0,0.0,0.0,0.0,0.0,0.0,0.0,0.2583,94.96026781977847,0.19644391299347821,0.0
464,0.0,29.765109308535756,65.0,0.0,29.765109308535756,0.0,0.0,0.0,0.0,0.0,0.0,0.0,0.2583,94.76510930853576,0.13065443930926773,0.0
465,0.0,64.26507807510153,30.286586037556575,0.0,64.26507807510153,0.0,0.0,0.0,0.0,0.0,0.0,0.0,0.2583,94.5516641126581,0.09999999999999995,0.0
466,0.0,94.33695848081008,0.0,0.0,94.33695848081008,0.0,0.0,0.0,0.0,0.0,0.0,0.0,0.2583,94.33695848081008,0.09999999999999995,0.0
467,0.0,41.841325810934634,0.0,0.0,41.841325810934634,0.0,0.0,0.0,0.0,0.0,0.0,0.0,0.2583,41.841325810934634,0.09999999999999995,0.0
468,0.0,7.0204453725381635,0.0,0.0,7.0204453725381635,0.0,0.0,0.0,0.0,0.0,0.0,0.0,0.2583,7.0204453725381635,0.09999999999999995,0.0
469,0.0,7.041941778486076,0.0,0.0,7.041941778486076,0.0,0.0,0.0,0.0,0.0,0.0,0.0,0.2583,7.041941778486076,0.09999999999999995,0.0
470,0.0,7.05931407949075,0.0,0.0,7.05931407949075,0.0,0.0,0.0,0.0,0.0,0.0,0.0,0.2583,7.05931407949075,0.09999999999999995,0.0
471,0.0,7.084470343959404,0.0,0.0,7.084470343959404,0.0,0.0,0.0,0.0,0.0,0.0,0.0,0.2583,7.084470343959404,0.1,0.0
472,0.0,95.56485937742448,0.0,0.0,95.56485937742448,0.0,0.0,0.0,0.0,0.0,0.0,0.0,0.0192,95.56485937742448,0.09999999999999995,0.0
473,0.0,95.5649726483932,0.0,0.0,95.5649726483932,0.0,0.0,0.0,0.0,0.0,0.0,0.0,0.0192,95.5649726483932,0.09999999999999995,0.0
474,0.0,95.79790117379342,0.0,0.0,95.79790117379342,0.0,0.0,0.0,0.0,0.0,0.0,0.0,0.0192,95.79790117379342,0.09999999999999995,0.0
475,0.0,95.86162413007354,0.0,0.0,95.86162413007354,0.0,0.0,0.0,0.0,0.0,0.0,0.0,0.0192,95.86162413007354,0.09999999999999995,0.0
476,0.0,95.88315680983591,0.0,0.0,95.88315680983591,0.0,0.0,0.0,0.0,0.0,0.0,0.0,0.0192,95.88315680983591,0.09999999999999995,0.0
477,0.0,96.20368620217388,0.0,0.0,96.20368620217388,0.0,0.0,0.0,0.0,0.0,0.0,0.0,0.0192,96.20368620217388,0.09999999999999995,0.0
478,0.0,96.375251018753,0.0,0.0,96.375251018753,0.0,0.0,0.0,0.0,0.0,0.0,0.0,0.0192,96.375251018753,0.09999999999999995,0.0
479,0.0,96.43988131202319,0.0,0.0,96.43988131202319,0.0,0.0,0.0,0.0,0.0,0.0,0.0,0.0192,96.43988131202319,0.1,0.0
480,0.0,186.11980830559583,0.0,0.0,251.11980830559583,0.0,0.0,0.0,65.0,0.0,0.0,0.0,0.0192,186.11980830559583,0.559375,0.0
481,0.0,186.37307209751256,0.0,0.0,251.37307209751256,0.0,0.0,0.0,65.0,0.0,0.0,0.0,0.0192,186.37307209751256,0.6187499999999999,0.0
482,0.0,186.5416973775242,0.0,0.0,251.5416973775242,0.0,0.0,0.0,65.0,0.0,0.0,0.0,0.0192,186.5416973775242,0.6781249999999999,0.0
483,0.0,186.7554714310521,0.0,0.0,251.7554714310521,0.0,0.0,0.0,65.0,0.0,0.0,0.0,0.0192,186.7554714310521,0.7374999999999998,0.0
484,0.0,187.01035396517483,0.0,0.0,234.9050908072804,0.0,0.0,0.0,47.89473684210558,0.0,0.0,0.0,0.0192,187.01035396517483,0.7812500000000001,0.0
485,0.0,134.51208056323844,0.0,0.0,199.51208056323844,0.0,0.0,0.0,65.0,0.0,0.0,0.0,0.0192,134.51208056323844,0.8406250000000001,0.0
486,0.0,187.4365199332731,0.0,0.0,252.4365199332731,0.0,0.0,0.0,65.0,0.0,0.0,0.0,0.0192,187.4365199332731,0.9,0.0
487,0.0,97.51044871326039,0.0,0.0,97.51044871326039,0.0,0.0,0.0,0.0,0.0,0.0,0.0,0.0192,97.51044871326039,0.9,0.0
488,0.0,97.75291949637345,0.0,0.0,97.75291949637345,0.0,0.0,0.0,0.0,0.0,0.0,0.0,0.0192,97.75291949637345,0.9,0.0
489,0.0,97.95273232782048,0.0,0.0,97.95273232782048,0.0,0.0,0.0,0.0,0.0,0.0,0.0,0.0192,97.95273232782048,0.9,0.0
490,0.0,97.9527389359997,0.0,0.0,97.9527389359997,0.0,0.0,0.0,0.0,0.0,0.0,0.0,0.0192,97.9527389359997,0.9,0.0
491,0.0,97.6645654413629,0.0,0.0,97.6645654413629,0.0,0.0,0.0,0.0,0.0,0.0,0.0,0.0192,97.6645654413629,0.9,0.0
492,0.0,187.5222145344177,0.0,0.0,187.5222145344177,0.0,0.0,0.0,0.0,0.0,0.0,0.0,0.0192,187.5222145344177,0.9,0.0
493,0.0,97.5981554290821,0.0,0.0,97.5981554290821,0.0,0.0,0.0,0.0,0.0,0.0,0.0,0.0192,97.5981554290821,0.9,0.0
494,0.0,97.62023541611468,0.0,0.0,97.62023541611468,0.0,0.0,0.0,0.0,0.0,0.0,0.0,0.0192,97.62023541611468,0.9,0.0
495,0.0,97.95084725326254,0.0,0.0,97.95084725326254,0.0,0.0,0.0,0.0,0.0,0.0,0.0,0.0192,97.95084725326254,0.9,0.0
496,0.0,97.68529581940756,0.0,0.0,97.68529581940756,0.0,0.0,0.0,0.0,0.0,0.0,0.0,0.0192,97.68529581940756,0.9,0.0
497,0.0,97.48606692776669,0.0,0.0,97.48606692776669,0.0,0.0,0.0,0.0,0.0,0.0,0.0,0.0192,97.48606692776669,0.9,0.0
498,0.0,97.48722831273358,0.0,0.0,97.48722831273358,0.0,0.0,0.0,0.0,0.0,0.0,0.0,0.0192,97.48722831273358,0.9,0.0
499,0.0,97.66243108543827,0.0,0.0,97.66243108543827,0.0,0.0,0.0,0.0,0.0,0.0,0.0,0.0192,97.66243108543827,0.9,0.0
500,0.0,98.17365449851363,0.0,0.0,98.17365449851363,0.0,0.0,0.0,0.0,0.0,0.0,0.0,0.0192,98.17365449851363,0.9,0.0
501,0.0,97.95096514211282,0.0,0.0,97.95096514211282,0.0,0.0,0.0,0.0,0.0,0.0,0.0,0.0192,97.95096514211282,0.9,0.0
502,0.0,98.37531274542985,0.0,0.0,98.37531274542985,0.0,0.0,0.0,0.0,0.0,0.0,0.0,0.0192,98.37531274542985,0.9,0.0
503,0.0,98.39768076444207,0.0,0.0,98.39768076444207,0.0,0.0,0.0,0.0,0.0,0.0,0.0,0.0192,98.39768076444207,0.9,0.0
504,0.0,98.23185654800209,0.0,0.0,98.23185654800209,0.0,0.0,0.0,0.0,0.0,0.0,0.0,0.0192,98.23185654800209,0.9,0.0
505,0.0,98.19905545268563,0.0,0.0,98.19905545268563,0.0,0.0,0.0,0.0,0.0,0.0,0.0,0.0192,98.19905545268563,0.9,0.0
506,0.0,98.01021473007809,0.0,0.0,98.01021473007809,0.0,0.0,0.0,0.0,0.0,0.0,0.0,0.0192,98.01021473007809,0.9,0.0
507,0.0,97.9107626295351,0.0,0.0,97.9107626295351,0.0,0.0,0.0,0.0,0.0,0.0,0.0,0.0192,97.9107626295351,0.9,0.0
508,0.0,98.17993251695745,0.0,0.0,98.17993251695745,0.0,0.0,0.0,0.0,0.0,0.0,0.0,0.0192,98.17993251695745,0.9,0.0
509,0.9965871784035556,97.7399100264144,0.0,0.0,97.7399100264144,0.0,0.0,0.0,0.0,0.0,0.0,0.0,0.0192,98.73649720481797,0.9,0.0
510,0.6876581820391112,188.37612370144754,0.0,0.0,188.37612370144754,0.0,0.0,0.0,0.0,0.0,0.0,0.0,0.0192,189.06378188348666,0.9,0.0
511,0.8417396208000001,188.56419883258968,0.0,0.0,188.56419883258968,0.0,0.0,0.0,0.0,0.0,0.0,0.0,0.0192,189.4059384533897,0.9,0.0
512,1.0518974700000001,8.528459725716782,0.0,0.0,8.528459725716782,0.0,0.0,0.0,0.0,0.0,0.0,0.0,0.2583,9.580357195716783,0.9,0.0
513,1.3321386340888888,8.551368282749133,0.0,0.0,8.551368282749133,0.0,0.0,0.0,0.0,0.0,0.0,0.0,0.2583,9.883506916838021,0.9,0.0
514,2.2534587157102224,11.724570650665674,0.0,0.0,11.724570650665674,0.0,0.0,0.0,0.0,0.0,0.0,0.0,0.2583,13.978029366375896,0.9,0.0
515,2.0711852714453336,12.193391803573206,0.0,0.0,12.193391803573206,0.0,0.0,0.0,0.0,0.0,0.0,0.0,0.2583,14.26457707501854,0.9,0.0
516,1.5535698660213335,0.0,12.78294937806472,0.0,0.0,0.0,0.0,0.0,0.0,0.0,0.0,0.0,0.2583,14.336519244086054,0.8870617921274648,0.0
517,1.4960895752053331,36.61142200119069,65.0,0.0,36.61142200119069,0.0,0.0,0.0,0.0,0.0,0.0,0.0,0.2583,103.10751157639602,0.8212723184432543,0.0
518,1.1179491925333334,36.50748618086317,65.0,0.0,36.50748618086317,0.0,0.0,0.0,0.0,0.0,0.0,0.0,0.2583,102.6254353733965,0.7554828447590438,0.0
519,2.4546687763067183,35.1126509253553,65.0,0.0,35.1126509253553,0.0,0.0,0.0,0.0,0.0,0.0,0.0,0.2583,102.56731970166202,0.6896933710748333,0.0
520,5.288049000208001,31.613867610100062,65.0,0.0,31.613867610100062,0.0,0.0,0.0,0.0,0.0,0.0,0.0,0.2583,101.90191661030806,0.6239038973906228,0.0
521,4.086526640074666,32.77402710990309,65.0,0.0,32.77402710990309,0.0,0.0,0.0,0.0,0.0,0.0,0.0,0.2583,101.86055374997775,0.5581144237064123,0.0
522,3.2937678513653332,32.95207806147204,65.0,0.0,32.95207806147204,0.0,0.0,0.0,0.0,0.0,0.0,0.0,0.2583,101.24584591283737,0.49232495002220183,0.0
523,3.8171044022222222,32.12453953105052,65.0,0.0,32.12453953105052,0.0,0.0,0.0,0.0,0.0,0.0,0.0,0.2583,100.94164393327274,0.4265354763379913,0.0
524,3.1122578827946668,32.86979235549221,65.0,0.0,32.86979235549221,0.0,0.0,0.0,0.0,0.0,0.0,0.0,0.2583,100.98205023828687,0.3607460026537808,0.0
525,3.238779934947556,33.0678949285204,65.0,0.0,33.0678949285204,0.0,0.0,0.0,0.0,0.0,0.0,0.0,0.2583,101.30667486346796,0.2949565289695703,0.0
526,3.947317854456889,32.78955298588239,65.0,0.0,32.78955298588239,0.0,0.0,0.0,0.0,0.0,0.0,0.0,0.2583,101.73687084033928,0.2291670552853598,0.0
527,5.143892285422222,32.54914581346743,65.0,0.0,32.54914581346743,0.0,0.0,0.0,0.0,0.0,0.0,0.0,0.2583,102.69303809888966,0.1633775816011493,0.0
528,3.7475898040302225,83.52261747432058,15.590934178252473,0.0,83.52261747432058,0.0,0.0,0.0,0.0,0.0,0.0,0.0,0.2583,102.86114145660328,0.1475972838498816,0.0
529,4.607530875630223,98.40132064092303,0.0,0.0,98.40132064092303,0.0,0.0,0.0,0.0,0.0,0.0,0.0,0.2583,103.00885151655325,0.1475972838498816,0.0
530,4.776673959916444,9.797302743536283,0.0,0.0,9.797302743536283,0.0,0.0,0.0,0.0,0.0,0.0,0.0,0.2583,14.573976703452727,0.1475972838498816,0.0
531,5.535307659000887,97.64304196209217,0.0,0.0,97.64304196209217,0.0,0.0,0.0,0.0,0.0,0.0,0.0,0.2583,103.17834962109306,0.1475972838498816,0.0
532,6.046630264133333,97.18992827629758,0.0,0.0,97.18992827629758,0.0,0.0,0.0,0.0,0.0,0.0,0.0,0.2583,103.2365585404309,0.1475972838498816,0.0
533,5.125315794005334,9.454219968849781,0.0,0.0,9.454219968849781,0.0,0.0,0.0,0.0,0.0,0.0,0.0,0.2583,14.579535762855116,0.1475972838498816,0.0
534,6.588242585456267,7.981417692782984,0.0,0.0,7.981417692782984,0.0,0.0,0.0,0.0,0.0,0.0,0.0,0.2583,14.569660278239251,0.1475972838498816,0.0
535,4.779240362138665,9.789566555046697,0.0,0.0,9.789566555046697,0.0,0.0,0.0,0.0,0.0,0.0,0.0,0.2583,14.568806917185363,0.1475972838498816,0.0
536,3.0731243018666667,11.510631434287763,0.0,0.0,11.510631434287763,0.0,0.0,0.0,0.0,0.0,0.0,0.0,0.2583,14.58375573615443,0.1475972838498816,0.0
537,3.8648623179342216,10.7201097059849,0.0,0.0,10.7201097059849,0.0,0.0,0.0,0.0,0.0,0.0,0.0,0.2583,14.584972023919121,0.1475972838498816,0.0
538,3.2951898124657784,11.29551783205829,0.0,0.0,11.29551783205829,0.0,0.0,0.0,0.0,0.0,0.0,0.0,0.2583,14.590707644524068,0.1475972838498816,0.0
539,2.5144159871999996,12.069991299248171,0.0,0.0,12.069991299248171,0.0,0.0,0.0,0.0,0.0,0.0,0.0,0.2583,14.58440728644817,0.1475972838498816,0.0
540,3.0842039292480004,0.0,47.026116443683016,0.0,0.0,0.0,0.0,0.0,0.0,0.0,0.0,0.0,0.2583,50.110320372931014,0.1,0.0
541,3.4021070924302217,99.67025728801868,0.0,0.0,99.67025728801868,0.0,0.0,0.0,0.0,0.0,0.0,0.0,0.2583,103.0723643804489,0.1,0.0
542,3.094901470752,99.6823173949492,0.0,0.0,99.6823173949492,0.0,0.0,0.0,0.0,0.0,0.0,0.0,0.2583,102.7772188657012,0.1,0.0
543,2.747273563285333,99.96732495348266,0.0,0.0,99.96732495348266,0.0,0.0,0.0,0.0,0.0,0.0,0.0,0.2583,102.71459851676799,0.1,0.0
544,2.149410288803556,100.6183890026385,0.0,0.0,100.6183890026385,0.0,0.0,0.0,0.0,0.0,0.0,0.0,0.2583,102.76779929144205,0.1,0.0
545,1.2023577389546667,101.82690782425895,0.0,0.0,101.82690782425895,0.0,0.0,0.0,0.0,0.0,0.0,0.0,0.2583,103.02926556321361,0.1,0.0
546,0.9787894560892632,101.96683864442154,0.0,0.0,101.96683864442154,0.0,0.0,0.0,0.0,0.0,0.0,0.0,0.2583,102.9456281005108,0.1,0.0
547,0.6294747991999999,102.29537278413498,0.0,0.0,102.29537278413498,0.0,0.0,0.0,0.0,0.0,0.0,0.0,0.2583,102.92484758333498,0.1,0.0
548,0.769222638311111,102.15544534063011,0.0,0.0,102.15544534063011,0.0,0.0,0.0,0.0,0.0,0.0,0.0,0.2583,102.92466797894122,0.1,0.0
549,0.4896964112446315,102.45614763942187,0.0,0.0,102.45614763942187,0.0,0.0,0.0,0.0,0.0,0.0,0.0,0.2583,102.94584405066651,0.1,0.0
550,0.0,102.81800173340385,0.0,0.0,102.81800173340385,0.0,0.0,0.0,0.0,0.0,0.0,0.0,0.2583,102.81800173340385,0.1,0.0
551,0.0,102.81889856569349,0.0,0.0,102.81889856569349,0.0,0.0,0.0,0.0,0.0,0.0,0.0,0.2583,102.81889856569349,0.1,0.0
552,0.0,102.6254711644622,0.0,0.0,102.6254711644622,0.0,0.0,0.0,0.0,0.0,0.0,0.0,0.2583,102.6254711644622,0.1,0.0
553,0.0,102.43184172739036,0.0,0.0,102.43184172739036,0.0,0.0,0.0,0.0,0.0,0.0,0.0,0.2583,102.43184172739036,0.1,0.0
554,0.0,102.31620446463653,0.0,0.0,102.31620446463653,0.0,0.0,0.0,0.0,0.0,0.0,0.0,0.2583,102.31620446463653,0.1,0.0
555,0.0,102.14791082206636,0.0,0.0,102.14791082206636,0.0,0.0,0.0,0.0,0.0,0.0,0.0,0.2583,102.14791082206636,0.1,0.0
556,0.0,101.46750268807033,0.0,0.0,101.46750268807033,0.0,0.0,0.0,0.0,0.0,0.0,0.0,0.2583,101.46750268807033,0.1,0.0
557,0.0,100.84991858162095,0.0,0.0,100.84991858162095,0.0,0.0,0.0,0.0,0.0,0.0,0.0,0.2583,100.84991858162095,0.1,0.0
558,0.0,97.20088127757694,0.0,0.0,97.20088127757694,0.0,0.0,0.0,0.0,0.0,0.0,0.0,0.2583,97.20088127757694,0.1,0.0
559,0.0,96.99802670173555,0.0,0.0,96.99802670173555,0.0,0.0,0.0,0.0,0.0,0.0,0.0,0.2583,96.99802670173555,0.1,0.0
560,0.0,96.62900216806804,0.0,0.0,96.62900216806804,0.0,0.0,0.0,0.0,0.0,0.0,0.0,0.2583,96.62900216806804,0.1,0.0
561,0.0,96.40763098545402,0.0,0.0,96.40763098545402,0.0,0.0,0.0,0.0,0.0,0.0,0.0,0.2583,96.40763098545402,0.1,0.0
562,0.0,95.78429082010722,0.0,0.0,95.78429082010722,0.0,0.0,0.0,0.0,0.0,0.0,0.0,0.2583,95.78429082010722,0.1,0.0
563,0.0,95.31174354261034,0.0,0.0,95.31174354261034,0.0,0.0,0.0,0.0,0.0,0.0,0.0,0.2583,95.31174354261034,0.1,0.0
564,0.0,95.60751300188835,0.0,0.0,95.60751300188835,0.0,0.0,0.0,0.0,0.0,0.0,0.0,0.2583,95.60751300188835,0.1,0.0
565,0.0,95.50149926480098,0.0,0.0,95.50149926480098,0.0,0.0,0.0,0.0,0.0,0.0,0.0,0.2583,95.50149926480098,0.1,0.0
566,0.0,95.75550684009366,0.0,0.0,95.75550684009366,0.0,0.0,0.0,0.0,0.0,0.0,0.0,0.2583,95.75550684009366,0.1,0.0
567,0.0,95.77657446325115,0.0,0.0,95.77657446325115,0.0,0.0,0.0,0.0,0.0,0.0,0.0,0.2583,95.77657446325115,0.1,0.0
568,0.0,95.9468787170841,0.0,0.0,95.9468787170841,0.0,0.0,0.0,0.0,0.0,0.0,0.0,0.0192,95.9468787170841,0.1,0.0
569,0.0,95.98973847424517,0.0,0.0,95.98973847424517,0.0,0.0,0.0,0.0,0.0,0.0,0.0,0.0192,95.98973847424517,0.1,0.0
570,0.0,96.09681777321036,0.0,0.0,96.09681777321036,0.0,0.0,0.0,0.0,0.0,0.0,0.0,0.0192,96.09681777321036,0.1,0.0
571,0.0,96.09661969082684,0.0,0.0,96.09661969082684,0.0,0.0,0.0,0.0,0.0,0.0,0.0,0.0192,96.09661969082684,0.1,0.0
572,0.0,96.16089449354187,0.0,0.0,96.16089449354187,0.0,0.0,0.0,0.0,0.0,0.0,0.0,0.0192,96.16089449354187,0.1,0.0
573,0.0,96.26818129870718,0.0,0.0,96.26818129870718,0.0,0.0,0.0,0.0,0.0,0.0,0.0,0.0192,96.26818129870718,0.1,0.0
574,0.0,96.18229844659824,0.0,0.0,96.18229844659824,0.0,0.0,0.0,0.0,0.0,0.0,0.0,0.0192,96.18229844659824,0.1,0.0
575,0.0,96.20391000546671,0.0,0.0,96.20391000546671,0.0,0.0,0.0,0.0,0.0,0.0,0.0,0.0192,96.20391000546671,0.1,0.0
576,0.0,96.22485801045352,0.0,0.0,96.22485801045352,0.0,0.0,0.0,0.0,0.0,0.0,0.0,0.0192,96.22485801045352,0.5,0.0
577,0.0,132.85294883548352,0.0,0.0,132.85294883548352,0.0,0.0,0.0,0.0,0.0,0.0,0.0,0.0192,132.85294883548352,0.5,0.0
578,0.0,96.31053942073167,0.0,0.0,96.31053942073167,0.0,0.0,0.0,0.0,0.0,0.0,0.0,0.0192,96.31053942073167,0.5,0.0
579,0.0,185.2006599506785,0.0,0.0,185.2006599506785,0.0,0.0,0.0,0.0,0.0,0.0,0.0,0.0192,185.2006599506785,0.5,0.0
580,0.0,185.11802693685564,0.0,0.0,185.11802693685564,0.0,0.0,0.0,0.0,0.0,0.0,0.0,0.0192,185.11802693685564,0.5,0.0
581,0.0,96.2700557616783,0.0,0.0,96.2700557616783,0.0,0.0,0.0,0.0,0.0,0.0,0.0,0.0192,96.2700557616783,0.5,0.0
582,0.0,96.24888424925015,0.0,0.0,96.24888424925015,0.0,0.0,0.0,0.0,0.0,0.0,0.0,0.0192,96.24888424925015,0.5,0.0
583,0.0,184.95119782958787,0.0,0.0,249.95119782958787,0.0,0.0,0.0,65.0,0.0,0.0,0.0,0.0192,184.95119782958787,0.559375,0.0
584,0.0,184.7847245539611,0.0,0.0,249.7847245539611,0.0,0.0,0.0,65.0,0.0,0.0,0.0,0.0192,184.7847245539611,0.6187499999999999,0.0
585,0.0,185.07609333035956,0.0,0.0,250.07609333035956,0.0,0.0,0.0,65.0,0.0,0.0,0.0,0.0192,185.07609333035956,0.6781249999999999,0.0
586,0.0,184.86866548460532,0.0,0.0,249.86866548460532,0.0,0.0,0.0,65.0,0.0,0.0,0.0,0.0192,184.86866548460532,0.7374999999999998,0.0
587,0.0,96.27003451054388,0.0,0.0,148.8235945802688,0.0,0.0,0.0,52.55356006972494,0.0,0.0,0.0,0.0192,96.27003451054388,0.7855056558329216,0.0
588,0.0,96.18465556813304,0.0,0.0,96.18465556813304,0.0,0.0,0.0,0.0,0.0,0.0,0.0,0.0192,96.18465556813304,0.7855056558329216,0.0
589,0.0,96.20574322198635,0.0,0.0,96.20574322198635,0.0,0.0,0.0,0.0,0.0,0.0,0.0,0.0192,96.20574322198635,0.7855056558329216,0.0
590,0.0,96.27022572761895,0.0,0.0,96.27022572761895,0.0,0.0,0.0,0.0,0.0,0.0,0.0,0.0192,96.27022572761895,0.7855056558329216,0.0
591,0.0,185.11712387135427,0.0,0.0,185.11712387135427,0.0,0.0,0.0,0.0,0.0,0.0,0.0,0.0192,185.11712387135427,0.7855056558329216,0.0
592,0.0,96.20484239102534,0.0,0.0,96.20484239102534,0.0,0.0,0.0,0.0,0.0,0.0,0.0,0.0192,96.20484239102534,0.7855056558329216,0.0
593,0.0,96.4202892175381,0.0,0.0,96.4202892175381,0.0,0.0,0.0,0.0,0.0,0.0,0.0,0.0192,96.4202892175381,0.7855056558329216,0.0
594,0.0,96.35512143843238,0.0,0.0,96.35512143843238,0.0,0.0,0.0,0.0,0.0,0.0,0.0,0.0192,96.35512143843238,0.7855056558329216,0.0
595,0.0,96.37682367260047,0.0,0.0,96.37682367260047,0.0,0.0,0.0,0.0,0.0,0.0,0.0,0.0192,96.37682367260047,0.7855056558329216,0.0
596,0.0,96.6993629538646,0.0,0.0,96.6993629538646,0.0,0.0,0.0,0.0,0.0,0.0,0.0,0.0192,96.6993629538646,0.7855056558329216,0.0
597,0.0,96.61271881751851,0.0,0.0,96.61271881751851,0.0,0.0,0.0,0.0,0.0,0.0,0.0,0.0192,96.61271881751851,0.7855056558329216,0.0
598,0.0,96.89666102254682,0.0,0.0,96.89666102254682,0.0,0.0,0.0,0.0,0.0,0.0,0.0,0.0192,96.89666102254682,0.7855056558329216,0.0
599,0.0,97.39871140119925,0.0,0.0,97.39871140119925,0.0,0.0,0.0,0.0,0.0,0.0,0.0,0.0192,97.39871140119925,0.7855056558329216,0.0
600,0.0,97.47687070688998,0.0,0.0,97.47687070688998,0.0,0.0,0.0,0.0,0.0,0.0,0.0,0.0192,97.47687070688998,0.7855056558329216,0.0
601,0.0,97.62120521769565,0.0,0.0,97.62120521769565,0.0,0.0,0.0,0.0,0.0,0.0,0.0,0.0192,97.62120521769565,0.7855056558329216,0.0
602,0.0,97.54498423758116,0.0,0.0,97.54498423758116,0.0,0.0,0.0,0.0,0.0,0.0,0.0,0.0192,97.54498423758116,0.7855056558329216,0.0
603,0.0,183.96520288233407,0.0,0.0,183.96520288233407,0.0,0.0,0.0,0.0,0.0,0.0,0.0,0.0192,183.96520288233407,0.7855056558329216,0.0
604,0.0,183.57760323560032,0.0,0.0,183.57760323560032,0.0,0.2936545607146667,0.0,0.0,0.0,0.0,0.0,0.0192,183.57760323560032,0.7857738979797283,0.0
605,0.0,98.1429392280223,0.0,0.0,98.1429392280223,0.0,0.6452956328924444,0.0,0.0,0.0,0.0,0.0,0.0192,98.1429392280223,0.7863633507213127,0.0
606,0.0,98.5900465788537,0.0,0.0,98.5900465788537,0.0,2.128069580600889,0.0,0.0,0.0,0.0,0.0,0.0192,98.5900465788537,0.7883072604343616,0.0
607,0.0,98.92891521639078,0.0,0.0,98.92891521639078,0.0,2.1692937263111114,0.0,0.0,0.0,0.0,0.0,0.0192,98.92891521639078,0.7902888268189727,0.0
608,2.530758750785778,0.0,7.010657739642952,0.0,0.0,0.0,0.0,0.0,0.0,0.0,0.0,0.0,0.2583,9.54141649042873,0.7831930193901843,0.0
609,2.7257315072,0.0,7.112558005284138,0.0,0.0,0.0,0.0,0.0,0.0,0.0,0.0,0.0,0.2583,9.838289512484138,0.7759940740407064,0.0
610,3.5043733566168895,0.0,10.44418592769584,0.0,0.0,0.0,0.0,0.0,0.0,0.0,0.0,0.0,0.2583,13.94855928431273,0.7654230356523503,0.0
611,4.806937725200001,0.0,9.428563215898652,0.0,0.0,0.0,0.0,0.0,0.0,0.0,0.0,0.0,0.2583,14.235500941098653,0.7558799554743152,0.0
612,7.438087715043556,0.0,6.866059823386355,0.0,0.0,0.0,0.0,0.0,0.0,0.0,0.0,0.0,0.2583,14.30414753842991,0.7489305022117784,0.0
613,8.878568987392,0.0,5.4675033461690745,0.0,0.0,0.0,0.0,0.0,0.0,0.0,0.0,0.0,0.2583,14.346072333561075,0.7433965919423765,0.0
614,11.306457710403555,0.0,3.098601544757491,0.0,0.0,0.0,0.0,0.0,0.0,0.0,0.0,0.0,0.2583,14.405059255161046,0.740260355561043,0.0
615,14.44893196941683,0.0,0.0,0.0,0.0,0.0,1.19028571839117,0.0,0.0,0.0,0.0,0.0,0.2583,14.44893196941683,0.7413476357845734,0.0
616,28.101771829248,6.917967180691015,65.0,0.0,6.917967180691015,0.0,0.0,0.0,0.0,0.0,0.0,0.0,0.2583,100.01973900993902,0.6755581621003629,0.0
617,9.446054011321465,0.0,0.0,0.0,0.0,0.0,21.70067031312298,0.0,0.0,0.0,0.0,0.0,0.2583,9.446054011321465,0.6953808897902348,0.0
618,9.446053326156843,0.0,0.0,0.0,0.0,0.0,19.059809545043155,0.0,0.0,0.0,0.0,0.0,0.2583,9.446053326156843,0.7127912927400338,0.0
619,9.446052050694496,0.0,0.0,0.0,0.0,0.0,3.09840283041167,0.0,0.0,0.0,0.0,0.0,0.2583,9.446052050694496,0.7156215645562752,0.0
620,9.446051529666045,0.0,0.0,0.0,0.0,0.0,29.928541542381957,0.0,0.0,0.0,0.0,0.0,0.2583,9.446051529666045,0.7429601361574896,0.0
621,9.446051623332874,0.0,0.0,0.0,0.0,0.0,26.846662920270685,0.0,0.0,0.0,0.0,0.0,0.2583,9.446051623332874,0.7674835301711984,0.0
622,9.446050293327882,0.0,0.0,0.0,0.0,0.0,21.555110008275673,0.0,0.0,0.0,0.0,0.0,0.2583,9.446050293327882,0.7871732941210656,0.0
623,9.446050758592957,0.0,0.0,0.0,0.0,0.0,27.905436648095044,0.0,0.0,0.0,0.0,0.0,0.2583,9.446050758592957,0.8126638372130756,0.0
624,9.44604883850294,0.0,0.0,0.0,0.0,0.0,28.55129413975839,0.0,0.0,0.0,0.0,0.0,0.2583,9.44604883850294,0.8387443462830472,0.0
625,9.44604794845475,0.0,0.0,0.0,0.0,0.0,28.268143431264363,0.0,0.0,0.0,0.0,0.0,0.2583,9.44604794845475,0.8645662080712213,0.0
626,9.44604788614346,0.0,0.0,0.0,0.0,0.0,10.460269844064543,0.0,0.0,0.0,0.0,0.0,0.2583,9.44604788614346,0.8741212622557033,0.0
627,9.446047455093169,0.0,0.0,0.0,0.0,0.0,28.330407635861494,0.0,0.0,0.0,0.0,0.0,0.2583,9.446047455093169,0.9,0.0
628,27.515426536901337,0.0,64.10363765444461,0.0,0.0,0.0,0.0,0.0,0.0,0.0,0.0,0.0,0.2583,91.61906419134594,0.8351177756533961,0.0
629,36.67085967863644,0.0,53.97630863472262,0.0,0.0,0.0,0.0,0.0,0.0,0.0,0.0,0.0,0.2583,90.64716831335906,0.7804858843227052,0.0
630,38.410709795328,0.0,52.16723198441284,0.0,0.0,0.0,0.0,0.0,0.0,0.0,0.0,0.0,0.2583,90.57794177974084,0.7276850422332185,0.0
631,41.99610987279644,0.0,48.60866343327483,0.0,0.0,0.0,0.0,0.0,0.0,0.0,0.0,0.0,0.2583,90.60477330607127,0.678485990175248,0.0
632,21.434852030591994,4.575584991455319,65.0,0.0,4.575584991455319,0.0,0.0,0.0,0.0,0.0,0.0,0.0,0.2583,91.01043702204731,0.6126965164910375,0.0
633,36.412933312056886,0.0,53.71309875068139,0.0,0.0,0.0,0.0,0.0,0.0,0.0,0.0,0.0,0.2583,90.12603206273828,0.5583310319255705,0.0
634,17.591565000533333,73.44453685210462,0.0,0.0,73.44453685210462,0.0,0.0,0.0,0.0,0.0,0.0,0.0,0.2583,91.03610185263796,0.5583310319255705,0.0
635,9.146487301951998,81.97754844360843,0.0,0.0,81.97754844360843,0.0,0.0,0.0,0.0,0.0,0.0,0.0,0.2583,91.12403574556042,0.5583310319255705,0.0
636,18.575011681200003,72.59739073371165,0.0,0.0,72.59739073371165,0.0,0.0,0.0,0.0,0.0,0.0,0.0,0.2583,91.17240241491164,0.5583310319255705,0.0
637,11.822061882314669,79.56052871909536,0.0,0.0,79.56052871909536,0.0,0.0,0.0,0.0,0.0,0.0,0.0,0.2583,91.38259060141003,0.5583310319255705,0.0
638,6.801716979800889,84.79235146724668,0.0,0.0,84.79235146724668,0.0,0.0,0.0,0.0,0.0,0.0,0.0,0.2583,91.59406844704756,0.5583310319255705,0.0
639,8.315749996643554,83.95205150993013,0.0,0.0,83.95205150993013,0.0,0.0,0.0,0.0,0.0,0.0,0.0,0.2583,92.26780150657369,0.5583310319255705,0.0
640,7.299724262968203,85.94005472883651,0.0,0.0,85.94005472883651,0.0,0.0,0.0,0.0,0.0,0.0,0.0,0.2583,93.23977899180471,0.5583310319255705,0.0
641,5.903335714547556,87.79600208422522,0.0,0.0,87.79600208422522,0.0,0.0,0.0,0.0,0.0,0.0,0.0,0.2583,93.69933779877277,0.5583310319255705,0.0
642,6.201365713781332,88.50377501354157,0.0,0.0,88.50377501354157,0.0,0.0,0.0,0.0,0.0,0.0,0.0,0.2583,94.7051407273229,0.5583310319255705,0.0
643,5.5162595874186655,89.72960873354651,0.0,0.0,89.72960873354651,0.0,0.0,0.0,0.0,0.0,0.0,0.0,0.2583,95.24586832096517,0.5583310319255705,0.0
644,3.6002517670542216,92.262198221313,0.0,0.0,92.262198221313,0.0,0.0,0.0,0.0,0.0,0.0,0.0,0.2583,95.86244998836722,0.5583310319255705,0.0
645,1.7644938617755908,94.4596388199816,0.0,0.0,94.4596388199816,0.0,0.0,0.0,0.0,0.0,0.0,0.0,0.2583,96.2241326817572,0.5583310319255705,0.0
646,0.5387449969546666,95.9235285308235,0.0,0.0,95.9235285308235,0.0,0.0,0.0,0.0,0.0,0.0,0.0,0.2583,96.46227352777817,0.5583310319255705,0.0
647,0.0,97.23555614571892,0.0,0.0,97.23555614571892,0.0,0.0,0.0,0.0,0.0,0.0,0.0,0.2583,97.23555614571892,0.5583310319255705,0.0
648,0.0,97.50281829733643,0.0,0.0,97.50281829733643,0.0,0.0,0.0,0.0,0.0,0.0,0.0,0.2583,97.50281829733643,0.5583310319255705,0.0
649,0.0,97.7717277205987,0.0,0.0,97.7717277205987,0.0,0.0,0.0,0.0,0.0,0.0,0.0,0.2583,97.7717277205987,0.5583310319255705,0.0
650,0.0,98.10024733739341,0.0,0.0,98.10024733739341,0.0,0.0,0.0,0.0,0.0,0.0,0.0,0.2583,98.10024733739341,0.5583310319255705,0.0
651,0.0,33.31937469596235,65.0,0.0,33.31937469596235,0.0,0.0,0.0,0.0,0.0,0.0,0.0,0.2583,98.31937469596235,0.49254155824136014,0.0
652,0.0,33.244674516357506,65.0,0.0,33.244674516357506,0.0,0.0,0.0,0.0,0.0,0.0,0.0,0.2583,98.2446745163575,0.42675208455714964,0.0
653,0.0,33.191029032560294,65.0,0.0,33.191029032560294,0.0,0.0,0.0,0.0,0.0,0.0,0.0,0.2583,98.1910290325603,0.3609626108729391,0.0
654,0.0,29.145064159251604,65.0,0.0,29.145064159251604,0.0,0.0,0.0,0.0,0.0,0.0,0.0,0.2583,94.1450641592516,0.2951731371887286,0.0
655,0.0,29.033755634976018,65.0,0.0,29.033755634976018,0.0,0.0,0.0,0.0,0.0,0.0,0.0,0.2583,94.03375563497602,0.2293836635045182,0.0
656,0.0,28.909986194826928,65.0,0.0,28.909986194826928,0.0,0.0,0.0,0.0,0.0,0.0,0.0,0.2583,93.90998619482693,0.16359418982030766,0.0
657,0.0,30.79954444897011,62.83105954246389,0.0,30.79954444897011,0.0,0.0,0.0,0.0,0.0,0.0,0.0,0.2583,93.630603991434,0.10000000000000007,0.0
658,0.0,41.9209707313688,0.0,0.0,41.9209707313688,0.0,0.0,0.0,0.0,0.0,0.0,0.0,0.2583,41.9209707313688,0.10000000000000007,0.0
659,0.0,6.984098606999143,0.0,0.0,6.984098606999143,0.0,0.0,0.0,0.0,0.0,0.0,0.0,0.2583,6.984098606999143,0.10000000000000007,0.0
660,0.0,7.017725055167658,0.0,0.0,7.017725055167658,0.0,0.0,0.0,0.0,0.0,0.0,0.0,0.2583,7.017725055167658,0.10000000000000007,0.0
661,0.0,7.065401907887642,0.0,0.0,7.065401907887642,0.0,0.0,0.0,0.0,0.0,0.0,0.0,0.2583,7.065401907887642,0.10000000000000007,0.0
662,0.0,7.168970883524103,0.0,0.0,7.168970883524103,0.0,0.0,0.0,0.0,0.0,0.0,0.0,0.2583,7.168970883524103,0.10000000000000007,0.0
663,0.0,7.2808200642146375,0.0,0.0,7.2808200642146375,0.0,0.0,0.0,0.0,0.0,0.0,0.0,0.2583,7.2808200642146375,0.1,0.0
664,0.0,101.02679705797742,0.0,0.0,101.02679705797742,0.0,0.0,0.0,0.0,0.0,0.0,0.0,0.0192,101.02679705797742,0.10000000000000007,0.0
665,0.0,102.86015099114694,0.0,0.0,102.86015099114694,0.0,0.0,0.0,0.0,0.0,0.0,0.0,0.0192,102.86015099114694,0.10000000000000007,0.0
666,0.0,103.72782254926143,0.0,0.0,103.72782254926143,0.0,0.0,0.0,0.0,0.0,0.0,0.0,0.0192,103.72782254926143,0.10000000000000007,0.0
667,0.0,104.4791363286777,0.0,0.0,104.4791363286777,0.0,0.0,0.0,0.0,0.0,0.0,0.0,0.0192,104.4791363286777,0.10000000000000007,0.0
668,0.0,105.04484286939837,0.0,0.0,105.04484286939837,0.0,0.0,0.0,0.0,0.0,0.0,0.0,0.0192,105.04484286939837,0.10000000000000007,0.0
669,0.0,105.63860605676729,0.0,0.0,105.63860605676729,0.0,0.0,0.0,0.0,0.0,0.0,0.0,0.0192,105.63860605676729,0.10000000000000007,0.0
670,0.0,106.63362036083521,0.0,0.0,106.63362036083521,0.0,0.0,0.0,0.0,0.0,0.0,0.0,0.0192,106.63362036083521,0.10000000000000007,0.0
671,0.0,106.95170887039691,0.0,0.0,106.95170887039691,0.0,0.0,0.0,0.0,0.0,0.0,0.0,0.0192,106.95170887039691,0.1,0.0
